X;Y;Z;CO2;lCO2;T
m;m;m;[mol/m2];[mol/m2];Celsius
R+;R+;A;R+;R;R+
;;;;; 
relative_X;relative_Y;height;flux;Log_flux;temperature
;;arbitrary 0;;; 
0;600;0;5.43;0.73;31.1
0;575;0;3.95;0.60;29.3
0;550;0;5.92;0.77;30.0
0;525;0;2.35;0.37;29.5
0;500;0;7.75;0.89;28.1
0;475;0;7.83;0.89;27.0
0;450;0;3.19;0.50;29.2
0;425;0;21.2;1.33;27.9
0;400;0;1.76;0.25;27.6
0;375;0;2.73;0.44;26.5
0;350;0;21.1;1.32;26.0
0;325;0;2.23;0.35;27.6
0;300;0;4.32;0.64;27.6
0;275;0;6.20;0.79;29.9
0;250;0;8.48;0.93;27.4
0;225;0;22.0;1.34;27.0
0;200;0;6.85;0.84;33.5
0;175;0;3.64;0.56;34.6
0;150;0;7.02;0.85;34.0
0;125;0;9.00;0.95;34.6
0;100;0;12.7;1.10;32.3
25;600;0;4.65;0.67;32.6
25;575;0;3.68;0.57;33.5
25;550;0;10.3;1.01;34.3
25;525;0;6.85;0.84;31.7
25;500;0;4.52;0.65;32.6
25;475;0;15.2;1.18;33.2
25;450;0;9.28;0.97;33.5
25;425;0;11.0;1.04;34.2
25;400;0;3.48;0.54;31.5
25;375;0;25.7;1.41;31.9
25;350;0;17.8;1.25;33.3
25;325;0;8.94;0.95;32.3
25;300;0;64.0;1.81;34.2
25;275;0;68.0;1.83;33.3
25;250;0;17.6;1.25;26.7
25;225;0;12.3;1.09;31.1
25;200;0;7.51;0.88;33.7
25;175;0;20.9;1.32;33.4
25;150;0;16.3;1.21;32.8
25;125;0;16.7;1.22;33.9
25;100;0;18.2;1.26;31.4
50;600;0;9.69;0.99;30.0
50;575;0;2.31;0.36;30.2
50;550;0;10.1;1.01;29.6
50;525;0;2.77;0.44;31.2
50;500;0;2.24;0.35;31.7
50;475;0;3.83;0.58;34.0
50;450;0;14.8;1.17;32.4
50;425;0;1.44;0.16;32.3
50;400;0;166;2.22;31.6
50;375;0;4.97;0.70;32.9
50;350;0;56.2;1.75;33.4
50;325;0;3.79;0.58;30.5
50;300;0;17.6;1.25;27.2
50;275;0;1206;3.08;49.7
50;250;0;7.21;0.86;27.9
50;225;0;13.4;1.13;30.3
50;200;0;9.74;0.99;33.4
50;175;0;3.90;0.59;33.4
50;150;0;24.9;1.40;34.3
50;125;0;15.4;1.19;34.7
50;100;0;15.8;1.20;34.9
75;600;0;6.28;0.80;32.0
75;575;0;1.34;0.13;30.2
75;550;0;4.07;0.61;31.8
75;525;0;5.51;0.74;32.0
75;500;0;7.04;0.85;32.1
75;475;0;9.77;0.99;31.0
75;450;0;5.37;0.73;25.4
75;425;0;66.0;1.82;28.5
75;400;0;16.6;1.22;26.6
75;375;0;35.4;1.55;30.2
75;350;0;71.6;1.85;40.3
75;325;0;24.0;1.38;25.6
75;300;0;2.33;0.37;24.0
75;275;0;11.9;1.08;25.4
75;250;0;6.35;0.80;26.6
75;225;0;5.53;0.74;26.1
75;200;0;5.10;0.71;27.6
75;175;0;3.07;0.49;28.4
75;150;0;6.78;0.83;31.2
75;125;0;6.72;0.83;31.6
75;100;0;4.61;0.66;31.8
100;600;0;17.2;1.24;25.9
100;575;0;3.98;0.60;26.9
100;550;0;4.68;0.67;25.9
100;525;0;7.30;0.86;25.9
100;500;0;4.65;0.67;25.3
100;475;0;2.88;0.46;24.9
100;450;0;2.57;0.41;24.9
100;425;0;1.31;0.12;27.4
100;400;0;24.2;1.38;30.0
100;375;0;11.0;1.04;31.2
100;350;0;1175;3.07;41.2
100;325;0;510;2.71;31.5
100;300;0;104;2.02;40.0
100;275;0;46.8;1.67;28.9
100;225;0;0.345;-0.46;26.3
100;200;0;2.52;0.40;27.5
100;175;0;7.47;0.87;28.5
100;150;0;2.46;0.39;28.4
100;125;0;6.55;0.82;26.8
100;100;0;13.9;1.14;29.8
100;75;0;6.55;0.82;31.1
125;600;0;6.86;0.84;25.7
125;575;0;6.27;0.80;24.5
125;550;0;4.44;0.65;24.2
125;525;0;2.36;0.37;24.8
125;500;0;1.46;0.16;23.9
125;475;0;2.78;0.44;27.1
125;425;0;63.6;1.80;35.2
125;400;0;152;2.18;54.1
125;375;0;166;2.22;56.1
125;350;0;59.8;1.78;66.7
125;325;0;315;2.50;55.8
125;300;0;636;2.80;74.9
125;275;0;191;2.28;53.0
125;225;0;0.530;-0.28;26.0
125;200;0;18.6;1.27;30.4
125;175;0;40.8;1.61;32.8
125;150;0;3.83;0.58;29.4
125;125;0;2.20;0.34;29.2
125;100;0;9.62;0.98;29.5
125;75;0;12.9;1.11;34.6
150;600;0;11.3;1.05;28.3
150;575;0;3.71;0.57;26.4
150;550;0;0.265;-0.58;27.5
150;500;0;0.795;-0.10;27.4
150;475;0;0.398;-0.40;25.1
150;425;0;9.54;0.98;63.0
150;400;0;855;2.93;65.6
150;375;0;109;2.04;53.4
150;350;0;102;2.01;52.4
150;325;0;68.6;1.84;41.7
150;300;0;727;2.86;69.2
150;275;0;433;2.64;53.1
150;250;0;241;2.38;66.6
150;200;0;11.4;1.06;30.4
150;175;0;51.9;1.72;33.6
150;150;0;20.0;1.30;31.1
150;125;0;4.68;0.67;30.0
150;100;0;27.7;1.44;33.9
150;75;0;7.66;0.88;35.6
175;600;0;5.30;0.72;27.4
175;575;0;6.49;0.81;27.7
175;550;0;0.663;-0.18;28.6
175;525;0;1.72;0.24;27.8
175;475;0;0.265;-0.58;27.0
175;450;0;3.58;0.55;33.1
175;425;0;56.2;1.75;39.1
175;400;0;51.7;1.71;35.2
175;375;0;52.5;1.72;34.5
175;350;0;47.3;1.67;45.0
175;325;0;245;2.39;43.7
175;300;0;89.3;1.95;51.6
175;275;0;75.3;1.88;63.8
175;250;0;123;2.09;58.9
175;225;0;32.2;1.51;28.5
175;200;0;13.8;1.14;29.9
175;175;0;83.5;1.92;32.1
175;150;0;23.3;1.37;29.4
175;125;0;13.3;1.12;29.1
175;100;0;17.1;1.23;28.6
175;75;0;2.08;0.32;32.4
200;600;0;2.39;0.38;26.7
200;575;0;2.78;0.44;27.5
200;550;0;2.78;0.44;27.2
200;525;0;1.29;0.11;26.7
200;500;0;0.663;-0.18;27.9
200;475;0;84.1;1.92;40.3
200;450;0;69.3;1.84;42.1
200;425;0;46.0;1.66;33.1
200;400;0;12.3;1.09;26.4
200;375;0;66.9;1.83;38.4
200;350;0;187;2.27;65.4
200;325;0;44.1;1.64;45.2
200;300;0;95.9;1.98;46.8
200;275;0;151;2.18;66.4
200;250;0;1550;3.19;54.8
200;225;0;89.8;1.95;42.4
200;175;0;14.8;1.17;27.6
200;150;0;19.7;1.30;28.6
200;125;0;11.0;1.04;28.2
200;100;0;18.1;1.26;29.6
200;75;0;2.35;0.37;33.6
225;600;0;2.52;0.40;26.8
225;575;0;0.928;-0.03;27.8
225;550;0;1.05;0.02;28.8
225;525;0;2.78;0.44;27.5
225;500;0;0.663;-0.18;28.2
225;475;0;957;2.98;59.2
225;450;0;70.6;1.85;38.2
225;425;0;94.5;1.98;28.0
225;400;0;48.4;1.68;25.5
225;375;0;44.7;1.65;26.2
225;350;0;11.1;1.05;35.2
225;325;0;159;2.20;53.8
225;300;0;211;2.32;69.5
225;275;0;466;2.67;77.7
225;250;0;102;2.01;40.5
225;225;0;47.6;1.68;27.5
225;175;0;7.10;0.85;27.8
225;150;0;1.86;0.27;28.0
225;125;0;3.13;0.50;29.3
225;100;0;18.3;1.26;29.7
225;75;0;7.35;0.87;37.5
250;600;0;3.45;0.54;28.6
250;575;0;2.65;0.42;28.8
250;550;0;1.46;0.16;27.6
250;525;0;2.25;0.35;27.8
250;500;0;3.18;0.50;27.0
250;475;0;140;2.15;67.4
250;450;0;98.4;1.99;42.3
250;425;0;147;2.17;30.2
250;400;0;82.5;1.92;26.6
250;375;0;42.7;1.63;37.9
250;350;0;41.6;1.62;37.2
250;325;0;686;2.84;99.8
250;300;0;334;2.52;83.7
250;275;0;69.2;1.84;45.6
250;250;0;1.33;0.12;29.8
250;175;0;1.34;0.13;27.5
250;150;0;1.89;0.28;29.4
250;125;0;6.25;0.80;27.4
250;100;0;13.6;1.14;28.8
250;75;0;17.9;1.25;39.6
275;600;0;2.25;0.35;31.9
275;575;0;0.928;-0.03;27.6
275;550;0;3.18;0.50;28.1
275;525;0;0.265;-0.58;28.0
275;500;0;0.265;-0.58;27.1
275;450;0;276;2.44;61.1
275;425;0;80.7;1.91;43.2
275;400;0;95.4;1.98;43.3
275;375;0;70.8;1.85;45.3
275;350;0;207;2.32;97.3
275;325;0;6175;3.79;88.8
275;300;0;1550;3.19;68.5
275;275;0;242;2.38;40
275;200;0;2.41;0.38;28.9
275;175;0;0.787;-0.10;28.5
275;150;0;0.265;-0.58;28.3
275;125;0;2.17;0.34;26.8
275;100;0;36.0;1.56;30.2
275;75;0;30.6;1.49;35.3
300;600;0;2.92;0.46;31.2
300;575;0;6.36;0.80;29.8
300;550;0;3.71;0.57;30.1
300;525;0;2.12;0.33;30.0
300;500;0;4.24;0.63;28.5
300;450;0;84.1;1.92;45.2
300;425;0;164;2.22;47.6
300;400;0;148;2.17;51.6
300;375;0;121;2.08;70.6
300;350;0;92.6;1.97;48.8
300;325;0;8.08;0.91;32.1
300;300;0;110;2.04;38.2
300;200;0;4.33;0.64;29.6
300;175;0;2.69;0.43;29.6
300;150;0;2.25;0.35;28.4
300;125;0;22.4;1.35;26.5
300;100;0;20.7;1.32;28.1
300;75;0;82.7;1.92;40.5
325;600;0;23.1;1.36;32.0
325;575;0;2.39;0.38;29.3
325;550;0;1.21;0.08;31.3
325;525;0;0.530;-0.28;31.8
325;500;0;3.98;0.60;29.1
325;475;0;4.24;0.63;28.2
325;400;0;663;2.82;49.2
325;375;0;5.04;0.70;32.9
325;275;0;1.02;0.01;28.9
325;250;0;1.64;0.22;30.0
325;225;0;0.822;-0.09;29.8
325;200;0;13.3;1.12;28.7
325;175;0;1.35;0.13;31.0
325;150;0;3.55;0.55;29.9
325;125;0;31.8;1.50;27.6
325;100;0;23.7;1.38;27.1
325;75;0;4.92;0.69;39.8
350;600;0;12.3;1.09;30.7
350;575;0;5.04;0.70;37.4
350;550;0;16.0;1.21;35.3
350;525;0;58.0;1.76;36.4
350;500;0;9.14;0.96;34.4
350;475;0;3.71;0.57;32.7
350;450;0;1.17;0.07;32.7
350;425;0;0.464;-0.33;31.6
350;350;0;1.99;0.30;31.2
350;325;0;1.14;0.06;32.7
350;300;0;1.59;0.20;33.2
350;275;0;1.86;0.27;31.6
350;250;0;6.49;0.81;34.5
350;225;0;1.11;0.05;30.5
350;200;0;4.24;0.63;29.7
350;175;0;3.71;0.57;19.1
350;150;0;26.5;1.42;29.6
350;125;0;4.77;0.68;33.8
350;100;0;62.7;1.80;34.4
375;600;0;11.7;1.07;32.2
375;575;0;8.75;0.94;35.1
375;550;0;13.4;1.13;34.8
375;525;0;51.1;1.71;40.6
375;500;0;32.7;1.51;37.3
375;475;0;14.8;1.17;35.7
375;450;0;0.888;-0.05;32.6
375;425;0;0.596;-0.22;33.2
375;400;0;1.59;0.20;32.5
375;375;0;0.795;-0.10;34.2
375;350;0;2.39;0.38;33.2
375;325;0;0.663;-0.18;32.7
375;300;0;0.265;-0.58;32.3
375;275;0;0.663;-0.18;32.2
375;250;0;3.58;0.55;31.1
375;225;0;6.10;0.78;27.9
375;200;0;1.33;0.12;30.7
375;175;0;3.58;0.55;31.4
375;150;0;12.6;1.10;33.8
375;125;0;7.16;0.85;33.3
375;100;0;318;2.50;33.0
400;600;0;4.24;0.63;32.2
400;575;0;2.52;0.40;34.9
400;550;0;5.04;0.70;31.5
400;525;0;24.6;1.39;30.2
400;500;0;9.01;0.95;32.9
400;475;0;0.530;-0.28;30.7
400;450;0;1.72;0.24;29.4
400;425;0;2.78;0.44;29.8
400;400;0;1.03;0.01;30.8
400;375;0;0.954;-0.02;29.8
400;350;0;1.14;0.06;30.3
400;325;0;1.13;0.05;30.0
400;300;0;2.65;0.42;29.7
400;275;0;0.398;-0.40;30.1
400;250;0;15.0;1.18;29.8
400;225;0;0.265;-0.58;27.9
400;200;0;0.530;-0.28;28.9
400;175;0;0.265;-0.58;28.6
400;150;0;0.795;-0.10;30.7
400;125;0;0.265;-0.58;29.2
400;100;0;4.37;0.64;28.2
425;600;0;6.03;0.78;36.2
425;575;0;38.4;1.58;34.7
425;550;0;27.4;1.44;35.3
425;525;0;76.2;1.88;37.4
425;500;0;13.4;1.13;35.4
425;475;0;2.86;0.46;33.4
425;450;0;1.86;0.27;34.6
425;425;0;3.69;0.57;29.1
425;400;0;0.941;-0.03;27.9
425;375;0;104;2.02;30.1
425;350;0;3.64;0.56;29.4
425;325;0;2.88;0.46;27.9
425;300;0;1.46;0.16;28.2
425;275;0;152;2.18;28.8
425;250;0;160;2.21;32.0
425;225;0;82.2;1.91;31.8
425;200;0;11.1;1.05;26.7
425;175;0;5.80;0.76;30.1
425;150;0;14.8;1.17;27.9
425;125;0;6.32;0.80;27.3
450;600;0;6.59;0.82;41.7
450;575;0;15.6;1.19;35.5
450;550;0;15.1;1.18;35.4
450;525;0;5.06;0.70;36.6
450;500;0;43.9;1.64;37.7
450;475;0;4.84;0.68;31.9
450;450;0;24.1;1.38;34.3
450;425;0;5.67;0.75;30.0
450;400;0;6.74;0.83;27.2
450;375;0;66.3;1.82;29.9
450;350;0;11.8;1.07;30.5
450;325;0;0.769;-0.11;31.4
450;300;0;7.42;0.87;33.8
450;275;0;90.0;1.95;38.0
450;250;0;26.5;1.42;30.7
450;225;0;32.6;1.51;32.0
450;200;0;54.1;1.73;29.7
450;175;0;83.2;1.92;29.2
450;150;0;10.4;1.02;28.7
450;125;0;1.58;0.20;27.3
475;600;0;32.2;1.51;34.7
475;575;0;18.8;1.27;33.9
475;550;0;11.5;1.06;36.4
475;525;0;53.1;1.73;37.3
475;500;0;15.9;1.20;38.2
475;475;0;14.4;1.16;35.6
475;450;0;6.63;0.82;30.5
475;425;0;5.12;0.71;29.3
475;400;0;70.1;1.85;27.3
475;375;0;11.3;1.05;33.8
475;350;0;5.80;0.76;30.3
475;325;0;9.00;0.95;31.7
475;300;0;45.93;1.66;30.5
475;275;0;1.52;0.18;28.0
475;250;0;5.06;0.70;27.0
475;225;0;1.52;0.18;29.9
475;200;0;1.97;0.30;25.9
475;175;0;29.8;1.47;22.8
475;150;0;26.6;1.43;23.9
475;125;0;1.07;0.03;24.4
500;600;0;11.3;1.05;36.5
500;575;0;6.24;0.80;32.2
500;550;0;12.6;1.10;36.2
500;525;0;166;2.22;36.2
500;500;0;5.25;0.72;32.6
500;475;0;8.47;0.93;33.9
500;450;0;5.66;0.75;30.6
500;425;0;0.265;-0.58;29.5
500;400;0;3.46;0.54;27.1
500;375;0;19.2;1.28;31.3
500;350;0;33.7;1.53;30.2
500;325;0;28.2;1.45;36.5
500;300;0;16.3;1.21;30.5
500;275;0;3.01;0.48;27.5
500;250;0;2.31;0.36;29.6
500;225;0;11.3;1.05;27.8
500;200;0;6.68;0.82;28.8
500;175;0;12.4;1.09;27.8
500;150;0;22.1;1.34;24.2
500;125;0;3.64;0.56;25.8
500;100;0;1.88;0.27;25.2
525;600;0;13.8;1.14;33.3
525;575;0;25.4;1.41;33.6
525;550;0;23.3;1.37;37.7
525;525;0;87.7;1.94;49.0
525;500;0;140;2.15;43.3
525;475;0;432;2.64;45.8
525;450;0;166;2.22;48.3
525;425;0;163.96;2.21;40.3
525;400;0;179;2.25;43.9
525;375;0;115;2.06;27.7
525;350;0;87.8;1.94;29.5
525;325;0;2.50;0.40;32.0
525;300;0;23.7;1.38;30.6
525;275;0;27.0;1.43;24.4
525;250;0;2.36;0.37;24.5
525;225;0;17.9;1.25;26.2
525;200;0;12.8;1.11;26.2
525;175;0;26.1;1.42;28.2
525;150;0;20.7;1.32;28.0
525;125;0;30.3;1.48;26.2
525;100;0;0.991;0.00;23.2
550;600;0;18.7;1.27;32.7
550;575;0;103;2.01;31.9
550;550;0;121;2.08;31.2
550;525;0;20.5;1.31;33.9
550;500;0;42.0;1.62;34.9
550;475;0;31.8;1.50;36.0
550;450;0;93.3;1.97;37.0
550;425;0;333;2.52;36.7
550;400;0;81.58;1.91;33.2
550;375;0;392.12;2.59;49.1
550;350;0;63.71;1.80;33.9
550;325;0;17.38;1.24;35.7
550;300;0;36.74;1.57;28.0
550;275;0;5.81;0.76;27.9
550;250;0;3.98;0.60;29.6
550;225;0;16.89;1.23;30.4
550;200;0;63.90;1.81;41.0
550;175;0;6.45;0.81;33.8
550;150;0;47.31;1.67;33.3
550;125;0;199.52;2.30;34.0
550;100;0;198.53;2.30;26.0
575;600;0;5.70;0.76;32.0
575;575;0;14.6;1.16;34.4
575;550;0;42.4;1.63;32.9
575;525;0;23.2;1.37;31.3
575;500;0;24.2;1.38;30.1
575;475;0;36.0;1.56;31.8
575;450;0;59.1;1.77;34.9
575;425;0;75.46;1.88;32.3
575;400;0;50.7;1.71;31.3
575;375;0;115.56;2.06;34.2
575;350;0;148.16;2.17;34.0
575;325;0;103.71;2.02;30.4
575;300;0;2.54;0.40;28.7
575;275;0;27.7;1.44;26.8
575;250;0;4.57;0.66;30.8
575;225;0;9.73;0.99;32.5
575;200;0;43.9;1.64;33.5
575;175;0;18.0;1.26;32.3
575;150;0;23.7;1.38;32.8
575;125;0;39.1;1.59;27.7
575;100;0;16.8;1.23;28.4
600;600;0;29.8;1.47;31.0
600;575;0;6.98;0.84;31.8
600;550;0;15.4;1.19;32.0
600;525;0;59.5;1.77;34.8
600;500;0;58.6;1.77;29.0
600;475;0;40.4;1.61;28.0
600;450;0;57.4;1.76;31.7
600;425;0;66.37;1.82;33.2
600;400;0;111;2.04;29.3
600;375;0;88.8;1.95;32.8
600;350;0;253;2.40;32.9
600;325;0;337;2.53;38.7
600;300;0;951;2.98;56.0
600;275;0;1219;3.09;47.5
600;250;0;28.54;1.46;30.5
600;225;0;66.67;1.82;36.5
600;200;0;34.96;1.54;36.1
600;175;0;16.30;1.21;41.2
600;150;0;11.95;1.08;33.4
600;125;0;80.40;1.91;33.4
600;100;0;23.7;1.38;27.1
625;600;0;24.6;1.39;32.4
625;575;0;29.7;1.47;33.3
625;550;0;15.6;1.19;32.0
625;525;0;21.9;1.34;32.3
625;500;0;143;2.16;44.0
625;475;0;56.6;1.75;35.0
625;450;0;64.5;1.81;31.0
625;425;0;107.66;2.03;32.4
625;400;0;90.2;1.96;29.2
625;375;0;230.13;2.36;33.8
625;350;0;87.21;1.94;32.7
625;325;0;118.52;2.07;32.9
625;300;0;244.95;2.39;70.6
625;275;0;771;2.89;50.0
625;250;0;9.28;0.97;32.7
625;225;0;6.31;0.80;32.5
625;200;0;13.4;1.13;26.6
625;175;0;6.68;0.82;27.5
625;150;0;15.9;1.20;29.0
625;125;0;8.20;0.91;31.3
625;100;0;3.25;0.51;31.5
650;600;0;2.54;0.41;30.5
650;575;0;2.05;0.31;29.2
650;550;0;0.530;-0.28;29.4
650;525;0;10.3;1.01;29.4
650;500;0;9.28;0.97;32.2
650;475;0;896;2.95;73.9
650;450;0;74.5;1.87;30.9
650;425;0;57.78;1.76;30.5
650;400;0;96.6;1.98;28.8
650;375;0;71.7;1.86;33.2
650;350;0;140;2.15;32.3
650;325;0;701;2.85;37.5
650;300;0;1305;3.12;52.5
650;275;0;497;2.70;69.6
675;600;0;18.8;1.27;34.0
675;575;0;57.1;1.76;32.1
675;550;0;19.2;1.28;32.0
675;525;0;103;2.01;30.6
675;500;0;80.3;1.90;33.7
675;475;0;2136;3.33;46.3
675;450;0;196;2.29;32.4
675;425;0;123.46;2.09;31.0
675;400;0;105;2.02;30.3
675;375;0;132.35;2.12;32.5
675;350;0;513.60;2.71;44.0
675;325;0;254.83;2.41;57.1
700;600;0;12.2;1.09;30.2
700;575;0;14.2;1.15;33.7
700;550;0;81.0;1.91;33.8
700;525;0;62.7;1.80;33.1
700;500;0;48.6;1.69;32.2
700;475;0;27.3;1.44;31.6
700;450;0;236;2.37;35.8
700;425;0;193.59;2.29;29.8
700;400;0;107;2.03;27.4
700;375;0;46.6;1.67;32.7
700;350;0;305;2.48;32.0
700;325;0;538;2.73;43.8
