Timestamp;Temp. Ambiente
2023-04-07 10:44:08;9.9
2023-04-07 11:04:08;9.58
2023-04-07 11:24:07;9.39
2023-04-07 11:44:07;9.33
2023-04-07 12:04:07;9.33
2023-04-07 12:24:07;9.33
2023-04-07 12:44:06;9.29
2023-04-07 13:04:06;9.38
2023-04-07 13:24:06;9.39
2023-04-07 13:44:06;9.41
2023-04-07 14:04:06;9.45
2023-04-07 14:24:05;9.45
2023-04-07 14:44:05;9.52
2023-04-07 15:04:05;9.57
2023-04-07 15:24:05;9.58
2023-04-07 15:44:05;9.54
2023-04-07 16:04:04;9.59
2023-04-07 16:24:04;9.62
2023-04-07 16:44:04;9.56
2023-04-07 17:04:04;9.61
2023-04-07 17:24:03;9.65
2023-04-07 17:44:03;9.58
2023-04-07 18:04:03;9.61
2023-04-07 18:24:03;9.63
2023-04-07 18:44:03;9.6
2023-04-07 19:04:02;9.61
2023-04-07 19:24:02;9.55
2023-04-07 19:44:02;9.62
2023-04-07 20:04:02;9.57
2023-04-07 20:24:01;9.58
2023-04-07 20:44:01;9.57
2023-04-07 21:04:01;9.53
2023-04-07 21:24:01;9.52
2023-04-07 21:44:00;9.51
2023-04-07 22:04:00;9.5
2023-04-07 22:24:00;9.42
2023-04-07 22:44:00;9.43
2023-04-07 23:04:00;9.42
2023-04-07 23:23:59;9.42
2023-04-07 23:43:59;9.43
2023-04-08 00:03:59;9.4
2023-04-08 00:23:59;9.42
2023-04-08 00:43:59;9.39
2023-04-08 01:03:58;9.4
2023-04-08 01:23:58;9.37
2023-04-08 01:43:58;9.35
2023-04-08 02:03:58;9.31
2023-04-08 02:23:57;9.29
2023-04-08 02:43:57;9.24
2023-04-08 03:03:57;9.2
2023-04-08 03:23:57;9.21
2023-04-08 03:43:57;9.21
2023-04-08 04:03:56;9.24
2023-04-08 04:23:56;9.25
2023-04-08 05:03:56;9.28
2023-04-08 05:23:55;9.23
2023-04-08 05:43:55;9.23
2023-04-08 06:03:55;9.16
2023-04-08 06:23:55;9.16
2023-04-08 06:43:55;9.17
2023-04-08 07:03:54;9.14
2023-04-08 07:23:54;9.15
2023-04-08 07:43:54;9.19
2023-04-08 08:03:54;9.22
2023-04-08 08:23:53;9.25
2023-04-08 08:43:53;9.34
2023-04-08 09:03:53;9.4
2023-04-08 09:23:53;9.43
2023-04-08 09:43:53;9.46
2023-04-08 10:03:52;9.51
2023-04-08 10:23:52;9.77
2023-04-08 10:43:52;9.85
2023-04-08 11:03:52;9.82
2023-04-08 11:23:51;9.73
2023-04-08 11:43:51;9.7
2023-04-08 12:03:51;9.7
2023-04-08 12:23:51;9.73
2023-04-08 12:43:51;9.81
2023-04-08 13:03:50;9.87
2023-04-08 13:23:50;9.88
2023-04-08 14:03:50;9.97
2023-04-08 14:23:51;9.97
2023-04-08 14:43:49;10.02
2023-04-08 15:03:49;9.85
2023-04-08 15:23:49;9.88
2023-04-08 15:43:49;9.77
2023-04-08 16:03:48;9.6
2023-04-08 16:23:48;9.58
2023-04-08 16:43:48;9.51
2023-04-08 17:03:48;9.54
2023-04-08 17:23:47;9.57
2023-04-08 17:43:47;9.58
2023-04-08 18:23:47;9.61
2023-04-08 18:43:47;9.6
2023-04-08 19:03:46;9.55
2023-04-08 20:03:46;9.58
2023-04-08 20:23:45;9.54
2023-04-08 20:43:45;9.52
2023-04-08 21:23:45;9.45
2023-04-08 21:43:45;9.38
2023-04-08 22:23:44;9.29
2023-04-08 22:43:44;9.26
2023-04-08 23:03:44;9.23
2023-04-08 23:23:43;9.22
2023-04-08 23:43:43;9.21
2023-04-09 00:03:43;9.24
2023-04-09 00:23:43;9.26
2023-04-09 00:43:43;9.26
2023-04-09 01:23:42;9.25
2023-04-09 01:43:42;9.28
2023-04-09 02:23:42;9.3
2023-04-09 02:43:41;9.34
2023-04-09 03:03:41;9.36
2023-04-09 03:23:41;9.36
2023-04-09 03:43:41;9.37
2023-04-09 04:03:40;9.4
2023-04-09 04:23:40;9.35
2023-04-09 05:03:40;9.41
2023-04-09 05:43:39;9.39
2023-04-09 06:03:39;9.41
2023-04-09 06:23:39;9.43
2023-04-09 06:43:39;9.43
2023-04-09 07:03:38;9.45
2023-04-09 07:23:38;9.43
2023-04-09 07:43:38;9.41
2023-04-09 08:03:38;9.42
2023-04-09 08:23:37;9.43
2023-04-09 08:43:37;9.43
2023-04-09 09:23:37;9.43
2023-04-09 09:43:37;9.45
2023-04-09 10:03:36;9.47
2023-04-09 10:23:36;9.5
2023-04-09 10:43:36;9.47
2023-04-09 11:03:36;9.47
2023-04-09 11:23:36;9.47
2023-04-09 11:43:35;9.58
2023-04-09 12:03:35;9.77
2023-04-09 12:23:35;9.85
2023-04-09 12:43:35;9.68
2023-04-09 13:03:34;9.64
2023-04-09 13:23:34;9.62
2023-04-09 13:43:34;9.62
2023-04-09 14:03:34;9.6
2023-04-09 14:23:34;9.63
2023-04-09 14:43:33;9.61
2023-04-09 15:03:33;9.61
2023-04-09 15:23:33;9.57
2023-04-09 15:43:33;9.64
2023-04-09 16:03:32;9.59
2023-04-09 16:23:32;9.66
2023-04-09 16:43:32;9.64
2023-04-09 17:03:32;9.64
2023-04-09 17:23:32;9.7
2023-04-09 17:43:31;9.7
2023-04-09 18:03:31;9.68
2023-04-09 18:23:31;9.7
2023-04-09 18:43:31;9.66
2023-04-09 19:23:30;9.62
2023-04-09 20:03:30;9.7
2023-04-09 20:23:30;9.67
2023-04-09 20:43:29;9.7
2023-04-09 21:23:29;9.69
2023-04-09 21:43:29;9.7
2023-04-09 22:03:29;9.58
2023-04-09 22:23:28;9.55
2023-04-09 22:43:28;9.65
2023-04-09 23:03:28;9.58
2023-04-09 23:23:28;9.56
2023-04-09 23:43:27;9.58
2023-04-10 00:03:27;9.66
2023-04-10 00:23:27;9.61
2023-04-10 00:43:27;9.69
2023-04-10 01:03:27;9.63
2023-04-10 01:23:26;9.69
2023-04-10 01:43:26;9.63
2023-04-10 02:03:26;9.57
2023-04-10 02:23:26;9.64
2023-04-10 02:43:25;9.61
2023-04-10 03:03:25;9.61
2023-04-10 03:23:25;9.61
2023-04-10 04:03:25;9.56
2023-04-10 04:23:24;9.49
2023-04-10 05:03:25;9.47
2023-04-10 05:23:24;9.47
2023-04-10 05:43:23;9.49
2023-04-10 06:03:23;9.45
2023-04-10 06:23:23;9.45
2023-04-10 07:03:22;9.44
2023-04-10 07:23:22;9.45
2023-04-10 07:43:22;9.43
2023-04-10 08:03:23;9.49
2023-04-10 08:23:22;9.48
2023-04-10 08:43:21;9.45
2023-04-10 09:03:21;9.49
2023-04-10 10:23:20;9.85
2023-04-10 10:43:20;10.54
2023-04-10 11:03:20;10.06
2023-04-10 11:23:20;9.85
2023-04-10 11:43:19;9.98
2023-04-10 12:03:19;10.17
2023-04-10 12:23:19;9.97
2023-04-10 12:43:19;9.88
2023-04-10 13:03:19;9.65
2023-04-10 13:23:18;9.61
2023-04-10 13:43:18;9.61
2023-04-10 14:03:18;9.53
2023-04-10 14:23:18;9.52
2023-04-10 14:43:17;9.51
2023-04-10 15:03:17;9.58
2023-04-10 15:23:17;9.54
2023-04-10 15:43:17;9.56
2023-04-10 16:03:17;9.62
2023-04-10 16:23:16;9.63
2023-04-10 16:43:16;9.63
2023-04-10 17:03:16;9.6
2023-04-10 17:23:16;9.64
2023-04-10 17:43:15;9.61
2023-04-10 18:03:15;9.61
2023-04-10 18:23:15;9.62
2023-04-10 18:43:15;9.66
2023-04-10 19:03:15;9.65
2023-04-10 19:23:14;9.62
2023-04-10 19:43:14;9.56
2023-04-10 20:03:14;9.58
2023-04-10 20:23:14;9.62
2023-04-10 20:43:13;9.62
2023-04-10 21:03:13;9.66
2023-04-10 21:23:13;9.62
2023-04-10 21:43:13;9.6
2023-04-10 22:03:13;9.54
2023-04-10 22:23:12;9.52
2023-04-10 22:43:12;9.53
2023-04-10 23:03:12;9.54
2023-04-10 23:23:12;9.5
2023-04-10 23:43:11;9.51
2023-04-11 00:03:11;9.53
2023-04-11 00:23:11;9.5
2023-04-11 00:43:11;9.49
2023-04-11 01:03:11;9.5
2023-04-11 01:23:10;9.48
2023-04-11 01:43:10;9.44
2023-04-11 02:03:10;9.46
2023-04-11 02:23:10;9.38
2023-04-11 02:43:10;9.41
2023-04-11 03:03:10;9.45
2023-04-11 03:23:09;9.45
2023-04-11 03:43:09;9.45
2023-04-11 04:03:10;9.49
2023-04-11 04:23:08;9.47
2023-04-11 04:43:08;9.52
2023-04-11 05:03:08;9.57
2023-04-11 05:23:08;9.52
2023-04-11 05:43:08;9.49
2023-04-11 06:03:07;9.53
2023-04-11 06:23:07;9.54
2023-04-11 06:43:07;9.55
2023-04-11 07:03:07;9.52
2023-04-11 07:23:06;9.46
2023-04-11 07:43:06;9.52
2023-04-11 08:03:06;9.51
2023-04-11 08:23:06;9.54
2023-04-11 08:43:06;9.54
2023-04-11 09:03:05;9.56
2023-04-11 09:23:05;9.63
2023-04-11 09:43:05;9.61
2023-04-11 10:03:05;9.64
2023-04-11 10:23:05;9.68
2023-04-11 10:43:04;9.76
2023-04-11 11:03:04;9.78
2023-04-11 11:23:04;9.76
2023-04-11 11:43:04;9.85
2023-04-11 12:03:03;9.8
2023-04-11 12:23:03;9.92
2023-04-11 12:43:03;10.01
2023-04-11 13:03:03;10.04
2023-04-11 13:23:02;10.08
2023-04-11 13:43:02;10.13
2023-04-11 14:03:02;10.19
2023-04-11 14:23:02;10.27
2023-04-11 14:43:02;10.29
2023-04-11 15:03:01;10.32
2023-04-11 15:23:01;10.39
2023-04-11 15:43:01;10.41
2023-04-11 16:03:01;10.36
2023-04-11 16:23:01;10.49
2023-04-11 16:43:00;10.44
2023-04-11 17:03:00;10.44
2023-04-11 17:23:00;10.35
2023-04-11 17:43:00;10.35
2023-04-11 18:02:59;10.37
2023-04-11 18:22:59;10.32
2023-04-11 18:42:59;10.28
2023-04-11 19:02:59;10.29
2023-04-11 19:22:58;10.25
2023-04-11 19:42:58;10.25
2023-04-11 20:02:58;10.2
2023-04-11 20:22:58;10.19
2023-04-11 20:42:58;10.13
2023-04-11 21:02:57;10.13
2023-04-11 21:22:57;10.12
2023-04-11 21:42:57;10.09
2023-04-11 22:02:57;10.03
2023-04-11 22:22:56;9.97
2023-04-11 22:42:56;10
2023-04-11 23:02:56;10.01
2023-04-11 23:22:56;9.99
2023-04-11 23:42:56;9.99
2023-04-12 00:02:55;9.93
2023-04-12 00:22:55;9.86
2023-04-12 00:42:56;9.88
2023-04-12 01:02:55;9.88
2023-04-12 01:22:54;9.89
2023-04-12 01:42:54;9.89
2023-04-12 02:02:54;9.9
2023-04-12 02:22:54;9.91
2023-04-12 02:42:54;9.9
2023-04-12 03:02:54;9.88
2023-04-12 03:22:53;9.95
2023-04-12 03:42:53;9.87
2023-04-12 04:02:53;9.93
2023-04-12 04:22:53;9.91
2023-04-12 04:42:52;9.97
2023-04-12 05:02:52;9.95
2023-04-12 05:22:52;9.92
2023-04-12 05:42:52;9.86
2023-04-12 06:02:51;9.9
2023-04-12 06:22:51;9.92
2023-04-12 06:42:51;9.92
2023-04-12 07:02:51;10
2023-04-12 07:22:51;9.98
2023-04-12 07:42:50;9.94
2023-04-12 08:02:51;10.01
2023-04-12 08:22:50;10.11
2023-04-12 08:42:50;10.16
2023-04-12 09:02:49;10.12
2023-04-12 13:42:46;10.73
2023-04-12 14:02:46;10.7
2023-04-12 14:42:46;10.8
2023-04-12 15:02:45;10.86
2023-04-12 15:22:45;10.87
2023-04-12 15:42:45;10.99
2023-04-12 16:22:45;11
2023-04-12 16:42:44;10.99
2023-04-12 17:02:44;10.99
2023-04-12 17:22:44;10.95
2023-04-12 17:42:44;10.98
2023-04-12 18:02:43;10.97
2023-04-12 18:42:43;11.05
2023-04-12 19:02:43;11.84
2023-04-12 19:22:43;11.91
2023-04-12 19:42:42;11.31
2023-04-12 20:02:42;10.99
2023-04-12 20:22:42;10.84
2023-04-12 20:42:42;10.79
2023-04-12 21:02:41;10.72
2023-04-12 21:22:43;10.72
2023-04-12 21:42:41;10.68
2023-04-12 22:02:41;10.65
2023-04-12 22:22:43;10.62
2023-04-12 22:42:40;10.56
2023-04-12 23:02:40;10.61
2023-04-12 23:22:40;10.59
2023-04-12 23:42:40;10.57
2023-04-13 00:02:39;10.56
2023-04-13 00:22:39;10.47
2023-04-13 00:42:39;10.47
2023-04-13 01:02:39;10.45
2023-04-13 01:22:39;10.43
2023-04-13 01:42:38;10.39
2023-04-13 02:02:38;10.42
2023-04-13 02:22:38;10.42
2023-04-13 02:42:38;10.41
2023-04-13 03:02:38;10.35
2023-04-13 03:22:37;10.34
2023-04-13 03:42:37;10.35
2023-04-13 04:02:37;10.31
2023-04-13 04:22:37;10.28
2023-04-13 04:42:36;10.27
2023-04-13 05:02:36;10.35
2023-04-13 05:22:36;10.35
2023-04-13 05:42:36;10.31
2023-04-13 06:02:36;10.35
2023-04-13 06:22:35;10.29
2023-04-13 06:42:35;10.29
2023-04-13 07:02:35;10.32
2023-04-13 07:22:35;10.27
2023-04-13 07:42:34;10.32
2023-04-13 08:02:34;10.38
2023-04-13 08:22:34;10.43
2023-04-13 08:42:34;10.49
2023-04-13 09:02:34;10.5
2023-04-13 09:22:33;10.62
2023-04-13 09:42:33;10.63
2023-04-13 10:02:33;10.76
2023-04-13 10:22:33;10.78
2023-04-13 10:42:32;10.84
2023-04-13 11:02:32;10.94
2023-04-13 11:22:32;10.98
2023-04-13 11:42:32;11.03
2023-04-13 12:02:32;11.05
2023-04-13 12:22:31;11.11
2023-04-13 12:42:31;11.23
2023-04-13 13:02:31;11.37
2023-04-13 13:22:31;11.27
2023-04-13 13:42:30;11.37
2023-04-13 14:02:30;11.36
2023-04-13 14:22:30;11.4
2023-04-13 14:42:30;11.43
2023-04-13 15:02:30;11.47
2023-04-13 15:22:29;11.45
2023-04-13 15:42:29;11.46
2023-04-13 16:02:29;11.49
2023-04-13 16:22:29;11.52
2023-04-13 16:42:28;11.53
2023-04-13 17:02:28;11.5
2023-04-13 17:22:28;11.47
2023-04-13 17:42:28;11.44
2023-04-13 18:02:28;11.44
2023-04-13 18:22:27;11.41
2023-04-13 18:42:27;11.31
2023-04-13 19:02:27;11.3
2023-04-13 19:22:27;11.22
2023-04-13 19:42:26;11.15
2023-04-13 20:02:26;11.06
2023-04-13 20:22:26;11.03
2023-04-13 20:42:26;11.02
2023-04-13 21:02:26;11.03
2023-04-13 21:22:25;10.99
2023-04-13 21:42:25;11
2023-04-13 22:02:25;10.92
2023-04-13 22:22:25;10.89
2023-04-13 22:42:26;10.8
2023-04-13 23:02:24;10.82
2023-04-13 23:22:24;10.75
2023-04-13 23:42:24;10.7
2023-04-14 00:02:24;10.68
2023-04-14 00:22:23;10.67
2023-04-14 00:42:23;10.69
2023-04-14 01:02:23;10.66
2023-04-14 01:22:23;10.65
2023-04-14 01:42:22;10.66
2023-04-14 02:02:22;10.63
2023-04-14 02:22:24;10.63
2023-04-14 02:42:22;10.59
2023-04-14 03:02:22;10.54
2023-04-14 03:22:21;10.57
2023-04-14 03:42:21;10.55
2023-04-14 04:02:21;10.5
2023-04-14 04:22:21;10.48
2023-04-14 04:42:21;10.48
2023-04-14 05:02:21;10.47
2023-04-14 05:22:20;10.44
2023-04-14 05:42:20;10.43
2023-04-14 06:02:20;10.44
2023-04-14 06:22:19;10.45
2023-04-14 06:42:19;10.47
2023-04-14 07:02:20;10.47
2023-04-14 07:22:19;10.44
2023-04-14 07:42:19;10.44
2023-04-14 08:02:18;10.44
2023-04-14 08:22:18;10.44
2023-04-14 08:42:18;10.42
2023-04-14 09:02:26;10.35
2023-04-14 09:22:17;10.38
2023-04-14 09:42:17;10.39
2023-04-14 10:02:17;10.39
2023-04-14 10:22:17;10.38
2023-04-14 10:42:17;10.39
2023-04-14 11:02:16;10.43
2023-04-14 11:22:16;10.43
2023-04-14 11:42:16;10.46
2023-04-14 12:02:16;10.47
2023-04-14 12:22:16;10.54
2023-04-14 12:42:15;10.56
2023-04-14 13:02:15;10.57
2023-04-14 13:22:16;10.62
2023-04-14 13:42:15;10.62
2023-04-14 14:02:14;10.65
2023-04-14 14:22:14;10.64
2023-04-14 14:42:14;10.54
2023-04-14 15:02:14;10.54
2023-04-14 15:22:13;10.6
2023-04-14 15:42:14;10.58
2023-04-14 16:02:13;10.62
2023-04-14 16:22:13;10.7
2023-04-14 16:42:13;10.76
2023-04-14 17:02:12;10.82
2023-04-14 17:22:12;10.75
2023-04-14 17:42:12;10.67
2023-04-14 18:02:12;10.63
2023-04-14 18:22:11;10.59
2023-04-14 18:42:11;10.55
2023-04-14 19:02:11;10.56
2023-04-14 19:22:11;10.59
2023-04-14 19:42:11;10.54
2023-04-14 20:02:10;10.49
2023-04-14 20:22:10;10.52
2023-04-14 20:42:11;10.54
2023-04-14 21:02:10;10.48
2023-04-14 21:22:09;10.47
2023-04-14 21:42:09;10.46
2023-04-14 22:02:09;10.41
2023-04-14 22:22:09;10.45
2023-04-14 22:42:09;10.39
2023-04-14 23:02:08;10.35
2023-04-14 23:22:08;10.39
2023-04-14 23:42:08;10.33
2023-04-15 00:02:08;10.37
2023-04-15 00:22:07;10.27
2023-04-15 00:42:07;10.28
2023-04-15 01:02:07;10.28
2023-04-15 01:22:07;10.3
2023-04-15 01:42:07;10.2
2023-04-15 02:02:07;10.25
2023-04-15 02:22:06;10.26
2023-04-15 02:42:06;10.23
2023-04-15 03:02:06;10.24
2023-04-15 03:22:06;10.25
2023-04-15 03:42:05;10.25
2023-04-15 04:02:05;10.25
2023-04-15 04:22:05;10.2
2023-04-15 04:42:05;10.22
2023-04-15 05:02:04;10.19
2023-04-15 05:22:04;10.2
2023-04-15 05:42:04;10.31
2023-04-15 06:02:04;10.26
2023-04-15 06:22:04;10.23
2023-04-15 06:42:03;10.23
2023-04-15 07:02:03;10.27
2023-04-15 07:22:03;10.24
2023-04-15 07:42:03;10.24
2023-04-15 08:02:02;10.26
2023-04-15 08:22:02;10.31
2023-04-15 08:42:02;10.35
2023-04-15 09:02:02;10.39
2023-04-15 09:22:02;10.39
2023-04-15 09:42:01;10.44
2023-04-15 10:02:01;10.44
2023-04-15 10:22:04;10.47
2023-04-15 10:42:01;10.51
2023-04-15 11:02:00;10.53
2023-04-15 11:22:00;10.59
2023-04-15 11:42:00;10.61
2023-04-15 12:02:00;10.6
2023-04-15 12:22:00;10.61
2023-04-15 12:41:59;10.58
2023-04-15 13:01:59;10.6
2023-04-15 13:21:59;10.67
2023-04-15 13:41:59;10.69
2023-04-15 14:01:58;10.72
2023-04-15 14:21:58;10.65
2023-04-15 14:41:58;10.71
2023-04-15 15:01:58;10.62
2023-04-15 15:21:58;10.62
2023-04-15 15:41:57;10.62
2023-04-15 16:01:57;10.62
2023-04-15 16:21:57;10.56
2023-04-15 16:41:57;10.56
2023-04-15 17:01:56;10.58
2023-04-15 17:21:56;10.56
2023-04-15 17:41:56;10.58
2023-04-15 18:01:56;10.56
2023-04-15 18:21:56;10.56
2023-04-15 18:41:55;10.55
2023-04-15 19:01:55;10.51
2023-04-15 19:21:55;10.58
2023-04-15 19:41:55;10.51
2023-04-15 20:01:55;10.5
2023-04-15 20:21:54;10.47
2023-04-15 20:41:54;10.5
2023-04-15 21:01:54;10.43
2023-04-15 21:21:54;10.38
2023-04-15 21:41:53;10.4
2023-04-15 22:01:53;10.32
2023-04-15 22:21:53;10.27
2023-04-15 22:41:53;10.29
2023-04-15 23:01:53;10.3
2023-04-15 23:21:52;10.27
2023-04-15 23:41:52;10.29
2023-04-16 00:01:52;10.26
2023-04-16 00:21:52;10.26
2023-04-16 00:41:52;10.24
2023-04-16 01:01:51;10.23
2023-04-16 01:21:51;10.24
2023-04-16 01:41:51;10.27
2023-04-16 02:01:51;10.27
2023-04-16 02:21:50;10.27
2023-04-16 02:41:50;10.24
2023-04-16 03:01:50;10.27
2023-04-16 03:21:50;10.2
2023-04-16 04:01:49;10.15
2023-04-16 04:21:49;10.13
2023-04-16 04:41:49;10.13
2023-04-16 05:01:49;10.16
2023-04-16 05:21:48;10.16
2023-04-16 06:01:48;10.16
2023-04-16 06:21:48;10.27
2023-04-16 06:41:47;10.25
2023-04-16 07:01:47;10.25
2023-04-16 07:21:47;10.21
2023-04-16 07:41:47;10.29
2023-04-16 08:01:47;10.25
2023-04-16 08:21:46;10.32
2023-04-16 08:41:46;10.27
2023-04-16 09:01:46;10.35
2023-04-16 09:21:46;10.39
2023-04-16 10:01:45;10.42
2023-04-16 10:21:45;10.43
2023-04-16 10:41:45;10.44
2023-04-16 11:01:45;10.42
2023-04-16 11:21:44;10.52
2023-04-16 11:41:44;10.47
2023-04-16 12:01:46;10.51
2023-04-16 12:21:44;10.51
2023-04-16 13:21:43;10.59
2023-04-16 14:21:42;10.54
2023-04-16 14:41:42;10.54
2023-04-16 15:01:42;10.54
2023-04-16 15:21:42;10.58
2023-04-16 15:41:42;10.57
2023-04-16 16:01:41;10.54
2023-04-16 16:21:41;10.56
2023-04-16 16:41:41;10.52
2023-04-16 17:01:41;10.54
2023-04-16 17:21:40;10.54
2023-04-16 17:41:40;10.6
2023-04-16 18:01:40;10.54
2023-04-16 18:21:40;10.56
2023-04-18 15:01:10;10.7
2023-04-18 15:21:12;10.72
2023-04-18 15:41:10;10.68
2023-04-18 16:01:10;10.72
2023-04-18 16:21:09;10.68
2023-04-18 17:01:09;10.77
2023-04-18 17:21:09;10.79
2023-04-18 17:41:09;10.75
2023-04-18 18:21:08;10.78
2023-04-18 18:41:08;10.79
2023-04-18 19:01:08;10.75
2023-04-18 19:21:09;10.76
2023-04-18 19:41:07;10.78
2023-04-18 20:01:07;10.76
2023-04-18 21:01:06;10.75
2023-04-18 21:21:06;10.75
2023-04-18 21:41:06;10.75
2023-04-18 22:01:06;10.73
2023-04-18 22:21:07;10.72
2023-04-18 23:01:05;10.75
2023-04-18 23:21:06;10.75
2023-04-18 23:41:05;10.74
2023-04-19 00:01:04;10.72
2023-04-19 00:21:05;10.73
2023-04-19 00:41:04;10.76
2023-04-19 01:01:04;10.71
2023-04-19 01:21:03;10.73
2023-04-19 01:41:07;10.75
2023-04-19 02:01:03;10.73
2023-04-19 02:21:03;10.75
2023-04-19 02:41:03;10.72
2023-04-19 03:01:03;10.74
2023-04-19 03:21:02;10.71
2023-04-19 03:41:02;10.75
2023-04-19 04:01:04;10.69
2023-04-19 04:21:03;10.75
2023-04-19 05:01:01;10.69
2023-04-19 05:21:01;10.7
2023-04-19 05:41:01;10.72
2023-04-19 06:01:00;10.71
2023-04-19 06:21:01;10.74
2023-04-19 06:41:00;10.7
2023-04-19 07:21:00;10.7
2023-04-19 07:40:59;10.72
2023-04-19 08:00:59;10.74
2023-04-19 08:20:59;10.76
2023-04-19 08:40:59;10.78
2023-04-19 09:00:58;10.8
2023-04-19 09:20:58;10.78
2023-04-19 09:40:58;10.83
2023-04-19 10:00:58;10.85
2023-04-19 10:20:58;10.84
2023-04-19 10:40:57;10.83
2023-04-19 11:00:57;10.87
2023-04-19 11:20:58;10.89
2023-04-19 11:40:57;10.94
2023-04-19 12:00:57;10.97
2023-04-19 12:20:56;10.97
2023-04-19 12:40:56;10.99
2023-04-19 13:20:56;11.02
2023-04-19 13:40:55;10.97
2023-04-19 14:00:55;11.01
2023-04-19 14:20:55;11.03
2023-04-19 14:40:55;11.06
2023-04-19 15:00:55;11.02
2023-04-19 15:20:54;11.01
2023-04-19 15:40:54;11.02
2023-04-19 16:00:54;11.04
2023-04-19 17:00:53;10.99
2023-04-19 17:20:53;10.99
2023-04-19 17:40:53;10.97
2023-04-19 18:00:53;11.06
2023-04-19 18:20:52;11.05
2023-04-19 18:40:52;11.06
2023-04-19 19:00:52;11.03
2023-04-19 19:40:51;10.97
2023-04-19 20:00:51;10.94
2023-04-19 20:20:51;10.95
2023-04-19 20:40:51;10.93
2023-04-19 21:00:51;10.94
2023-04-19 21:20:50;10.89
2023-04-19 21:40:50;10.89
2023-04-19 22:00:50;10.87
2023-04-19 22:20:50;10.88
2023-04-19 22:40:49;10.89
2023-04-19 23:00:49;10.87
2023-04-19 23:20:49;10.84
2023-04-19 23:40:49;10.81
2023-04-20 00:00:49;10.79
2023-04-20 00:20:48;10.78
2023-04-20 01:00:48;10.7
2023-04-20 01:20:48;10.67
2023-04-20 01:40:47;10.69
2023-04-20 02:00:47;10.68
2023-04-20 02:20:47;10.65
2023-04-20 02:40:47;10.67
2023-04-20 03:00:49;10.64
2023-04-20 03:20:46;10.6
2023-04-20 03:40:46;10.6
2023-04-20 04:00:46;10.55
2023-04-20 04:20:46;10.56
2023-04-20 05:00:45;10.48
2023-04-20 05:20:45;10.51
2023-04-20 05:40:45;10.5
2023-04-20 06:20:45;10.45
2023-04-20 06:40:44;10.44
2023-04-20 07:00:45;10.43
2023-04-20 07:20:44;10.48
2023-04-20 07:40:44;10.55
2023-04-20 08:00:43;10.6
2023-04-20 08:20:43;10.66
2023-04-20 08:40:43;10.65
2023-04-20 09:00:43;10.75
2023-04-20 09:20:42;10.8
2023-04-20 09:40:42;10.77
2023-04-20 10:00:42;10.85
2023-04-20 10:40:42;10.91
2023-04-20 11:00:41;10.96
2023-04-20 11:20:41;10.98
2023-04-20 11:40:41;11.06
2023-04-20 12:00:43;11.08
2023-04-20 12:40:40;11.18
2023-04-20 13:00:40;11.22
2023-04-20 13:20:40;11.18
2023-04-20 13:40:40;11.22
2023-04-20 14:00:39;11.13
2023-04-20 14:20:39;11.2
2023-04-20 14:40:39;11.21
2023-04-20 15:00:39;11.31
2023-04-20 15:40:38;11.42
2023-04-20 16:00:38;11.4
2023-04-20 16:20:38;11.43
2023-04-20 16:40:38;11.39
2023-04-20 17:00:37;11.31
2023-04-20 17:20:37;11.31
2023-04-20 17:40:37;11.31
2023-04-20 18:00:37;11.25
2023-04-20 18:20:36;11.29
2023-04-20 18:40:36;11.26
2023-04-20 19:00:36;11.29
2023-04-20 19:20:36;11.24
2023-04-20 19:40:36;11.2
2023-04-20 20:00:35;11.13
2023-04-20 20:20:36;11.12
2023-04-20 20:40:35;11.08
2023-04-20 21:20:35;11
2023-04-20 21:40:34;10.97
2023-04-20 22:00:34;10.94
2023-04-20 22:20:34;10.94
2023-04-20 22:40:34;10.94
2023-04-20 23:00:33;10.88
2023-04-20 23:20:33;10.89
2023-04-20 23:40:33;10.88
2023-04-21 00:00:33;10.87
2023-04-21 00:20:33;10.84
2023-04-21 00:40:32;10.8
2023-04-21 01:20:32;10.74
2023-04-21 02:00:32;10.78
2023-04-21 02:20:31;10.71
2023-04-21 02:40:32;10.72
2023-04-21 03:00:33;10.73
2023-04-21 03:40:30;10.74
2023-04-21 04:00:31;10.75
2023-04-21 04:20:30;10.78
2023-04-21 04:40:30;10.75
2023-04-21 05:00:29;10.79
2023-04-21 05:20:29;10.77
2023-04-21 05:40:29;10.72
2023-04-21 06:00:29;10.73
2023-04-21 06:20:29;10.77
2023-04-21 06:40:30;10.78
2023-04-21 07:00:28;10.77
2023-04-21 07:20:29;10.78
2023-04-21 07:40:28;10.81
2023-04-21 08:20:27;10.82
2023-04-21 08:40:27;10.83
2023-04-21 09:20:27;10.84
2023-04-21 13:00:24;11.74
2023-04-21 13:20:24;11.48
2023-04-21 13:40:24;11.46
2023-04-21 14:00:24;11.44
2023-04-21 14:20:23;11.46
2023-04-21 14:40:23;11.52
2023-04-21 15:20:23;11.53
2023-04-21 15:40:22;11.59
2023-04-21 16:00:22;11.55
2023-04-21 16:20:22;11.49
2023-04-21 16:40:22;11.51
2023-04-21 17:00:22;11.49
2023-04-21 17:20:21;11.5
2023-04-21 17:40:21;11.47
2023-04-21 18:00:21;11.46
2023-04-21 18:20:21;11.43
2023-04-21 18:40:20;11.41
2023-04-21 19:00:20;11.38
2023-04-21 19:20:20;11.33
2023-04-21 19:40:20;11.31
2023-04-21 20:00:20;11.29
2023-04-21 20:20:19;11.27
2023-04-21 20:40:19;11.27
2023-04-21 21:00:19;11.22
2023-04-21 21:20:19;11.2
2023-04-21 21:40:18;11.18
2023-04-21 22:00:18;11.16
2023-04-21 22:40:18;11.11
2023-04-21 23:00:18;11.1
2023-04-21 23:20:17;11.06
2023-04-21 23:40:17;11.05
2023-04-22 00:00:19;11.01
2023-04-22 00:20:17;10.98
2023-04-22 00:40:16;10.98
2023-04-22 01:00:16;10.97
2023-04-22 01:20:16;10.96
2023-04-22 01:40:16;10.95
2023-04-22 02:00:16;10.95
2023-04-22 02:40:15;10.97
2023-04-22 03:00:15;10.96
2023-04-22 03:20:15;10.92
2023-04-22 03:40:14;10.87
2023-04-22 04:00:14;10.88
2023-04-22 04:20:14;10.82
2023-04-22 05:20:13;10.84
2023-04-22 05:40:13;10.82
2023-04-22 06:00:13;10.8
2023-04-22 06:20:13;10.76
2023-04-22 07:00:12;10.81
2023-04-22 07:20:12;10.89
2023-04-22 07:40:12;10.91
2023-04-22 08:00:12;10.94
2023-04-22 08:20:11;10.95
2023-04-22 08:40:11;10.99
2023-04-22 09:00:11;11.01
2023-04-22 09:20:11;11.03
2023-04-22 09:40:11;11.06
2023-04-22 10:20:10;11.2
2023-04-22 10:40:10;11.48
2023-04-22 11:00:10;11.73
2023-04-22 11:20:09;11.7
2023-04-22 11:40:09;11.79
2023-04-22 12:00:10;11.86
2023-04-22 12:20:09;11.68
2023-04-22 12:40:09;11.56
2023-04-22 13:00:08;11.5
2023-04-22 13:20:08;11.49
2023-04-22 13:40:08;11.51
2023-04-22 14:00:09;11.49
2023-04-22 14:20:07;11.51
2023-04-22 14:40:07;11.51
2023-04-22 15:00:07;11.56
2023-04-22 15:20:07;11.59
2023-04-22 15:40:07;11.6
2023-04-22 16:00:06;11.58
2023-04-22 16:20:06;11.93
2023-04-22 16:40:06;12.39
2023-04-22 17:00:06;12.18
2023-04-22 17:20:06;11.86
2023-04-22 17:40:06;11.71
2023-04-22 18:00:05;11.65
2023-04-22 18:20:05;11.62
2023-04-22 18:40:05;11.59
2023-04-22 19:00:04;11.52
2023-04-22 19:20:04;11.48
2023-04-22 19:40:04;11.47
2023-04-22 20:00:04;11.39
2023-04-22 20:20:04;11.33
2023-04-22 20:40:04;11.28
2023-04-22 21:00:03;11.29
2023-04-22 21:20:03;11.19
2023-04-22 21:40:03;11.18
2023-04-22 22:00:02;11.18
2023-04-22 22:20:02;11.15
2023-04-22 22:40:02;11.13
2023-04-22 23:00:02;11.14
2023-04-22 23:20:02;11.06
2023-04-22 23:40:01;11.01
2023-04-23 00:00:01;11.03
2023-04-23 00:20:01;10.99
2023-04-23 00:40:01;10.99
2023-04-23 01:00:00;10.95
2023-04-23 01:20:00;10.96
2023-04-23 01:40:00;10.95
2023-04-23 02:00:00;10.97
2023-04-23 02:20:00;10.99
2023-04-23 02:39:59;10.97
2023-04-23 02:59:59;11.01
2023-04-23 03:19:59;10.97
2023-04-23 03:39:59;10.97
2023-04-23 03:59:59;10.95
2023-04-23 04:19:58;10.98
2023-04-23 04:39:58;11.01
2023-04-23 04:59:58;11.02
2023-04-23 05:19:58;11.03
2023-04-23 05:39:57;11.03
2023-04-23 05:59:57;11.06
2023-04-23 06:19:57;11.06
2023-04-23 06:39:57;11.12
2023-04-23 06:59:56;11.11
2023-04-23 07:19:56;11.14
2023-04-23 07:39:56;11.2
2023-04-23 07:59:56;11.19
2023-04-23 08:19:56;11.29
2023-04-23 08:39:55;11.32
2023-04-23 08:59:55;11.41
2023-04-23 09:19:55;11.44
2023-04-23 09:39:55;11.46
2023-04-23 09:59:55;11.46
2023-04-23 10:19:54;11.49
2023-04-23 10:39:54;11.51
2023-04-23 10:59:54;11.58
2023-04-23 11:19:54;11.62
2023-04-23 11:39:53;11.65
2023-04-23 11:59:53;12
2023-04-23 12:19:53;12.2
2023-04-23 12:39:53;12.42
2023-04-23 12:59:53;12.64
2023-04-23 13:19:52;12.38
2023-04-23 13:39:52;12.18
2023-04-23 13:59:52;12.08
2023-04-23 14:19:52;12.08
2023-04-23 14:39:51;12.12
2023-04-23 14:59:51;12.05
2023-04-23 15:19:51;12.11
2023-04-23 15:39:51;12.12
2023-04-23 15:59:51;12.51
2023-04-23 16:19:50;13.05
2023-04-23 16:39:50;13.41
2023-04-23 16:59:50;13.41
2023-04-23 17:19:50;12.77
2023-04-23 17:39:49;13.15
2023-04-23 17:59:49;13.12
2023-04-23 18:19:49;12.64
2023-04-23 18:39:49;12.29
2023-04-23 18:59:49;12.11
2023-04-23 19:19:48;12.05
2023-04-23 19:39:48;11.98
2023-04-23 19:59:48;11.87
2023-04-23 20:19:48;11.8
2023-04-23 20:39:47;11.79
2023-04-23 20:59:47;11.74
2023-04-23 21:19:47;11.76
2023-04-23 21:39:47;11.76
2023-04-23 21:59:47;11.71
2023-04-23 22:19:46;11.65
2023-04-23 22:39:46;11.62
2023-04-23 23:59:45;11.55
2023-04-24 00:19:45;11.54
2023-04-24 00:59:45;11.51
2023-04-24 01:19:44;11.5
2023-04-24 01:39:44;11.49
2023-04-24 01:59:44;11.46
2023-04-24 02:19:44;11.48
2023-04-24 02:39:43;11.48
2023-04-24 02:59:46;11.47
2023-04-24 03:19:43;11.44
2023-04-24 03:39:43;11.49
2023-04-24 03:59:43;11.49
2023-04-24 04:19:44;11.49
2023-04-24 04:39:42;11.5
2023-04-24 04:59:42;11.51
2023-04-24 05:19:42;11.49
2023-04-24 05:39:42;11.47
2023-04-24 05:59:41;11.44
2023-04-24 06:19:42;11.49
2023-04-24 06:39:41;11.42
2023-04-24 06:59:41;11.41
2023-04-24 07:19:40;11.39
2023-04-24 07:39:40;11.44
2023-04-24 07:59:40;11.38
2023-04-24 08:19:40;11.41
2023-04-24 08:39:40;11.46
2023-04-24 08:59:39;11.49
2023-04-24 09:19:39;11.5
2023-04-24 09:39:39;11.49
2023-04-24 09:59:39;11.47
2023-04-24 10:19:38;11.49
2023-04-24 10:39:38;11.48
2023-04-24 10:59:38;11.51
2023-04-24 11:19:38;11.58
2023-04-24 11:39:38;11.58
2023-04-24 11:59:37;11.86
2023-04-24 12:19:37;12.21
2023-04-24 12:39:37;12.48
2023-04-24 12:59:37;12.29
2023-04-24 13:19:36;12
2023-04-24 13:39:36;11.87
2023-04-24 13:59:36;11.83
2023-04-24 14:19:36;11.86
2023-04-24 14:39:36;11.81
2023-04-24 14:59:35;11.89
2023-04-24 15:19:35;12.14
2023-04-24 15:39:35;12.45
2023-04-24 15:59:35;12.6
2023-04-24 16:19:34;12.71
2023-04-24 16:39:34;12.53
2023-04-24 16:59:34;12.26
2023-04-24 17:19:34;12.1
2023-04-24 17:39:34;12.01
2023-04-24 17:59:33;11.93
2023-04-24 18:19:33;11.86
2023-04-24 18:39:33;11.86
2023-04-24 18:59:33;11.79
2023-04-24 19:19:33;11.79
2023-04-24 19:39:32;11.77
2023-04-24 19:59:32;11.72
2023-04-24 20:19:32;11.69
2023-04-24 20:39:32;11.68
2023-04-24 20:59:33;11.63
2023-04-24 21:19:31;11.62
2023-04-24 21:39:31;11.58
2023-04-24 21:59:31;11.61
2023-04-24 22:19:31;11.58
2023-04-24 22:39:30;11.59
2023-04-24 22:59:30;11.58
2023-04-24 23:19:30;11.55
2023-04-24 23:39:30;11.54
2023-04-24 23:59:29;11.5
2023-04-25 00:19:29;11.5
2023-04-25 00:39:29;11.49
2023-04-25 00:59:29;11.48
2023-04-25 01:19:29;11.47
2023-04-25 01:39:28;11.46
2023-04-25 01:59:28;11.46
2023-04-25 02:19:28;11.42
2023-04-25 02:39:28;11.49
2023-04-25 02:59:28;11.43
2023-04-25 03:19:27;11.44
2023-04-25 03:39:27;11.46
2023-04-25 03:59:27;11.42
2023-04-25 04:19:27;11.41
2023-04-25 04:59:26;11.41
2023-04-25 05:39:26;11.41
2023-04-25 05:59:26;11.39
2023-04-25 06:19:25;11.38
2023-04-25 06:39:25;11.4
2023-04-25 06:59:25;11.37
2023-04-25 07:39:24;11.43
2023-04-25 07:59:24;11.43
2023-04-25 08:19:24;11.43
2023-04-25 08:39:24;11.46
2023-04-25 08:59:24;11.5
2023-04-25 09:19:23;11.49
2023-04-25 09:39:23;11.56
2023-04-25 09:59:23;11.58
2023-04-25 10:19:23;11.65
2023-04-25 10:39:22;11.65
2023-04-25 10:59:22;11.77
2023-04-25 11:19:22;11.95
2023-04-25 11:39:22;12.1
2023-04-25 11:59:22;11.99
2023-04-25 12:19:21;11.91
2023-04-25 12:39:21;11.86
2023-04-25 12:59:21;11.93
2023-04-25 13:19:21;11.89
2023-04-25 13:39:20;11.92
2023-04-25 13:59:20;12.03
2023-04-25 14:19:20;12
2023-04-25 14:39:20;11.99
2023-04-25 14:59:20;11.93
2023-04-25 15:19:19;12.03
2023-04-25 15:39:19;11.93
2023-04-25 15:59:19;12
2023-04-25 16:19:19;12.17
2023-04-25 16:39:18;12.48
2023-04-25 16:59:18;12.62
2023-04-25 17:19:18;12.52
2023-04-25 17:39:18;12.22
2023-04-25 17:59:18;12.07
2023-04-25 18:19:17;11.96
2023-04-25 18:39:17;11.96
2023-04-25 18:59:17;11.86
2023-04-25 19:19:17;11.85
2023-04-25 19:39:16;11.77
2023-04-25 19:59:16;11.76
2023-04-25 20:19:16;11.74
2023-04-25 20:39:16;11.7
2023-04-25 20:59:16;11.74
2023-04-25 21:19:15;11.7
2023-04-25 21:39:15;11.68
2023-04-25 21:59:15;11.68
2023-04-25 22:19:15;11.62
2023-04-25 22:39:15;11.54
2023-04-25 22:59:14;11.5
2023-04-25 23:19:14;11.53
2023-04-25 23:39:14;11.53
2023-04-25 23:59:14;11.51
2023-04-26 00:19:13;11.53
2023-04-26 00:39:13;11.49
2023-04-26 00:59:13;11.49
2023-04-26 01:19:13;11.53
2023-04-26 01:39:13;11.49
2023-04-26 01:59:12;11.46
2023-04-26 02:19:12;11.48
2023-04-26 02:39:12;11.49
2023-04-26 02:59:12;11.43
2023-04-26 03:19:11;11.44
2023-04-26 03:39:11;11.45
2023-04-26 03:59:11;11.42
2023-04-26 04:19:11;11.38
2023-04-26 04:39:11;11.36
2023-04-26 04:59:10;11.36
2023-04-26 05:19:10;11.34
2023-04-26 05:39:10;11.31
2023-04-26 05:59:10;11.32
2023-04-26 06:19:09;11.31
2023-04-26 06:39:09;11.29
2023-04-26 06:59:09;11.27
2023-04-26 07:19:09;11.23
2023-04-26 07:39:09;11.26
2023-04-26 07:59:08;11.25
2023-04-26 08:19:08;11.3
2023-04-26 08:39:08;11.26
2023-04-26 08:59:08;11.27
2023-04-26 09:19:07;11.29
2023-04-26 09:39:07;11.29
2023-04-26 09:59:07;11.27
2023-04-26 10:19:07;11.34
2023-04-26 10:39:07;11.3
2023-04-26 10:59:06;11.38
2023-04-26 11:19:06;11.34
2023-04-26 11:39:06;11.35
2023-04-26 11:59:06;11.46
2023-04-26 12:19:06;11.64
2023-04-26 12:39:05;11.77
2023-04-26 12:59:05;11.63
2023-04-26 13:19:05;11.57
2023-04-26 13:39:05;11.54
2023-04-26 13:59:05;11.53
2023-04-26 14:19:04;11.57
2023-04-26 14:39:04;11.58
2023-04-26 14:59:04;11.6
2023-04-26 15:19:04;11.57
2023-04-26 15:39:03;11.64
2023-04-26 15:59:03;11.63
2023-04-26 16:19:04;11.64
2023-04-26 16:39:04;11.62
2023-04-26 16:59:02;11.59
2023-04-26 17:19:02;11.58
2023-04-26 17:39:02;11.53
2023-04-26 17:59:02;11.54
2023-04-26 18:19:02;11.5
2023-04-26 18:39:01;11.46
2023-04-26 18:59:02;11.42
2023-04-26 19:19:01;11.42
2023-04-26 19:39:01;11.41
2023-04-26 19:59:00;11.38
2023-04-26 20:19:00;11.36
2023-04-26 20:39:02;11.27
2023-04-26 20:59:00;11.24
2023-04-26 21:19:00;11.16
2023-04-26 21:38:59;11.13
2023-04-26 21:58:59;11.1
2023-04-26 22:18:59;11.11
2023-04-26 22:38:59;11.07
2023-04-26 22:59:01;11.03
2023-04-26 23:18:58;11.02
2023-04-26 23:38:59;10.97
2023-04-26 23:58:58;11.01
2023-04-27 00:18:58;10.96
2023-04-27 00:38:58;10.9
2023-04-27 00:58:57;10.89
2023-04-27 01:18:57;10.87
2023-04-27 01:38:57;10.8
2023-04-27 01:58:57;10.78
2023-04-27 02:18:56;10.8
2023-04-27 02:38:56;10.78
2023-04-27 02:58:56;10.72
2023-04-27 03:18:56;10.65
2023-04-27 03:38:55;10.65
2023-04-27 03:58:55;10.65
2023-04-27 04:18:55;10.63
2023-04-27 04:38:57;10.56
2023-04-27 04:58:55;10.51
2023-04-27 05:18:55;10.52
2023-04-27 05:38:54;10.52
2023-04-27 05:58:57;10.42
2023-04-27 06:18:55;10.47
2023-04-27 06:38:54;10.44
2023-04-27 06:58:55;10.48
2023-04-27 07:18:53;10.48
2023-04-27 07:38:53;10.57
2023-04-27 07:58:53;10.61
2023-04-27 08:18:53;10.7
2023-04-27 08:38:52;10.75
2023-04-27 08:58:52;10.79
2023-04-27 09:18:52;10.8
2023-04-27 09:38:52;10.84
2023-04-27 09:58:51;10.9
2023-04-27 10:18:51;11.32
2023-04-27 10:38:51;11.48
2023-04-27 10:58:51;11.49
2023-04-27 11:18:50;11.55
2023-04-27 11:38:51;11.41
2023-04-27 11:58:50;11.34
2023-04-27 12:18:53;11.27
2023-04-27 12:38:50;11.27
2023-04-27 12:58:49;11.25
2023-04-27 13:18:49;11.24
2023-04-27 13:38:49;11.32
2023-04-27 13:58:49;11.23
2023-04-27 14:18:48;11.34
2023-04-27 14:38:48;11.25
2023-04-27 14:58:48;11.32
2023-04-27 15:18:48;11.29
2023-04-27 15:38:48;11.36
2023-04-27 15:58:47;11.39
2023-04-27 16:18:47;11.3
2023-04-27 16:38:47;11.36
2023-04-27 16:58:47;11.33
2023-04-27 17:18:46;11.34
2023-04-27 17:38:46;11.35
2023-04-27 17:58:46;11.33
2023-04-27 18:18:46;11.29
2023-04-27 18:38:46;11.3
2023-04-27 18:58:45;11.29
2023-04-27 19:18:45;11.29
2023-04-27 19:38:45;11.22
2023-04-27 19:58:45;11.16
2023-04-27 20:18:44;11.14
2023-04-27 20:38:44;11.13
2023-04-27 20:58:44;11.11
2023-04-27 21:18:44;11.08
2023-04-27 21:38:44;11.06
2023-04-27 21:58:43;11.03
2023-04-27 22:18:43;11.01
2023-04-27 22:38:43;11
2023-04-27 22:58:43;10.94
2023-04-27 23:18:43;10.91
2023-04-27 23:38:42;10.91
2023-04-27 23:58:42;10.89
2023-04-28 00:18:42;10.87
2023-04-28 00:38:42;10.83
2023-04-28 00:58:41;10.82
2023-04-28 01:18:41;10.85
2023-04-28 01:38:41;10.79
2023-04-28 01:58:41;10.84
2023-04-28 02:18:41;10.8
2023-04-28 02:38:40;10.78
2023-04-28 02:58:40;10.75
2023-04-28 03:18:40;10.72
2023-04-28 03:38:40;10.69
2023-04-28 03:58:39;10.7
2023-04-28 04:18:39;10.72
2023-04-28 04:38:39;10.7
2023-04-28 04:58:39;10.65
2023-04-28 05:18:39;10.63
2023-04-28 05:38:38;10.66
2023-04-28 05:58:38;10.65
2023-04-28 06:18:38;10.62
2023-04-28 06:38:38;10.63
2023-04-28 06:58:37;10.65
2023-04-28 07:18:37;10.67
2023-04-28 07:38:37;10.76
2023-04-28 07:58:37;10.79
2023-04-28 08:18:37;10.83
2023-04-28 08:38:36;10.9
2023-04-28 08:58:36;10.97
2023-04-28 09:18:36;11.04
2023-04-28 09:38:36;11.13
2023-04-28 09:58:36;11.15
2023-04-28 10:18:35;11.21
2023-04-28 10:38:35;11.23
2023-04-28 10:58:35;11.31
2023-04-28 11:18:35;11.76
2023-04-28 11:38:34;12.3
2023-04-28 11:58:34;12.49
2023-04-28 12:18:34;11.95
2023-04-28 12:38:34;11.74
2023-04-28 12:58:33;11.72
2023-04-28 13:18:33;11.69
2023-04-28 13:38:33;11.67
2023-04-28 13:58:33;11.66
2023-04-28 14:18:33;11.72
2023-04-28 14:38:33;11.77
2023-04-28 14:58:32;11.75
2023-04-28 15:18:32;11.77
2023-04-28 15:38:32;11.8
2023-04-28 15:58:32;11.97
2023-04-28 16:18:31;12
2023-04-28 16:38:31;11.92
2023-04-28 16:58:31;11.96
2023-04-28 17:18:31;11.95
2023-04-28 17:38:30;11.87
2023-04-28 17:58:30;11.83
2023-04-28 18:18:30;11.8
2023-04-28 18:38:30;11.78
2023-04-28 18:58:30;11.71
2023-04-28 19:18:29;11.62
2023-04-28 19:38:29;11.53
2023-04-28 19:58:29;11.53
2023-04-28 20:18:29;11.49
2023-04-28 20:38:28;11.43
2023-04-28 20:58:28;11.41
2023-04-28 21:18:28;11.44
2023-04-28 21:38:28;11.39
2023-04-28 21:58:28;11.36
2023-04-28 22:18:28;11.36
2023-04-28 22:38:27;11.36
2023-04-28 22:58:27;11.39
2023-04-28 23:18:27;11.37
2023-04-28 23:38:26;11.35
2023-04-28 23:58:26;11.37
2023-04-29 00:18:26;11.37
2023-04-29 00:38:26;11.35
2023-04-29 00:58:27;11.36
2023-04-29 01:18:25;11.33
2023-04-29 01:38:25;11.32
2023-04-29 01:58:25;11.36
2023-04-29 02:18:25;11.31
2023-04-29 02:38:24;11.31
2023-04-29 02:58:24;11.31
2023-04-29 03:18:24;11.28
2023-04-29 03:38:24;11.27
2023-04-29 03:58:24;11.29
2023-04-29 04:18:24;11.24
2023-04-29 04:38:23;11.25
2023-04-29 04:58:23;11.22
2023-04-29 05:18:23;11.26
2023-04-29 05:38:23;11.25
2023-04-29 05:58:22;11.23
2023-04-29 06:18:22;11.22
2023-04-29 06:38:25;11.25
2023-04-29 06:58:22;11.26
2023-04-29 07:18:21;11.27
2023-04-29 07:38:21;11.31
2023-04-29 07:58:21;11.29
2023-04-29 08:18:21;11.34
2023-04-29 08:38:21;11.37
2023-04-29 08:58:20;11.44
2023-04-29 09:18:20;11.47
2023-04-29 09:38:20;11.46
2023-04-29 09:58:20;11.57
2023-04-29 10:18:19;11.56
2023-04-29 10:38:19;11.64
2023-04-29 10:58:19;11.69
2023-04-29 11:18:19;11.84
2023-04-29 11:38:19;12.21
2023-04-29 11:58:18;12.51
2023-04-29 12:18:18;12.45
2023-04-29 12:38:18;12.15
2023-04-29 12:58:18;12.08
2023-04-29 13:18:17;12.05
2023-04-29 13:38:17;12.1
2023-04-29 13:58:17;12.17
2023-04-29 14:18:17;12.19
2023-04-29 14:38:17;12.15
2023-04-29 14:58:16;12.16
2023-04-29 15:18:16;12.19
2023-04-29 15:38:16;12.11
2023-04-29 15:58:16;12.37
2023-04-29 16:18:16;13.41
2023-04-29 16:38:15;12.58
2023-04-29 16:58:15;12.3
2023-04-29 17:18:15;12.35
2023-04-29 17:38:15;12.19
2023-04-29 17:58:14;12.07
2023-04-29 18:18:14;11.95
2023-04-29 18:38:14;11.9
2023-04-29 18:58:14;11.88
2023-04-29 19:18:14;11.86
2023-04-29 19:38:13;11.79
2023-04-29 19:58:13;11.76
2023-04-29 20:18:13;11.74
2023-04-29 20:38:13;11.7
2023-04-29 20:58:12;11.68
2023-04-29 21:18:12;11.69
2023-04-29 21:38:12;11.65
2023-04-29 21:58:12;11.65
2023-04-29 22:18:12;11.65
2023-04-29 22:38:11;11.67
2023-04-29 22:58:11;11.62
2023-04-29 23:18:11;11.62
2023-04-29 23:38:11;11.63
2023-04-29 23:58:10;11.6
2023-04-30 00:18:10;11.61
2023-04-30 00:38:10;11.59
2023-04-30 00:58:10;11.6
2023-04-30 01:18:10;11.6
2023-04-30 01:38:09;11.56
2023-04-30 01:58:09;11.56
2023-04-30 02:18:09;11.58
2023-04-30 02:38:09;11.6
2023-04-30 02:58:08;11.6
2023-04-30 03:18:08;11.53
2023-04-30 03:38:08;11.56
2023-04-30 03:58:08;11.58
2023-04-30 04:18:08;11.56
2023-04-30 04:38:07;11.53
2023-04-30 04:58:07;11.58
2023-04-30 05:18:07;11.53
2023-04-30 05:38:07;11.54
2023-04-30 05:58:06;11.57
2023-04-30 06:18:06;11.56
2023-04-30 06:38:06;11.54
2023-04-30 06:58:06;11.55
2023-04-30 07:18:06;11.57
2023-04-30 07:38:05;11.56
2023-04-30 07:58:05;11.54
2023-04-30 08:18:05;11.54
2023-04-30 08:38:05;11.53
2023-04-30 08:58:05;11.56
2023-04-30 09:18:04;11.59
2023-04-30 09:38:04;11.57
2023-04-30 09:58:04;11.58
2023-04-30 10:18:04;11.59
2023-04-30 10:38:03;11.61
2023-04-30 10:58:03;11.64
2023-04-30 11:18:03;11.61
2023-04-30 11:38:03;11.65
2023-04-30 11:58:03;11.7
2023-04-30 12:18:02;11.68
2023-04-30 12:38:02;11.68
2023-04-30 12:58:02;11.69
2023-04-30 13:18:02;11.7
2023-04-30 13:38:01;11.7
2023-04-30 13:58:01;11.68
2023-04-30 14:18:01;11.7
2023-04-30 14:38:01;11.72
2023-04-30 14:58:02;11.68
2023-04-30 15:18:00;11.7
2023-04-30 15:38:00;11.73
2023-04-30 15:58:00;11.72
2023-04-30 16:18:00;12.03
2023-04-30 16:37:59;12.27
2023-04-30 17:37:59;12.45
2023-04-30 17:57:59;13.07
2023-04-30 18:17:58;12.46
2023-04-30 18:37:58;12.09
2023-04-30 18:57:58;11.99
2023-04-30 19:17:58;11.92
2023-04-30 19:37:58;11.9
2023-04-30 19:57:57;11.82
2023-04-30 20:17:57;11.85
2023-04-30 20:37:57;11.79
2023-04-30 20:57:57;11.76
2023-04-30 21:17:56;11.81
2023-04-30 21:37:56;11.79
2023-04-30 21:57:56;11.78
2023-04-30 22:17:56;11.74
2023-04-30 22:37:55;11.76
2023-04-30 22:57:57;11.74
2023-04-30 23:17:55;11.74
2023-04-30 23:37:55;11.73
2023-04-30 23:57:55;11.75
2023-05-01 00:17:54;11.7
2023-05-01 00:37:54;11.72
2023-05-01 00:57:54;11.69
2023-05-01 01:17:54;11.71
2023-05-01 01:37:54;11.7
2023-05-01 01:57:53;11.67
2023-05-01 02:17:53;11.72
2023-05-01 02:37:55;11.67
2023-05-01 02:57:53;11.66
2023-05-01 03:17:52;11.68
2023-05-01 03:37:52;11.66
2023-05-01 03:57:52;11.65
2023-05-01 04:17:52;11.62
2023-05-01 04:37:52;11.64
2023-05-01 04:57:51;11.65
2023-05-01 05:17:51;11.62
2023-05-01 05:37:51;11.67
2023-05-01 05:57:51;11.66
2023-05-01 06:17:50;11.65
2023-05-01 06:37:50;11.62
2023-05-01 06:57:50;11.63
2023-05-01 07:17:50;11.62
2023-05-01 07:37:50;11.6
2023-05-01 07:57:49;11.62
2023-05-01 08:17:49;11.62
2023-05-01 08:37:49;11.63
2023-05-01 08:57:49;11.61
2023-05-01 09:17:48;11.66
2023-05-01 09:37:48;11.6
2023-05-01 09:57:48;11.62
2023-05-01 10:17:48;11.65
2023-05-01 10:37:48;11.66
2023-05-01 10:57:47;11.67
2023-05-01 11:17:47;11.76
2023-05-01 11:37:47;12
2023-05-01 11:57:47;12.27
2023-05-01 12:17:47;12.21
2023-05-01 12:37:46;12.08
2023-05-01 12:57:46;11.91
2023-05-01 13:17:46;11.84
2023-05-01 13:37:46;11.79
2023-05-01 13:57:45;11.8
2023-05-01 14:17:45;11.79
2023-05-01 14:37:45;11.76
2023-05-01 14:57:45;11.79
2023-05-01 15:17:45;11.84
2023-05-01 15:37:44;11.84
2023-05-01 15:57:44;11.81
2023-05-01 16:17:44;11.81
2023-05-01 16:37:44;11.79
2023-05-01 16:57:43;11.82
2023-05-01 17:17:43;11.84
2023-05-01 17:37:43;11.86
2023-05-01 17:57:43;11.83
2023-05-01 18:17:43;11.81
2023-05-01 18:37:42;11.81
2023-05-01 18:57:42;11.81
2023-05-01 19:17:42;11.79
2023-05-01 19:37:42;11.79
2023-05-01 19:57:41;11.84
2023-05-01 20:17:41;11.81
2023-05-01 20:37:41;11.82
2023-05-01 20:57:41;11.79
2023-05-01 21:37:40;11.8
2023-05-01 21:57:40;11.79
2023-05-01 22:17:40;11.77
2023-05-01 22:57:40;11.78
2023-05-01 23:17:39;11.82
2023-05-01 23:37:39;11.79
2023-05-01 23:57:39;11.79
2023-05-02 00:17:39;11.77
2023-05-02 00:37:38;11.74
2023-05-02 00:57:38;11.76
2023-05-02 01:17:38;11.72
2023-05-02 01:37:38;11.75
2023-05-02 01:57:38;11.76
2023-05-02 02:17:37;11.72
2023-05-02 02:37:37;11.75
2023-05-02 02:57:37;11.74
2023-05-02 03:17:37;11.72
2023-05-02 03:37:36;11.74
2023-05-02 03:57:36;11.77
2023-05-02 04:17:36;11.75
2023-05-02 04:37:36;11.75
2023-05-02 04:57:36;11.77
2023-05-02 05:17:35;11.81
2023-05-02 05:37:35;11.82
2023-05-02 05:57:35;11.79
2023-05-02 06:17:35;11.81
2023-05-02 06:37:34;11.82
2023-05-02 06:57:35;11.81
2023-05-02 07:17:34;11.82
2023-05-02 07:37:34;11.84
2023-05-02 07:57:34;11.81
2023-05-02 08:17:33;11.91
2023-05-02 08:37:33;12.31
2023-05-02 08:57:33;12.5
2023-05-02 09:37:32;12.8
2023-05-02 09:57:32;12.93
2023-05-02 10:17:32;12.95
2023-05-02 10:37:32;13.07
2023-05-02 10:57:32;13
2023-05-02 11:17:31;13.09
2023-05-02 11:37:31;13.12
2023-05-02 11:57:31;13.2
2023-05-02 12:17:31;13.26
2023-05-02 12:37:30;13.29
2023-05-02 12:57:30;13.28
2023-05-02 13:17:30;12.98
2023-05-02 13:37:30;12.65
2023-05-02 13:57:30;12.48
2023-05-02 14:17:29;12.34
2023-05-02 14:37:29;12.29
2023-05-02 14:57:29;12.29
2023-05-02 15:17:29;12.33
2023-05-02 15:37:28;12.32
2023-05-02 15:57:28;12.29
2023-05-02 16:17:28;12.28
2023-05-02 16:37:28;12.28
2023-05-02 16:57:28;12.27
2023-05-02 17:17:27;12.2
2023-05-02 17:37:27;12.15
2023-05-02 18:17:27;12.16
2023-05-02 18:37:27;12.14
2023-05-02 18:57:26;12.11
2023-05-02 19:17:26;12.13
2023-05-02 19:37:26;12.11
2023-05-02 20:17:25;12.04
2023-05-02 20:37:25;12.05
2023-05-02 20:57:25;12.06
2023-05-02 21:17:25;12
2023-05-02 21:37:25;12.01
2023-05-02 21:57:24;12.02
2023-05-02 22:17:24;11.97
2023-05-02 22:57:24;11.99
2023-05-02 23:17:23;11.97
2023-05-02 23:37:23;11.94
2023-05-02 23:57:23;11.93
2023-05-03 00:17:23;11.92
2023-05-03 00:37:23;11.95
2023-05-03 00:57:22;11.96
2023-05-03 01:17:22;11.96
2023-05-03 01:37:22;11.92
2023-05-03 01:57:23;11.95
2023-05-03 02:37:21;11.93
2023-05-03 02:57:21;11.9
2023-05-03 03:17:21;11.94
2023-05-03 03:37:21;11.91
2023-05-03 03:57:20;11.91
2023-05-03 04:17:20;11.91
2023-05-03 04:37:20;11.89
2023-05-03 04:57:20;11.89
2023-05-03 05:17:20;11.9
2023-05-03 05:37:19;11.88
2023-05-03 05:57:19;11.89
2023-05-03 06:17:19;11.85
2023-05-03 06:37:19;11.83
2023-05-03 07:17:18;11.87
2023-05-03 07:37:18;11.86
2023-05-03 08:17:18;11.83
2023-05-03 08:37:17;11.86
2023-05-03 08:57:17;11.8
2023-05-03 09:17:17;11.84
2023-05-03 09:37:17;11.86
2023-05-03 09:57:16;11.86
2023-05-03 10:37:16;11.86
2023-05-03 10:57:16;12.11
2023-05-03 11:17:16;12.77
2023-05-03 11:37:15;12.79
2023-05-03 11:57:15;12.55
2023-05-03 12:17:15;12.45
2023-05-03 12:37:15;12.25
2023-05-03 12:57:14;12.15
2023-05-03 13:17:14;12.12
2023-05-03 13:37:14;12.15
2023-05-03 13:57:14;12.13
2023-05-03 14:17:14;12.12
2023-05-03 14:37:13;12.16
2023-05-03 14:57:13;12.09
2023-05-03 15:37:13;12.05
2023-05-03 15:57:12;12.07
2023-05-03 16:57:12;12.03
2023-05-03 17:17:12;12.03
2023-05-03 17:57:11;12.05
2023-05-03 18:37:11;12.05
2023-05-03 18:57:11;11.98
2023-05-03 19:17:10;12.03
2023-05-03 19:37:10;11.97
2023-05-03 19:57:10;11.99
2023-05-03 20:17:10;11.99
2023-05-03 20:37:09;12
2023-05-03 21:37:09;11.96
2023-05-03 21:57:09;11.93
2023-05-03 22:17:08;11.93
2023-05-03 22:37:08;11.98
2023-05-03 22:57:08;11.93
2023-05-03 23:17:08;11.89
2023-05-03 23:37:08;11.89
2023-05-03 23:57:07;11.92
2023-05-04 00:17:07;11.95
2023-05-04 00:37:07;11.93
2023-05-04 00:57:07;11.91
2023-05-04 01:17:06;11.9
2023-05-04 01:37:06;11.89
2023-05-04 02:17:06;11.86
2023-05-04 02:37:05;11.91
2023-05-04 02:57:05;11.88
2023-05-04 03:17:05;11.86
2023-05-04 03:57:06;11.89
2023-05-04 04:17:04;11.84
2023-05-04 04:37:04;11.83
2023-05-04 04:57:04;11.87
2023-05-04 05:17:04;11.86
2023-05-04 05:57:03;11.84
2023-05-04 06:17:03;11.87
2023-05-04 06:37:03;11.84
2023-05-04 06:57:03;11.82
2023-05-04 07:17:02;11.84
2023-05-04 07:37:02;11.91
2023-05-04 08:17:02;11.89
2023-05-04 08:37:02;11.91
2023-05-04 08:57:01;11.89
2023-05-04 09:17:01;11.92
2023-05-04 09:37:01;11.94
2023-05-04 09:57:01;11.96
2023-05-04 10:17:00;11.99
2023-05-04 10:37:00;11.96
2023-05-04 10:57:00;12.03
2023-05-04 11:17:00;12.33
2023-05-04 11:37:00;12.58
2023-05-04 11:56:59;12.47
2023-05-04 12:16:59;12.27
2023-05-04 12:56:59;12.21
2023-05-04 13:16:58;12.31
2023-05-04 13:36:58;12.25
2023-05-04 13:56:58;12.31
2023-05-04 14:36:58;12.28
2023-05-04 15:36:57;12.86
2023-05-04 15:56:57;13.11
2023-05-04 16:16:56;12.76
2023-05-04 16:36:56;12.55
2023-05-04 17:16:56;12.4
2023-05-04 18:16:55;12.33
2023-05-04 18:36:55;12.27
2023-05-04 18:56:55;12.15
2023-05-04 19:16:54;12.15
2023-05-04 19:36:54;12.12
2023-05-04 20:16:54;12.05
2023-05-04 20:36:54;11.99
2023-05-04 20:56:54;11.96
2023-05-04 21:16:53;11.96
2023-05-04 21:36:53;11.96
2023-05-04 21:56:53;11.93
2023-05-04 22:16:53;11.93
2023-05-04 22:36:52;11.93
2023-05-04 22:56:52;11.91
2023-05-04 23:16:52;11.91
2023-05-04 23:36:52;11.95
2023-05-04 23:56:51;11.89
2023-05-05 00:16:51;11.89
2023-05-05 00:36:51;11.84
2023-05-05 00:56:51;11.82
2023-05-05 01:16:51;11.81
2023-05-05 01:36:50;11.78
2023-05-05 02:16:50;11.73
2023-05-05 02:36:58;11.74
2023-05-05 02:56:52;11.74
2023-05-05 03:16:49;11.74
2023-05-05 03:36:49;11.69
2023-05-05 03:56:49;11.69
2023-05-05 04:16:49;11.7
2023-05-05 04:36:48;11.7
2023-05-05 04:56:48;11.72
2023-05-05 05:16:48;11.71
2023-05-05 05:36:48;11.7
2023-05-05 05:56:47;11.69
2023-05-05 06:16:47;11.68
2023-05-05 06:36:47;11.67
2023-05-05 06:56:47;11.74
2023-05-05 07:16:47;11.72
2023-05-05 07:36:46;11.79
2023-05-05 07:56:46;11.84
2023-05-05 08:16:46;11.79
2023-05-05 08:36:46;11.83
2023-05-05 08:56:45;11.87
2023-05-05 09:16:45;11.93
2023-05-05 09:36:45;11.94
2023-05-05 09:56:45;11.97
2023-05-05 10:16:45;12
2023-05-05 10:36:44;12.09
2023-05-05 10:56:44;12.09
2023-05-05 11:36:44;12.14
2023-05-05 11:56:44;12.17
2023-05-05 12:16:43;12.24
2023-05-05 12:36:43;12.2
2023-05-05 12:56:43;12.27
2023-05-05 13:36:42;12.31
2023-05-05 13:56:42;12.33
2023-05-05 14:16:42;12.41
2023-05-05 14:36:42;12.41
2023-05-05 14:56:42;12.43
2023-05-05 15:16:42;12.46
2023-05-05 15:36:41;12.4
2023-05-05 15:56:41;12.42
2023-05-05 16:16:41;12.41
2023-05-05 17:36:40;12.49
2023-05-05 17:56:40;12.44
2023-05-05 18:16:39;12.41
2023-05-05 18:36:39;12.44
2023-05-05 19:16:39;12.33
2023-05-05 19:36:38;12.34
2023-05-05 19:56:38;12.28
2023-05-05 20:16:38;12.2
2023-05-05 20:36:38;12.15
2023-05-05 21:16:37;12.08
2023-05-05 21:36:37;12.06
2023-05-05 21:56:37;12.05
2023-05-05 22:16:37;12.01
2023-05-05 22:56:36;11.97
2023-05-05 23:16:36;11.91
2023-05-05 23:36:36;11.93
2023-05-05 23:56:36;11.92
2023-05-06 00:56:35;11.87
2023-05-06 01:16:35;11.91
2023-05-06 01:36:35;11.95
2023-05-06 01:56:34;11.91
2023-05-06 02:16:34;11.96
2023-05-06 02:56:34;11.92
2023-05-06 03:36:33;11.93
2023-05-06 03:56:33;11.92
2023-05-06 04:16:33;11.96
2023-05-06 04:36:33;11.93
2023-05-06 04:56:32;11.91
2023-05-06 05:16:32;11.91
2023-05-06 05:56:32;11.9
2023-05-06 06:16:31;11.91
2023-05-06 06:36:31;11.89
2023-05-06 06:56:31;11.9
2023-05-06 07:16:32;11.96
2023-05-06 07:36:31;11.92
2023-05-06 07:56:30;11.96
2023-05-06 08:36:30;12.07
2023-05-06 09:16:29;12.15
2023-05-06 09:36:29;12.27
2023-05-06 10:16:29;13.29
2023-05-06 10:36:29;14.02
2023-05-06 10:56:28;13.71
2023-05-06 11:36:28;12.86
2023-05-06 11:56:28;12.72
2023-05-06 12:16:28;12.73
2023-05-06 12:36:27;12.77
2023-05-06 12:56:27;12.8
2023-05-06 13:16:27;12.81
2023-05-06 13:36:27;12.9
2023-05-06 13:56:26;12.86
2023-05-06 14:36:26;12.87
2023-05-06 14:56:26;12.92
2023-05-06 15:16:26;12.97
2023-05-06 15:56:25;12.92
2023-05-06 16:16:26;12.96
2023-05-06 16:36:25;12.95
2023-05-06 16:56:24;12.96
2023-05-06 17:16:24;12.95
2023-05-06 17:36:25;13.45
2023-05-06 17:56:24;13.75
2023-05-06 18:36:23;13.03
2023-05-06 18:56:23;12.91
2023-05-06 19:16:23;12.84
2023-05-06 19:36:23;12.76
2023-05-06 19:56:22;12.7
2023-05-06 20:36:22;12.58
2023-05-06 21:16:22;12.47
2023-05-06 21:36:21;12.44
2023-05-06 21:56:21;12.41
2023-05-06 22:16:21;12.36
2023-05-06 22:36:21;12.36
2023-05-06 22:56:21;12.33
2023-05-06 23:16:20;12.29
2023-05-06 23:36:20;12.32
2023-05-06 23:56:20;12.28
2023-05-07 00:16:20;12.25
2023-05-07 00:36:19;12.22
2023-05-07 00:56:19;12.26
2023-05-07 01:16:19;12.25
2023-05-07 01:36:19;12.23
2023-05-07 01:56:18;12.2
2023-05-07 02:16:18;12.19
2023-05-07 02:36:18;12.21
2023-05-07 02:56:18;12.22
2023-05-07 03:16:18;12.13
2023-05-07 03:36:17;12.19
2023-05-07 03:56:17;12.12
2023-05-07 04:16:17;12.15
2023-05-07 04:36:17;12.12
2023-05-07 04:56:17;12.17
2023-05-07 05:16:16;12.16
2023-05-07 05:36:16;12.13
2023-05-07 05:56:24;12.14
2023-05-07 06:16:17;12.11
2023-05-07 06:36:15;12.14
2023-05-07 06:56:15;12.11
2023-05-07 07:36:15;12.22
2023-05-07 07:56:15;12.26
2023-05-07 08:16:14;12.3
2023-05-07 08:36:14;12.37
2023-05-07 09:16:14;12.55
2023-05-07 09:36:13;13.07
2023-05-07 09:56:13;13.38
2023-05-07 10:16:13;13.72
2023-05-07 10:36:13;13.66
2023-05-07 10:56:13;13.12
2023-05-07 11:16:12;12.98
2023-05-07 11:56:12;12.98
2023-05-07 12:16:12;13.03
2023-05-07 13:16:11;13.15
2023-05-07 13:36:11;13.15
2023-05-07 13:56:11;13.14
2023-05-07 14:16:10;13.18
2023-05-07 14:36:10;13.22
2023-05-07 14:56:11;13.24
2023-05-07 15:16:10;13.31
2023-05-07 15:36:09;13.31
2023-05-07 15:56:09;14.08
2023-05-07 16:16:09;14.65
2023-05-07 17:36:08;13.73
2023-05-07 17:56:08;13.57
2023-05-07 18:36:07;13.36
2023-05-07 18:56:07;13.31
2023-05-07 19:16:07;13.32
2023-05-07 19:36:07;13.25
2023-05-07 19:56:07;13.16
2023-05-07 20:16:06;13.07
2023-05-07 20:56:06;12.96
2023-05-07 21:36:06;12.87
2023-05-07 21:56:05;12.89
2023-05-07 22:16:05;12.84
2023-05-07 22:36:05;12.82
2023-05-07 22:56:05;12.81
2023-05-07 23:16:04;12.76
2023-05-07 23:36:04;12.76
2023-05-07 23:56:04;12.7
2023-05-08 00:16:04;12.7
2023-05-08 00:36:04;12.65
2023-05-08 00:56:03;12.64
2023-05-08 01:16:03;12.67
2023-05-08 01:36:03;12.63
2023-05-08 01:56:03;12.6
2023-05-08 02:16:02;12.59
2023-05-08 02:56:02;12.55
2023-05-08 03:16:02;12.53
2023-05-08 03:36:02;12.55
2023-05-08 03:56:01;12.54
2023-05-08 04:16:01;12.53
2023-05-08 04:36:01;12.48
2023-05-08 04:56:01;12.55
2023-05-08 05:16:00;12.52
2023-05-08 05:36:00;12.54
2023-05-08 05:56:00;12.55
2023-05-08 06:16:00;12.55
2023-05-08 06:36:00;12.5
2023-05-08 06:55:59;12.5
2023-05-08 07:15:59;12.53
2023-05-08 07:35:59;12.55
2023-05-08 08:15:59;12.57
2023-05-08 08:35:58;12.66
2023-05-08 08:55:58;12.67
2023-05-08 09:15:58;12.68
2023-05-08 09:35:58;12.7
2023-05-08 09:55:57;12.84
2023-05-08 10:15:57;13.11
2023-05-08 10:35:57;13.49
2023-05-08 11:15:57;13.64
2023-05-08 11:35:56;13.57
2023-05-08 11:55:56;13.26
2023-05-08 12:15:56;13.17
2023-05-08 12:35:56;13.08
2023-05-08 12:55:55;13.05
2023-05-08 13:15:55;13
2023-05-08 13:35:55;12.97
2023-05-08 13:55:55;12.89
2023-05-08 14:15:55;12.87
2023-05-08 14:35:54;12.86
2023-05-08 14:55:54;12.91
2023-05-08 15:35:54;12.85
2023-05-08 15:55:53;12.89
2023-05-08 16:15:53;12.86
2023-05-08 16:35:53;12.89
2023-05-08 16:55:53;12.82
2023-05-08 17:15:53;12.79
2023-05-08 17:35:52;12.79
2023-05-08 18:15:52;12.83
2023-05-08 18:35:52;12.79
2023-05-08 18:55:51;12.76
2023-05-08 19:15:51;12.77
2023-05-08 19:35:51;12.74
2023-05-08 19:55:51;12.76
2023-05-08 20:15:51;12.71
2023-05-08 20:35:50;12.75
2023-05-08 21:35:50;12.7
2023-05-08 22:15:49;12.68
2023-05-08 22:35:49;12.68
2023-05-08 22:55:49;12.66
2023-05-08 23:55:48;12.6
2023-05-09 00:15:48;12.61
2023-05-09 00:35:48;12.6
2023-05-09 01:55:47;12.63
2023-05-09 02:15:47;12.63
2023-05-09 02:35:46;12.62
2023-05-09 03:15:46;12.63
2023-05-09 03:55:46;12.64
2023-05-09 04:15:45;12.65
2023-05-09 04:35:45;12.62
2023-05-09 04:55:45;12.6
2023-05-09 05:15:45;12.6
2023-05-09 05:35:44;12.6
2023-05-09 06:15:45;12.58
2023-05-09 06:35:44;12.62
2023-05-09 06:55:44;12.59
2023-05-09 07:15:43;12.6
2023-05-09 07:55:43;12.58
2023-05-09 08:15:43;12.58
2023-05-09 08:35:42;12.59
2023-05-09 08:55:42;12.56
2023-05-09 09:15:42;12.58
2023-05-09 09:35:42;12.54
2023-05-09 10:15:41;12.58
2023-05-09 10:35:41;12.62
2023-05-09 10:55:41;12.6
2023-05-09 11:15:41;12.61
2023-05-09 11:35:40;12.6
2023-05-09 11:55:40;12.68
2023-05-09 12:15:40;12.7
2023-05-09 13:15:39;12.7
2023-05-09 13:35:39;12.71
2023-05-09 13:55:39;12.71
2023-05-09 14:15:39;12.76
2023-05-09 14:35:38;12.75
2023-05-09 14:55:40;12.8
2023-05-09 15:15:38;12.81
2023-05-09 15:35:38;12.78
2023-05-09 15:55:38;12.78
2023-05-09 16:35:37;12.79
2023-05-09 16:55:37;13.06
2023-05-09 17:15:37;13.43
2023-05-09 17:35:36;13.5
2023-05-09 17:55:38;13.45
2023-05-09 18:15:36;13.36
2023-05-09 18:55:36;12.98
2023-05-09 19:35:35;12.9
2023-05-09 19:55:35;12.81
2023-05-09 20:15:35;12.81
2023-05-09 20:35:35;12.8
2023-05-09 21:15:34;12.75
2023-05-09 21:55:34;12.75
2023-05-09 22:15:33;12.68
2023-05-09 22:35:33;12.7
2023-05-09 22:55:34;12.67
2023-05-09 23:35:33;12.64
2023-05-09 23:55:33;12.62
2023-05-10 00:15:32;12.62
2023-05-10 00:35:32;12.62
2023-05-10 01:15:31;12.6
2023-05-10 01:55:32;12.58
2023-05-10 02:15:31;12.59
2023-05-10 02:35:31;12.57
2023-05-10 02:55:30;12.51
2023-05-10 03:35:30;12.47
2023-05-10 04:15:30;12.48
2023-05-10 04:55:29;12.49
2023-05-10 05:15:29;12.51
2023-05-10 05:35:29;12.5
2023-05-10 05:55:28;12.5
2023-05-10 06:15:28;12.48
2023-05-10 06:35:28;12.52
2023-05-10 06:55:32;12.53
2023-05-10 07:55:27;12.58
2023-05-10 08:15:27;12.6
2023-05-10 09:15:26;12.67
2023-05-10 09:35:26;12.73
2023-05-10 09:55:26;12.74
2023-05-10 10:15:26;12.76
2023-05-10 10:35:25;12.77
2023-05-10 11:15:25;12.79
2023-05-10 11:35:25;12.79
2023-05-10 11:55:24;12.79
2023-05-10 12:15:24;12.85
2023-05-10 12:35:24;12.86
2023-05-10 12:55:24;12.86
2023-05-10 13:35:23;12.89
2023-05-10 13:55:23;12.89
2023-05-10 14:15:23;12.91
2023-05-10 14:35:23;12.86
2023-05-10 14:55:22;12.93
2023-05-10 15:15:22;12.87
2023-05-10 15:35:22;12.93
2023-05-10 15:55:22;12.91
2023-05-10 16:15:22;12.94
2023-05-10 16:35:21;12.9
2023-05-10 16:55:21;12.95
2023-05-10 17:35:21;12.98
2023-05-10 17:55:21;13.14
2023-05-10 18:15:20;13.22
2023-05-10 18:35:20;13.02
2023-05-10 18:55:20;12.86
2023-05-10 19:35:19;12.75
2023-05-10 19:55:19;12.74
2023-05-10 20:55:19;12.68
2023-05-10 21:15:18;12.68
2023-05-10 21:35:18;12.68
2023-05-10 21:55:18;12.67
2023-05-10 22:15:18;12.67
2023-05-10 22:35:17;12.61
2023-05-10 22:55:17;12.63
2023-05-10 23:15:17;12.6
2023-05-10 23:35:17;12.62
2023-05-10 23:55:17;12.59
2023-05-11 00:15:16;12.58
2023-05-11 00:35:16;12.61
2023-05-11 01:15:16;12.55
2023-05-11 01:35:15;12.55
2023-05-11 01:55:15;12.55
2023-05-11 02:15:15;12.54
2023-05-11 02:35:15;12.53
2023-05-11 02:55:15;12.55
2023-05-11 03:35:14;12.56
2023-05-11 03:55:14;12.52
2023-05-11 04:15:14;12.54
2023-05-11 04:35:13;12.52
2023-05-11 04:55:13;12.52
2023-05-11 05:15:13;12.53
2023-05-11 05:35:13;12.52
2023-05-11 05:55:13;12.52
2023-05-11 06:35:12;12.46
2023-05-11 06:55:12;12.47
2023-05-11 07:15:12;12.52
2023-05-11 07:55:11;12.6
2023-05-11 08:15:11;12.6
2023-05-11 08:55:11;12.66
2023-05-11 09:15:11;12.69
2023-05-11 09:35:10;12.74
2023-05-11 10:15:10;12.85
2023-05-11 10:35:10;12.86
2023-05-11 10:55:11;12.93
2023-05-11 11:35:09;13.17
2023-05-11 11:55:09;13.42
2023-05-11 12:15:08;13.5
2023-05-11 12:35:08;13.27
2023-05-11 12:55:08;13.19
2023-05-11 13:15:08;13.14
2023-05-11 13:35:08;13.12
2023-05-11 14:15:07;13.14
2023-05-11 14:35:07;13.19
2023-05-11 14:55:07;13.14
2023-05-11 15:15:06;13.23
2023-05-11 15:35:06;13.27
2023-05-11 16:15:06;13.21
2023-05-11 16:55:05;13.22
2023-05-11 17:15:05;13.23
2023-05-11 17:35:05;13.14
2023-05-11 17:55:05;13.09
2023-05-11 18:15:04;13.06
2023-05-11 18:35:04;13.02
2023-05-11 18:55:04;12.98
2023-05-11 19:15:04;12.93
2023-05-11 19:35:04;12.89
2023-05-11 19:55:04;12.86
2023-05-11 20:35:03;12.76
2023-05-11 20:55:03;12.72
2023-05-11 21:15:03;12.67
2023-05-11 21:35:02;12.68
2023-05-11 21:55:02;12.6
2023-05-11 22:15:02;12.62
2023-05-11 22:55:01;12.58
2023-05-11 23:35:01;12.6
2023-05-11 23:55:01;12.51
2023-05-12 00:15:01;12.54
2023-05-12 00:35:00;12.5
2023-05-12 01:15:00;12.46
2023-05-12 01:35:00;12.44
2023-05-12 01:55:00;12.47
2023-05-12 02:34:59;12.39
2023-05-12 02:54:59;12.34
2023-05-12 03:34:58;12.25
2023-05-12 03:54:58;12.21
2023-05-12 04:14:58;12.26
2023-05-12 04:34:58;12.21
2023-05-12 04:54:57;12.13
2023-05-12 05:14:57;12.17
2023-05-12 05:34:57;12.12
2023-05-12 05:54:57;12.1
2023-05-12 06:14:57;12.08
2023-05-12 06:34:56;12.1
2023-05-12 06:54:57;12.1
2023-05-12 07:14:56;12.17
2023-05-12 07:54:55;12.24
2023-05-12 08:14:55;12.27
2023-05-12 08:34:55;12.33
2023-05-12 08:54:55;12.37
2023-05-12 09:14:55;12.42
2023-05-12 09:34:54;12.48
2023-05-12 10:34:54;12.52
2023-05-12 11:14:53;12.66
2023-05-12 11:34:54;12.64
2023-05-12 11:54:53;12.69
2023-05-12 12:14:53;12.67
2023-05-12 13:14:52;12.67
2023-05-12 13:34:52;12.67
2023-05-12 13:54:52;12.68
2023-05-12 14:14:51;12.67
2023-05-12 14:34:51;12.72
2023-05-12 14:54:51;12.78
2023-05-12 15:14:51;12.8
2023-05-12 15:34:50;12.74
2023-05-12 15:54:50;12.84
2023-05-12 16:14:50;12.93
2023-05-12 16:34:50;12.86
2023-05-12 16:54:50;12.83
2023-05-12 17:14:49;12.81
2023-05-12 17:34:49;12.74
2023-05-12 17:54:49;12.72
2023-05-12 18:14:49;12.73
2023-05-12 18:34:48;12.69
2023-05-12 18:54:48;12.65
2023-05-12 19:14:48;12.61
2023-05-12 19:54:48;12.55
2023-05-12 20:14:47;12.52
2023-05-12 21:14:47;12.43
2023-05-12 21:34:47;12.43
2023-05-12 21:54:46;12.46
2023-05-12 22:14:46;12.43
2023-05-12 22:34:46;12.43
2023-05-12 22:54:46;12.38
2023-05-12 23:14:53;12.36
2023-05-12 23:34:45;12.36
2023-05-13 00:14:45;12.28
2023-05-13 00:34:45;12.3
2023-05-13 00:54:44;12.33
2023-05-13 01:14:44;12.29
2023-05-13 02:14:43;12.27
2023-05-13 02:34:43;12.22
2023-05-13 02:54:43;12.25
2023-05-13 03:14:43;12.21
2023-05-13 03:34:43;12.23
2023-05-13 03:54:42;12.19
2023-05-13 04:14:42;12.2
2023-05-13 04:34:42;12.17
2023-05-13 04:54:42;12.13
2023-05-13 05:14:41;12.11
2023-05-13 05:34:41;12.1
2023-05-13 05:54:41;12.14
2023-05-13 06:14:42;12.1
2023-05-13 06:34:41;12.1
2023-05-13 06:54:40;12.12
2023-05-13 07:34:40;12.17
2023-05-13 07:54:40;12.24
2023-05-13 08:14:39;12.27
2023-05-13 08:54:39;12.31
2023-05-13 09:14:39;12.32
2023-05-13 09:34:39;12.31
2023-05-13 09:54:38;12.37
2023-05-13 10:14:38;12.35
2023-05-13 10:34:38;12.4
2023-05-13 10:54:38;12.4
2023-05-13 11:14:38;12.39
2023-05-13 11:34:37;12.39
2023-05-13 11:54:37;12.37
2023-05-13 12:34:37;12.41
2023-05-13 12:54:36;12.41
2023-05-13 13:14:36;12.43
2023-05-13 13:34:36;12.41
2023-05-13 13:54:36;12.46
2023-05-13 14:14:36;12.48
2023-05-13 14:34:35;12.55
2023-05-13 15:14:35;12.52
2023-05-13 15:34:35;12.52
2023-05-13 15:54:34;12.59
2023-05-13 16:14:34;12.6
2023-05-13 16:34:35;12.51
2023-05-13 16:54:34;12.52
2023-05-13 17:14:34;12.55
2023-05-13 17:34:34;12.58
2023-05-13 17:54:34;12.56
2023-05-13 18:14:33;12.54
2023-05-13 18:34:33;12.53
2023-05-13 18:54:32;12.51
2023-05-13 19:34:32;12.5
2023-05-13 19:54:32;12.53
2023-05-13 20:34:31;12.48
2023-05-13 20:54:31;12.47
2023-05-13 21:34:31;12.46
2023-05-13 21:54:31;12.43
2023-05-13 22:14:30;12.47
2023-05-13 22:54:30;12.42
2023-05-13 23:14:30;12.42
2023-05-13 23:54:29;12.45
2023-05-14 01:14:28;12.44
2023-05-14 01:34:28;12.46
2023-05-14 01:54:28;12.44
2023-05-14 02:14:28;12.48
2023-05-14 02:34:27;12.46
2023-05-14 02:54:27;12.44
2023-05-14 03:14:27;12.44
2023-05-14 03:34:27;12.46
2023-05-14 03:54:27;12.46
2023-05-14 04:34:26;12.45
2023-05-14 05:14:26;12.45
2023-05-14 05:34:25;12.42
2023-05-14 05:54:25;12.41
2023-05-14 06:14:25;12.44
2023-05-14 06:34:25;12.43
2023-05-14 06:54:25;12.43
2023-05-14 07:14:24;12.47
2023-05-14 07:34:24;12.46
2023-05-14 07:54:24;12.5
2023-05-14 08:14:24;12.51
2023-05-14 08:54:23;12.62
2023-05-14 09:14:23;12.67
2023-05-14 09:34:23;12.75
2023-05-14 09:54:23;12.8
2023-05-14 10:14:22;12.79
2023-05-14 10:34:22;12.91
2023-05-14 10:54:22;12.93
2023-05-14 11:14:22;12.94
2023-05-14 11:34:22;12.95
2023-05-14 11:54:21;13
2023-05-14 12:14:21;13.06
2023-05-14 13:14:20;13.17
2023-05-14 13:34:20;13.19
2023-05-14 13:54:20;13.26
2023-05-14 14:14:20;13.22
2023-05-14 15:34:19;13.32
2023-05-14 15:54:19;13.31
2023-05-14 16:14:18;13.23
2023-05-14 16:34:18;13.39
2023-05-14 16:54:18;13.36
2023-05-14 17:14:18;13.3
2023-05-14 17:34:18;13.21
2023-05-14 17:54:17;13.24
2023-05-14 18:14:17;13.24
2023-05-14 18:34:17;13.2
2023-05-14 18:54:17;13.19
2023-05-14 19:14:16;13.14
2023-05-14 19:34:16;13.1
2023-05-14 19:54:16;13.05
2023-05-14 20:14:16;13
2023-05-14 20:34:16;12.96
2023-05-14 21:14:15;12.93
2023-05-14 22:14:15;12.89
2023-05-14 22:34:14;12.86
2023-05-14 22:54:14;12.83
2023-05-14 23:14:14;12.83
2023-05-14 23:34:14;12.81
2023-05-14 23:54:13;12.77
2023-05-15 00:14:13;12.78
2023-05-15 00:34:14;12.79
2023-05-15 00:54:13;12.79
2023-05-15 01:14:13;12.77
2023-05-15 01:34:12;12.78
2023-05-15 02:34:12;12.75
2023-05-15 02:54:12;12.77
2023-05-15 03:14:12;12.79
2023-05-15 03:34:11;12.74
2023-05-15 03:54:11;12.73
2023-05-15 04:14:11;12.75
2023-05-15 04:34:10;12.69
2023-05-15 04:54:10;12.73
2023-05-15 05:14:10;12.72
2023-05-15 05:34:10;12.71
2023-05-15 06:14:09;12.71
2023-05-15 07:14:09;12.66
2023-05-15 07:34:08;12.7
2023-05-15 07:54:08;12.73
2023-05-15 08:14:08;12.7
2023-05-15 08:54:07;12.67
2023-05-15 09:14:07;12.67
2023-05-15 09:34:07;12.66
2023-05-15 10:14:07;12.65
2023-05-15 10:34:06;12.66
2023-05-15 10:54:06;12.68
2023-05-15 11:54:06;12.63
2023-05-15 12:14:05;12.67
2023-05-15 12:34:05;12.67
2023-05-15 13:14:05;12.61
2023-05-15 13:54:04;12.62
2023-05-15 14:14:04;12.63
2023-05-15 14:34:04;12.64
2023-05-15 14:54:04;12.62
2023-05-15 15:20:10;12.62
2023-05-15 15:34:03;12.63
2023-05-15 15:54:03;12.64
2023-05-15 16:14:03;12.64
2023-05-15 16:35:20;12.66
2023-05-15 16:54:02;12.63
2023-05-15 17:14:02;12.63
2023-05-15 17:34:02;13.67
2023-05-15 18:14:01;13.64
2023-05-15 18:34:01;13.26
2023-05-15 18:54:01;13.17
2023-05-15 19:34:00;12.88
2023-05-15 19:54:00;12.83
2023-05-15 20:34:00;12.77
2023-05-15 20:54:00;12.76
2023-05-15 21:13:59;12.78
2023-05-15 21:33:59;12.75
2023-05-15 21:54:00;12.74
2023-05-15 22:13:59;12.73
2023-05-15 22:33:59;12.68
2023-05-15 23:13:58;12.71
2023-05-15 23:33:58;12.67
2023-05-15 23:53:58;12.69
2023-05-16 00:13:57;12.67
2023-05-16 00:33:57;12.7
2023-05-16 00:53:57;12.67
2023-05-16 01:13:57;12.68
2023-05-16 01:33:57;12.7
2023-05-16 01:53:56;12.7
2023-05-16 02:13:56;12.71
2023-05-16 02:33:56;12.67
2023-05-16 03:13:56;12.66
2023-05-16 03:33:55;12.66
2023-05-16 04:13:55;12.67
2023-05-16 04:33:55;12.67
2023-05-16 04:53:54;12.66
2023-05-16 05:13:54;12.63
2023-05-16 05:33:54;12.63
2023-05-16 06:13:53;12.65
2023-05-16 06:33:53;12.67
2023-05-16 06:53:53;12.64
2023-05-16 07:33:53;12.67
2023-05-16 08:13:52;12.66
2023-05-16 08:33:52;12.64
2023-05-16 09:13:51;12.69
2023-05-16 09:33:51;12.73
2023-05-16 09:53:51;12.75
2023-05-16 10:13:51;12.78
2023-05-16 10:33:51;12.83
2023-05-16 10:53:50;12.82
2023-05-16 11:13:50;12.85
2023-05-16 11:33:50;12.84
2023-05-16 11:53:54;12.83
2023-05-16 12:13:49;12.81
2023-05-16 12:33:50;12.78
2023-05-16 14:13:48;12.94
2023-05-16 14:33:48;12.97
2023-05-16 14:53:48;12.95
2023-05-16 15:13:48;12.98
2023-05-16 15:33:48;13.32
2023-05-16 16:53:46;13.12
2023-05-16 17:13:46;13
2023-05-16 17:33:46;12.99
2023-05-16 17:53:46;13.01
2023-05-16 18:13:46;12.93
2023-05-16 18:33:45;12.93
2023-05-16 18:53:45;12.87
2023-05-16 19:13:45;12.86
2023-05-16 19:53:44;12.82
2023-05-16 20:13:44;12.8
2023-05-16 20:33:44;12.74
2023-05-16 20:53:44;12.75
2023-05-16 21:13:44;12.74
2023-05-16 21:53:43;12.71
2023-05-16 22:13:43;12.73
2023-05-16 22:33:43;12.72
2023-05-16 23:13:42;12.74
2023-05-16 23:33:42;12.73
2023-05-16 23:53:42;12.71
2023-05-17 01:13:41;12.68
2023-05-17 01:33:41;12.65
2023-05-17 01:53:41;12.65
2023-05-17 02:33:40;12.67
2023-05-17 02:53:40;12.69
2023-05-17 03:33:39;12.65
2023-05-17 03:53:39;12.62
2023-05-17 04:13:39;12.64
2023-05-17 04:33:39;12.63
2023-05-17 04:53:39;12.64
2023-05-17 05:13:38;12.63
2023-05-17 05:53:38;12.63
2023-05-17 06:13:38;12.65
2023-05-17 06:33:37;12.62
2023-05-17 06:53:37;12.62
2023-05-17 07:13:37;12.62
2023-05-17 07:33:40;12.65
2023-05-17 07:53:37;12.64
2023-05-17 08:13:36;12.7
2023-05-17 08:53:36;12.7
2023-05-17 09:13:36;12.72
2023-05-17 09:33:35;12.74
2023-05-17 10:13:35;12.81
2023-05-17 10:33:35;12.83
2023-05-17 10:53:35;12.84
2023-05-17 11:53:34;12.89
2023-05-17 12:13:34;12.94
2023-05-17 12:33:34;12.91
2023-05-17 12:53:33;13.03
2023-05-17 13:33:34;13
2023-05-17 14:13:32;13.02
2023-05-17 14:33:32;13.05
2023-05-17 15:33:33;13.17
2023-05-17 15:53:31;13.22
2023-05-17 16:53:31;13.18
2023-05-17 17:33:30;13.15
2023-05-17 17:53:30;13.16
2023-05-17 18:13:30;13.08
2023-05-17 18:33:30;13.02
2023-05-17 18:53:29;12.95
2023-05-17 19:33:29;12.95
2023-05-17 20:13:28;12.93
2023-05-17 20:33:28;12.86
2023-05-17 20:53:28;12.86
2023-05-17 21:13:28;12.85
2023-05-17 22:13:27;12.79
2023-05-17 22:33:27;12.79
2023-05-17 22:53:27;12.79
2023-05-17 23:13:26;12.77
2023-05-17 23:33:26;12.75
2023-05-17 23:53:26;12.77
2023-05-18 00:13:26;12.77
2023-05-18 00:33:26;12.77
2023-05-18 00:53:25;12.77
2023-05-18 01:13:25;12.74
2023-05-18 01:53:25;12.71
2023-05-18 02:13:25;12.7
2023-05-18 02:53:25;12.67
2023-05-18 03:13:24;12.7
2023-05-18 03:33:24;12.67
2023-05-18 03:53:24;12.65
2023-05-18 04:13:23;12.65
2023-05-18 04:33:23;12.6
2023-05-18 04:53:23;12.64
2023-05-18 05:13:23;12.62
2023-05-18 05:33:22;12.64
2023-05-18 06:13:22;12.65
2023-05-18 06:33:22;12.63
2023-05-18 06:53:21;12.65
2023-05-18 07:33:21;12.71
2023-05-18 07:53:21;12.74
2023-05-18 08:13:21;12.73
2023-05-18 08:33:20;12.74
2023-05-18 08:53:21;12.76
2023-05-18 09:13:20;12.79
2023-05-18 10:33:19;12.79
2023-05-18 10:53:19;12.82
2023-05-18 11:33:18;12.86
2023-05-18 11:53:18;12.83
2023-05-18 12:13:18;12.81
2023-05-18 12:33:18;12.83
2023-05-18 12:53:18;12.83
2023-05-18 13:13:18;12.95
2023-05-18 13:33:17;12.99
2023-05-18 14:13:17;12.92
2023-05-18 14:33:17;12.96
2023-05-18 14:53:16;12.95
2023-05-18 15:13:16;12.97
2023-05-18 15:33:16;12.99
2023-05-18 15:53:16;12.94
2023-05-18 16:13:15;12.97
2023-05-18 16:33:16;12.95
2023-05-18 16:53:15;12.98
2023-05-18 17:13:15;12.95
2023-05-18 17:33:14;12.93
2023-05-18 17:53:14;12.91
2023-05-18 18:33:14;12.93
2023-05-18 18:53:15;12.9
2023-05-18 19:13:13;12.9
2023-05-18 19:33:13;12.86
2023-05-18 19:53:13;12.84
2023-05-18 20:33:13;12.8
2023-05-18 20:53:12;12.81
2023-05-18 21:13:12;12.82
2023-05-18 22:13:11;12.79
2023-05-18 22:33:11;12.81
2023-05-18 23:13:11;12.77
2023-05-18 23:53:10;12.76
2023-05-19 00:13:10;12.73
2023-05-19 00:53:10;12.76
2023-05-19 01:13:09;12.74
2023-05-19 01:53:09;12.74
2023-05-19 02:33:09;12.72
2023-05-19 02:53:08;12.71
2023-05-19 03:33:09;12.67
2023-05-19 03:53:08;12.71
2023-05-19 04:33:07;12.65
2023-05-19 04:53:07;12.69
2023-05-19 05:13:07;12.71
2023-05-19 06:13:06;12.68
2023-05-19 06:33:06;12.66
2023-05-19 06:53:06;12.7
2023-05-19 07:33:05;12.7
2023-05-19 07:53:06;12.67
2023-05-19 08:13:05;12.7
2023-05-19 08:33:05;12.7
2023-05-19 09:13:04;12.76
2023-05-19 09:33:04;12.77
2023-05-19 09:53:04;12.79
2023-05-19 10:13:04;12.85
2023-05-19 10:33:04;12.82
2023-05-19 10:53:03;12.86
2023-05-19 11:13:03;12.93
2023-05-19 11:33:03;12.95
2023-05-19 11:53:02;12.98
2023-05-19 12:13:02;13.02
2023-05-19 14:13:01;13.15
2023-05-19 14:33:01;13.17
2023-05-19 14:53:00;13.54
2023-05-19 15:13:00;13.85
2023-05-19 15:33:00;13.72
2023-05-19 15:53:00;13.52
2023-05-19 16:13:00;13.48
2023-05-19 16:32:59;13.46
2023-05-19 17:12:59;13.38
2023-05-19 17:32:59;13.38
2023-05-19 17:52:58;13.33
2023-05-19 18:12:58;13.36
2023-05-19 18:32:58;13.28
2023-05-19 19:12:58;13.21
2023-05-19 19:32:57;13.21
2023-05-19 19:52:57;13.19
2023-05-19 20:12:57;13.17
2023-05-19 21:32:56;13.1
2023-05-19 21:52:56;13.05
2023-05-19 22:12:56;13.09
2023-05-20 00:12:54;12.98
2023-05-20 00:52:54;13
2023-05-20 01:12:54;12.98
2023-05-20 01:32:53;12.93
2023-05-20 01:52:53;12.99
2023-05-20 02:32:53;12.94
2023-05-20 02:52:54;12.96
2023-05-20 03:32:52;12.94
2023-05-20 03:52:52;12.94
2023-05-20 04:32:51;12.89
2023-05-20 04:52:51;12.91
2023-05-20 05:12:51;12.91
2023-05-20 05:32:51;12.92
2023-05-20 05:52:51;12.91
2023-05-20 06:12:50;12.89
2023-05-20 06:52:50;12.9
2023-05-20 07:32:49;12.89
2023-05-20 07:52:49;12.91
2023-05-20 08:12:49;12.91
2023-05-20 08:32:49;12.9
2023-05-20 08:52:49;12.91
2023-05-20 09:52:48;12.93
2023-05-20 10:12:48;12.91
2023-05-20 10:32:48;12.98
2023-05-20 10:52:48;12.96
2023-05-20 11:12:47;12.96
2023-05-20 11:32:47;12.96
2023-05-20 11:52:48;13
2023-05-20 12:12:46;12.97
2023-05-20 13:32:46;13.03
2023-05-20 14:12:45;13.14
2023-05-20 14:32:45;13.17
2023-05-20 14:52:45;13.23
2023-05-20 15:52:44;13.14
2023-05-20 16:12:44;13.14
2023-05-20 16:52:44;13.41
2023-05-20 17:12:43;13.37
2023-05-20 17:32:43;13.25
2023-05-20 18:12:44;13.12
2023-05-20 18:32:42;13.09
2023-05-20 20:12:41;12.98
2023-05-20 20:32:41;12.94
2023-05-20 21:12:40;12.95
2023-05-20 21:52:40;12.93
2023-05-20 22:12:40;12.95
2023-05-20 22:32:40;12.93
2023-05-20 22:52:40;12.95
2023-05-20 23:12:39;12.93
2023-05-20 23:32:39;12.91
2023-05-20 23:52:39;12.91
2023-05-21 00:12:39;12.95
2023-05-21 00:32:38;12.91
2023-05-21 01:32:38;12.93
2023-05-21 01:52:39;12.89
2023-05-21 02:12:37;12.89
2023-05-21 02:32:37;12.9
2023-05-21 03:12:37;12.87
2023-05-21 03:52:36;12.91
2023-05-21 04:12:36;12.88
2023-05-21 04:32:36;12.88
2023-05-21 04:52:35;12.86
2023-05-21 05:32:35;12.88
2023-05-21 05:52:35;12.89
2023-05-21 06:12:35;12.88
2023-05-21 06:32:34;12.84
2023-05-21 06:52:34;12.88
2023-05-21 07:12:34;12.88
2023-05-21 08:12:33;12.89
2023-05-21 08:32:33;12.89
2023-05-21 08:52:33;12.89
2023-05-21 09:12:33;12.9
2023-05-21 09:32:32;12.89
2023-05-21 10:52:32;12.95
2023-05-21 11:12:31;12.95
2023-05-21 11:32:31;12.97
2023-05-21 11:52:31;12.96
2023-05-21 12:12:31;13.05
2023-05-21 12:32:30;13.05
2023-05-21 13:12:30;13.08
2023-05-21 13:32:30;13.12
2023-05-21 13:52:30;13.22
2023-05-21 14:12:29;13.26
2023-05-21 14:32:29;13.23
2023-05-21 15:12:29;13.26
2023-05-21 15:32:28;13.25
2023-05-21 16:52:28;13.21
2023-05-21 17:12:27;13.19
2023-05-21 17:32:27;13.22
2023-05-21 17:52:27;13.22
2023-05-21 18:52:26;13.1
2023-05-21 19:32:26;13.06
2023-05-21 19:52:26;13.09
2023-05-21 20:32:25;13.06
2023-05-21 21:12:25;13.05
2023-05-21 21:32:25;13.03
2023-05-21 21:52:24;13.01
2023-05-21 22:12:24;13.05
2023-05-21 22:32:24;13.02
2023-05-21 23:32:24;13