id;xcoord;ycoord;fid;castanea;vege;cat_vege;z_coord
;m;m;;;;;m
V;R;R;;;V;K;A
;;;;;;; 
id_cat;x;y;;;name_vegetation;category;absolute_depth
;;;;;;; 
593;1623667.195;4843459.1453;1;;castanea;1;0
717;1624667.195;4843259.1453;2;;castanea;1;0
772;1624467.195;4843159.1453;2;;castanea;1;0
2188;1623567.195;4840659.1453;18;;castanea;1;0
2246;1623667.195;4840559.1453;18;;castanea;1;0
478;1623567.195;4843659.1453;20;;castanea;1;0
479;1623667.195;4843659.1453;20;;castanea;1;0
480;1623767.195;4843659.1453;20;;castanea;1;0
534;1623467.195;4843559.1453;20;;castanea;1;0
535;1623567.195;4843559.1453;20;;castanea;1;0
536;1623667.195;4843559.1453;20;;castanea;1;0
591;1623467.195;4843459.1453;20;;castanea;1;0
592;1623567.195;4843459.1453;20;;castanea;1;0
646;1623267.195;4843359.1453;20;;castanea;1;0
648;1623467.195;4843359.1453;20;;castanea;1;0
2242;1623267.195;4840559.1453;25;;castanea;1;0
1902;1623467.195;4841159.1453;26;;castanea;1;0
1959;1623467.195;4841059.1453;26;;castanea;1;0
1960;1623567.195;4841059.1453;26;;castanea;1;0
2016;1623467.195;4840959.1453;26;;castanea;1;0
2136;1624067.195;4840759.1453;27;;castanea;1;0
2137;1624167.195;4840759.1453;27;;castanea;1;0
2194;1624167.195;4840659.1453;27;;castanea;1;0
2195;1624267.195;4840659.1453;27;;castanea;1;0
2204;1625167.195;4840659.1453;27;;castanea;1;0
2251;1624167.195;4840559.1453;27;;castanea;1;0
305;1623367.195;4843959.1453;28;;castanea;1;0
306;1623467.195;4843959.1453;28;;castanea;1;0
362;1623367.195;4843859.1453;28;;castanea;1;0
776;1624867.195;4843159.1453;29;;castanea;1;0
777;1624967.195;4843159.1453;29;;castanea;1;0
780;1625267.195;4843159.1453;29;;castanea;1;0
832;1624767.195;4843059.1453;29;;castanea;1;0
833;1624867.195;4843059.1453;29;;castanea;1;0
836;1625167.195;4843059.1453;29;;castanea;1;0
837;1625267.195;4843059.1453;29;;castanea;1;0
888;1624667.195;4842959.1453;29;;castanea;1;0
889;1624767.195;4842959.1453;29;;castanea;1;0
890;1624867.195;4842959.1453;29;;castanea;1;0
892;1625067.195;4842959.1453;29;;castanea;1;0
893;1625167.195;4842959.1453;29;;castanea;1;0
894;1625267.195;4842959.1453;29;;castanea;1;0
945;1624667.195;4842859.1453;29;;castanea;1;0
947;1624867.195;4842859.1453;29;;castanea;1;0
948;1624967.195;4842859.1453;29;;castanea;1;0
951;1625267.195;4842859.1453;29;;castanea;1;0
1004;1624867.195;4842759.1453;29;;castanea;1;0
1008;1625267.195;4842759.1453;29;;castanea;1;0
1064;1625167.195;4842659.1453;29;;castanea;1;0
1065;1625267.195;4842659.1453;29;;castanea;1;0
1066;1625367.195;4842659.1453;29;;castanea;1;0
1122;1625267.195;4842559.1453;29;;castanea;1;0
1123;1625367.195;4842559.1453;29;;castanea;1;0
1177;1625067.195;4842459.1453;29;;castanea;1;0
1178;1625167.195;4842459.1453;29;;castanea;1;0
1179;1625267.195;4842459.1453;29;;castanea;1;0
1180;1625367.195;4842459.1453;29;;castanea;1;0
1232;1624867.195;4842359.1453;29;;castanea;1;0
1233;1624967.195;4842359.1453;29;;castanea;1;0
1236;1625267.195;4842359.1453;29;;castanea;1;0
1237;1625367.195;4842359.1453;29;;castanea;1;0
1238;1625467.195;4842359.1453;29;;castanea;1;0
1290;1624967.195;4842259.1453;29;;castanea;1;0
1291;1625067.195;4842259.1453;29;;castanea;1;0
1293;1625267.195;4842259.1453;29;;castanea;1;0
1294;1625367.195;4842259.1453;29;;castanea;1;0
1295;1625467.195;4842259.1453;29;;castanea;1;0
1296;1625567.195;4842259.1453;29;;castanea;1;0
1349;1625167.195;4842159.1453;29;;castanea;1;0
1350;1625267.195;4842159.1453;29;;castanea;1;0
1351;1625367.195;4842159.1453;29;;castanea;1;0
1352;1625467.195;4842159.1453;29;;castanea;1;0
1353;1625567.195;4842159.1453;29;;castanea;1;0
1407;1625267.195;4842059.1453;29;;castanea;1;0
1408;1625367.195;4842059.1453;29;;castanea;1;0
1409;1625467.195;4842059.1453;29;;castanea;1;0
1410;1625567.195;4842059.1453;29;;castanea;1;0
1464;1625267.195;4841959.1453;29;;castanea;1;0
1518;1624967.195;4841859.1453;29;;castanea;1;0
1520;1625167.195;4841859.1453;29;;castanea;1;0
1522;1625367.195;4841859.1453;29;;castanea;1;0
1574;1624867.195;4841759.1453;29;;castanea;1;0
1575;1624967.195;4841759.1453;29;;castanea;1;0
1576;1625067.195;4841759.1453;29;;castanea;1;0
1577;1625167.195;4841759.1453;29;;castanea;1;0
1580;1625467.195;4841759.1453;29;;castanea;1;0
1581;1625567.195;4841759.1453;29;;castanea;1;0
1634;1625167.195;4841659.1453;29;;castanea;1;0
1635;1625267.195;4841659.1453;29;;castanea;1;0
1636;1625367.195;4841659.1453;29;;castanea;1;0
1637;1625467.195;4841659.1453;29;;castanea;1;0
1638;1625567.195;4841659.1453;29;;castanea;1;0
1639;1625667.195;4841659.1453;29;;castanea;1;0
1640;1625767.195;4841659.1453;29;;castanea;1;0
1691;1625167.195;4841559.1453;29;;castanea;1;0
1692;1625267.195;4841559.1453;29;;castanea;1;0
1693;1625367.195;4841559.1453;29;;castanea;1;0
1694;1625467.195;4841559.1453;29;;castanea;1;0
1695;1625567.195;4841559.1453;29;;castanea;1;0
1696;1625667.195;4841559.1453;29;;castanea;1;0
1697;1625767.195;4841559.1453;29;;castanea;1;0
1698;1625867.195;4841559.1453;29;;castanea;1;0
1748;1625167.195;4841459.1453;29;;castanea;1;0
1749;1625267.195;4841459.1453;29;;castanea;1;0
1751;1625467.195;4841459.1453;29;;castanea;1;0
1753;1625667.195;4841459.1453;29;;castanea;1;0
1754;1625767.195;4841459.1453;29;;castanea;1;0
1802;1624867.195;4841359.1453;29;;castanea;1;0
1803;1624967.195;4841359.1453;29;;castanea;1;0
1804;1625067.195;4841359.1453;29;;castanea;1;0
1805;1625167.195;4841359.1453;29;;castanea;1;0
1806;1625267.195;4841359.1453;29;;castanea;1;0
1807;1625367.195;4841359.1453;29;;castanea;1;0
1808;1625467.195;4841359.1453;29;;castanea;1;0
1809;1625567.195;4841359.1453;29;;castanea;1;0
1862;1625167.195;4841259.1453;29;;castanea;1;0
1863;1625267.195;4841259.1453;29;;castanea;1;0
1864;1625367.195;4841259.1453;29;;castanea;1;0
1865;1625467.195;4841259.1453;29;;castanea;1;0
1866;1625567.195;4841259.1453;29;;castanea;1;0
1916;1624867.195;4841159.1453;29;;castanea;1;0
1917;1624967.195;4841159.1453;29;;castanea;1;0
1918;1625067.195;4841159.1453;29;;castanea;1;0
1919;1625167.195;4841159.1453;29;;castanea;1;0
1920;1625267.195;4841159.1453;29;;castanea;1;0
1921;1625367.195;4841159.1453;29;;castanea;1;0
1922;1625467.195;4841159.1453;29;;castanea;1;0
1923;1625567.195;4841159.1453;29;;castanea;1;0
1974;1624967.195;4841059.1453;29;;castanea;1;0
1980;1625567.195;4841059.1453;29;;castanea;1;0
2029;1624767.195;4840959.1453;29;;castanea;1;0
927;1622867.195;4842859.1453;30;;altre_latifoglie;2;0
640;1622667.195;4843359.1453;31;;altre_latifoglie;2;0
695;1622467.195;4843259.1453;31;;altre_latifoglie;2;0
699;1622867.195;4843259.1453;31;;altre_latifoglie;2;0
701;1623067.195;4843259.1453;31;;altre_latifoglie;2;0
1055;1624267.195;4842659.1453;34;;altre_latifoglie;2;0
2927;1623367.195;4839359.1453;37;;altre_latifoglie;2;0
2985;1623467.195;4839259.1453;37;;altre_latifoglie;2;0
3043;1623567.195;4839159.1453;37;;altre_latifoglie;2;0
3044;1623667.195;4839159.1453;37;;altre_latifoglie;2;0
2696;1623067.195;4839759.1453;38;;altre_latifoglie;2;0
2021;1623967.195;4840959.1453;39;;altre_latifoglie;2;0
1853;1624267.195;4841259.1453;40;;altre_latifoglie;2;0
1911;1624367.195;4841159.1453;40;;altre_latifoglie;2;0
1967;1624267.195;4841059.1453;40;;altre_latifoglie;2;0
2024;1624267.195;4840959.1453;40;;altre_latifoglie;2;0
1457;1624567.195;4841959.1453;41;;altre_latifoglie;2;0
1516;1624767.195;4841859.1453;41;;altre_latifoglie;2;0
1517;1624867.195;4841859.1453;41;;altre_latifoglie;2;0
1398;1624367.195;4842059.1453;41;;altre_latifoglie;2;0
1456;1624467.195;4841959.1453;41;;altre_latifoglie;2;0
1672;1623267.195;4841559.1453;44;;altre_latifoglie;2;0
1673;1623367.195;4841559.1453;44;;altre_latifoglie;2;0
1729;1623267.195;4841459.1453;44;;altre_latifoglie;2;0
1731;1623467.195;4841459.1453;44;;altre_latifoglie;2;0
1851;1624067.195;4841259.1453;44;;altre_latifoglie;2;0
1894;1622667.195;4841159.1453;45;;altre_latifoglie;2;0
1951;1622667.195;4841059.1453;45;;altre_latifoglie;2;0
2009;1622767.195;4840959.1453;45;;altre_latifoglie;2;0
2067;1622867.195;4840859.1453;45;;altre_latifoglie;2;0
1739;1624267.195;4841459.1453;48;;altre_latifoglie;2;0
1798;1624467.195;4841359.1453;48;;altre_latifoglie;2;0
1037;1622467.195;4842659.1453;49;;altre_latifoglie;2;0
1038;1622567.195;4842659.1453;49;;altre_latifoglie;2;0
809;1622467.195;4843059.1453;50;;altre_latifoglie;2;0
817;1623267.195;4843059.1453;52;;altre_latifoglie;2;0
929;1623067.195;4842859.1453;52;;altre_latifoglie;2;0
2207;1625467.195;4840659.1453;53;;altre_latifoglie;2;0
2254;1624467.195;4840559.1453;53;;altre_latifoglie;2;0
2265;1625567.195;4840559.1453;53;;altre_latifoglie;2;0
2312;1624567.195;4840459.1453;53;;altre_latifoglie;2;0
2313;1624667.195;4840459.1453;53;;altre_latifoglie;2;0
2247;1623767.195;4840559.1453;53;;altre_latifoglie;2;0
2304;1623767.195;4840459.1453;53;;altre_latifoglie;2;0
2373;1624967.195;4840359.1453;53;;altre_latifoglie;2;0
2419;1623867.195;4840259.1453;53;;altre_latifoglie;2;0
2586;1623467.195;4839959.1453;53;;altre_latifoglie;2;0
2705;1623967.195;4839759.1453;53;;altre_latifoglie;2;0
2825;1624567.195;4839559.1453;53;;altre_latifoglie;2;0
2882;1624567.195;4839459.1453;53;;altre_latifoglie;2;0
2990;1623967.195;4839259.1453;53;;altre_latifoglie;2;0
2245;1623567.195;4840559.1453;54;;macchia_a_leccio;3;0
2302;1623567.195;4840459.1453;54;;macchia_a_leccio;3;0
2303;1623667.195;4840459.1453;54;;macchia_a_leccio;3;0
2984;1623367.195;4839259.1453;56;;macchia_a_leccio;3;0
3041;1623367.195;4839159.1453;56;;macchia_a_leccio;3;0
2342;1621867.195;4840359.1453;56;;macchia_a_leccio;3;0
2399;1621867.195;4840259.1453;56;;macchia_a_leccio;3;0
2400;1621967.195;4840259.1453;56;;macchia_a_leccio;3;0
2401;1622067.195;4840259.1453;56;;macchia_a_leccio;3;0
2402;1622167.195;4840259.1453;56;;macchia_a_leccio;3;0
2403;1622267.195;4840259.1453;56;;macchia_a_leccio;3;0
2457;1621967.195;4840159.1453;56;;macchia_a_leccio;3;0
2458;1622067.195;4840159.1453;56;;macchia_a_leccio;3;0
2459;1622167.195;4840159.1453;56;;macchia_a_leccio;3;0
2460;1622267.195;4840159.1453;56;;macchia_a_leccio;3;0
2461;1622367.195;4840159.1453;56;;macchia_a_leccio;3;0
2514;1621967.195;4840059.1453;56;;macchia_a_leccio;3;0
2516;1622167.195;4840059.1453;56;;macchia_a_leccio;3;0
2517;1622267.195;4840059.1453;56;;macchia_a_leccio;3;0
2518;1622367.195;4840059.1453;56;;macchia_a_leccio;3;0
2519;1622467.195;4840059.1453;56;;macchia_a_leccio;3;0
2574;1622267.195;4839959.1453;56;;macchia_a_leccio;3;0
2575;1622367.195;4839959.1453;56;;macchia_a_leccio;3;0
2576;1622467.195;4839959.1453;56;;macchia_a_leccio;3;0
2577;1622567.195;4839959.1453;56;;macchia_a_leccio;3;0
2578;1622667.195;4839959.1453;56;;macchia_a_leccio;3;0
2579;1622767.195;4839959.1453;56;;macchia_a_leccio;3;0
2633;1622467.195;4839859.1453;56;;macchia_a_leccio;3;0
2634;1622567.195;4839859.1453;56;;macchia_a_leccio;3;0
2635;1622667.195;4839859.1453;56;;macchia_a_leccio;3;0
2636;1622767.195;4839859.1453;56;;macchia_a_leccio;3;0
2637;1622867.195;4839859.1453;56;;macchia_a_leccio;3;0
2692;1622667.195;4839759.1453;56;;macchia_a_leccio;3;0
2693;1622767.195;4839759.1453;56;;macchia_a_leccio;3;0
2694;1622867.195;4839759.1453;56;;macchia_a_leccio;3;0
2695;1622967.195;4839759.1453;56;;macchia_a_leccio;3;0
2749;1622667.195;4839659.1453;56;;macchia_a_leccio;3;0
2750;1622767.195;4839659.1453;56;;macchia_a_leccio;3;0
2751;1622867.195;4839659.1453;56;;macchia_a_leccio;3;0
2752;1622967.195;4839659.1453;56;;macchia_a_leccio;3;0
2753;1623067.195;4839659.1453;56;;macchia_a_leccio;3;0
2808;1622867.195;4839559.1453;56;;macchia_a_leccio;3;0
2809;1622967.195;4839559.1453;56;;macchia_a_leccio;3;0
2811;1623167.195;4839559.1453;56;;macchia_a_leccio;3;0
2866;1622967.195;4839459.1453;56;;macchia_a_leccio;3;0
2867;1623067.195;4839459.1453;56;;macchia_a_leccio;3;0
2868;1623167.195;4839459.1453;56;;macchia_a_leccio;3;0
2923;1622967.195;4839359.1453;56;;macchia_a_leccio;3;0
2924;1623067.195;4839359.1453;56;;macchia_a_leccio;3;0
2925;1623167.195;4839359.1453;56;;macchia_a_leccio;3;0
2926;1623267.195;4839359.1453;56;;macchia_a_leccio;3;0
2981;1623067.195;4839259.1453;56;;macchia_a_leccio;3;0
2982;1623167.195;4839259.1453;56;;macchia_a_leccio;3;0
2983;1623267.195;4839259.1453;56;;macchia_a_leccio;3;0
3038;1623067.195;4839159.1453;56;;macchia_a_leccio;3;0
3039;1623167.195;4839159.1453;56;;macchia_a_leccio;3;0
3040;1623267.195;4839159.1453;56;;macchia_a_leccio;3;0
3096;1623167.195;4839059.1453;56;;macchia_a_leccio;3;0
3097;1623267.195;4839059.1453;56;;macchia_a_leccio;3;0
3098;1623367.195;4839059.1453;56;;macchia_a_leccio;3;0
3099;1623467.195;4839059.1453;56;;macchia_a_leccio;3;0
3153;1623167.195;4838959.1453;56;;macchia_a_leccio;3;0
3156;1623467.195;4838959.1453;56;;macchia_a_leccio;3;0
2413;1623267.195;4840259.1453;58;;macchia_a_sughera;4;0
2470;1623267.195;4840159.1453;58;;macchia_a_sughera;4;0
2347;1622367.195;4840359.1453;59;;macchia_a_sughera;4;0
2404;1622367.195;4840259.1453;59;;macchia_a_sughera;4;0
2405;1622467.195;4840259.1453;59;;macchia_a_sughera;4;0
2462;1622467.195;4840159.1453;59;;macchia_a_sughera;4;0
2463;1622567.195;4840159.1453;59;;macchia_a_sughera;4;0
2468;1623067.195;4840159.1453;59;;macchia_a_sughera;4;0
2520;1622567.195;4840059.1453;59;;macchia_a_sughera;4;0
2521;1622667.195;4840059.1453;59;;macchia_a_sughera;4;0
2580;1622867.195;4839959.1453;59;;macchia_a_sughera;4;0
2638;1622967.195;4839859.1453;59;;macchia_a_sughera;4;0
1831;1622067.195;4841259.1453;59;;macchia_a_sughera;4;0
1888;1622067.195;4841159.1453;59;;macchia_a_sughera;4;0
1889;1622167.195;4841159.1453;59;;macchia_a_sughera;4;0
1893;1622567.195;4841159.1453;59;;macchia_a_sughera;4;0
1947;1622267.195;4841059.1453;59;;macchia_a_sughera;4;0
2003;1622167.195;4840959.1453;59;;macchia_a_sughera;4;0
2233;1622367.195;4840559.1453;59;;macchia_a_sughera;4;0
773;1624567.195;4843159.1453;63;;bosco_misto_di_pino_e_castagno;5;0
1117;1624767.195;4842559.1453;70;;bosco_misto_di_pino_e_castagno;5;0
1463;1625167.195;4841959.1453;72;;bosco_misto_di_pino_e_castagno;5;0
1519;1625067.195;4841859.1453;72;;bosco_misto_di_pino_e_castagno;5;0
1521;1625267.195;4841859.1453;72;;bosco_misto_di_pino_e_castagno;5;0
1523;1625467.195;4841859.1453;72;;bosco_misto_di_pino_e_castagno;5;0
1924;1625667.195;4841159.1453;74;;bosco_misto_di_pino_e_castagno;5;0
1925;1625767.195;4841159.1453;74;;bosco_misto_di_pino_e_castagno;5;0
1926;1625867.195;4841159.1453;74;;bosco_misto_di_pino_e_castagno;5;0
1983;1625867.195;4841059.1453;74;;bosco_misto_di_pino_e_castagno;5;0
1984;1625967.195;4841059.1453;74;;bosco_misto_di_pino_e_castagno;5;0
1815;1626167.195;4841359.1453;75;;bosco_misto_di_pino_e_castagno;5;0
2243;1623367.195;4840559.1453;80;;bosco_misto_di_pino_e_castagno;5;0
2244;1623467.195;4840559.1453;80;;bosco_misto_di_pino_e_castagno;5;0
2187;1623467.195;4840659.1453;80;;bosco_misto_di_pino_e_castagno;5;0
2186;1623367.195;4840659.1453;80;;bosco_misto_di_pino_e_castagno;5;0
2139;1624367.195;4840759.1453;81;;bosco_misto_di_pino_e_castagno;5;0
2193;1624067.195;4840659.1453;81;;bosco_misto_di_pino_e_castagno;5;0
2196;1624367.195;4840659.1453;81;;bosco_misto_di_pino_e_castagno;5;0
2082;1624367.195;4840859.1453;81;;bosco_misto_di_pino_e_castagno;5;0
1915;1624767.195;4841159.1453;83;;bosco_misto_di_pino_e_castagno;5;0
1973;1624867.195;4841059.1453;83;;bosco_misto_di_pino_e_castagno;5;0
2030;1624867.195;4840959.1453;83;;bosco_misto_di_pino_e_castagno;5;0
944;1624567.195;4842859.1453;85;;bosco_misto_di_pino_e_castagno;5;0
999;1624367.195;4842759.1453;85;;bosco_misto_di_pino_e_castagno;5;0
716;1624567.195;4843259.1453;87;;bosco_misto_di_pino_e_castagno;5;0
718;1624767.195;4843259.1453;87;;bosco_misto_di_pino_e_castagno;5;0
774;1624667.195;4843159.1453;87;;bosco_misto_di_pino_e_castagno;5;0
719;1624867.195;4843259.1453;87;;bosco_misto_di_pino_e_castagno;5;0
720;1624967.195;4843259.1453;87;;bosco_misto_di_pino_e_castagno;5;0
721;1625067.195;4843259.1453;87;;bosco_misto_di_pino_e_castagno;5;0
778;1625067.195;4843159.1453;87;;bosco_misto_di_pino_e_castagno;5;0
779;1625167.195;4843159.1453;87;;bosco_misto_di_pino_e_castagno;5;0
834;1624967.195;4843059.1453;87;;bosco_misto_di_pino_e_castagno;5;0
835;1625067.195;4843059.1453;87;;bosco_misto_di_pino_e_castagno;5;0
891;1624967.195;4842959.1453;87;;bosco_misto_di_pino_e_castagno;5;0
946;1624767.195;4842859.1453;87;;bosco_misto_di_pino_e_castagno;5;0
487;1624467.195;4843659.1453;87;;bosco_misto_di_pino_e_castagno;5;0
488;1624567.195;4843659.1453;87;;bosco_misto_di_pino_e_castagno;5;0
489;1624667.195;4843659.1453;87;;bosco_misto_di_pino_e_castagno;5;0
490;1624767.195;4843659.1453;87;;bosco_misto_di_pino_e_castagno;5;0
542;1624267.195;4843559.1453;87;;bosco_misto_di_pino_e_castagno;5;0
543;1624367.195;4843559.1453;87;;bosco_misto_di_pino_e_castagno;5;0
544;1624467.195;4843559.1453;87;;bosco_misto_di_pino_e_castagno;5;0
545;1624567.195;4843559.1453;87;;bosco_misto_di_pino_e_castagno;5;0
546;1624667.195;4843559.1453;87;;bosco_misto_di_pino_e_castagno;5;0
547;1624767.195;4843559.1453;87;;bosco_misto_di_pino_e_castagno;5;0
548;1624867.195;4843559.1453;87;;bosco_misto_di_pino_e_castagno;5;0
602;1624567.195;4843459.1453;87;;bosco_misto_di_pino_e_castagno;5;0
603;1624667.195;4843459.1453;87;;bosco_misto_di_pino_e_castagno;5;0
605;1624867.195;4843459.1453;87;;bosco_misto_di_pino_e_castagno;5;0
606;1624967.195;4843459.1453;87;;bosco_misto_di_pino_e_castagno;5;0
658;1624467.195;4843359.1453;87;;bosco_misto_di_pino_e_castagno;5;0
659;1624567.195;4843359.1453;87;;bosco_misto_di_pino_e_castagno;5;0
661;1624767.195;4843359.1453;87;;bosco_misto_di_pino_e_castagno;5;0
663;1624967.195;4843359.1453;87;;bosco_misto_di_pino_e_castagno;5;0
664;1625067.195;4843359.1453;87;;bosco_misto_di_pino_e_castagno;5;0
771;1624367.195;4843159.1453;87;;bosco_misto_di_pino_e_castagno;5;0
828;1624367.195;4843059.1453;87;;bosco_misto_di_pino_e_castagno;5;0
884;1624267.195;4842959.1453;87;;bosco_misto_di_pino_e_castagno;5;0
1119;1624967.195;4842559.1453;88;;bosco_misto_di_pino_e_castagno;5;0
1120;1625067.195;4842559.1453;88;;bosco_misto_di_pino_e_castagno;5;0
1121;1625167.195;4842559.1453;88;;bosco_misto_di_pino_e_castagno;5;0
1176;1624967.195;4842459.1453;88;;bosco_misto_di_pino_e_castagno;5;0
1632;1624967.195;4841659.1453;89;;bosco_misto_di_pino_e_castagno;5;0
1633;1625067.195;4841659.1453;89;;bosco_misto_di_pino_e_castagno;5;0
1690;1625067.195;4841559.1453;89;;bosco_misto_di_pino_e_castagno;5;0
1747;1625067.195;4841459.1453;89;;bosco_misto_di_pino_e_castagno;5;0
1750;1625367.195;4841459.1453;89;;bosco_misto_di_pino_e_castagno;5;0
1800;1624667.195;4841359.1453;89;;bosco_misto_di_pino_e_castagno;5;0
1801;1624767.195;4841359.1453;89;;bosco_misto_di_pino_e_castagno;5;0
1858;1624767.195;4841259.1453;89;;bosco_misto_di_pino_e_castagno;5;0
1859;1624867.195;4841259.1453;89;;bosco_misto_di_pino_e_castagno;5;0
1860;1624967.195;4841259.1453;89;;bosco_misto_di_pino_e_castagno;5;0
420;1623467.195;4843759.1453;91;;bosco_misto_di_pino_e_castagno;5;0
475;1623267.195;4843659.1453;91;;bosco_misto_di_pino_e_castagno;5;0
477;1623467.195;4843659.1453;91;;bosco_misto_di_pino_e_castagno;5;0
533;1623367.195;4843559.1453;91;;bosco_misto_di_pino_e_castagno;5;0
589;1623267.195;4843459.1453;91;;bosco_misto_di_pino_e_castagno;5;0
590;1623367.195;4843459.1453;91;;bosco_misto_di_pino_e_castagno;5;0
649;1623567.195;4843359.1453;91;;bosco_misto_di_pino_e_castagno;5;0
758;1623067.195;4843159.1453;91;;bosco_misto_di_pino_e_castagno;5;0
132;1623167.195;4844259.1453;91;;bosco_misto_di_pino_e_castagno;5;0
191;1623367.195;4844159.1453;91;;bosco_misto_di_pino_e_castagno;5;0
250;1623567.195;4844059.1453;91;;bosco_misto_di_pino_e_castagno;5;0
251;1623667.195;4844059.1453;91;;bosco_misto_di_pino_e_castagno;5;0
252;1623767.195;4844059.1453;91;;bosco_misto_di_pino_e_castagno;5;0
307;1623567.195;4843959.1453;91;;bosco_misto_di_pino_e_castagno;5;0
309;1623767.195;4843959.1453;91;;bosco_misto_di_pino_e_castagno;5;0
366;1623767.195;4843859.1453;91;;bosco_misto_di_pino_e_castagno;5;0
367;1623867.195;4843859.1453;91;;bosco_misto_di_pino_e_castagno;5;0
419;1623367.195;4843759.1453;91;;bosco_misto_di_pino_e_castagno;5;0
421;1623567.195;4843759.1453;91;;bosco_misto_di_pino_e_castagno;5;0
424;1623867.195;4843759.1453;91;;bosco_misto_di_pino_e_castagno;5;0
702;1623167.195;4843259.1453;91;;bosco_misto_di_pino_e_castagno;5;0
706;1623567.195;4843259.1453;91;;bosco_misto_di_pino_e_castagno;5;0
133;1623267.195;4844259.1453;94;;pineta;6;0
134;1623367.195;4844259.1453;94;;pineta;6;0
135;1623467.195;4844259.1453;94;;pineta;6;0
136;1623567.195;4844259.1453;94;;pineta;6;0
192;1623467.195;4844159.1453;94;;pineta;6;0
193;1623567.195;4844159.1453;94;;pineta;6;0
194;1623667.195;4844159.1453;94;;pineta;6;0
78;1623467.195;4844359.1453;94;;pineta;6;0
79;1623567.195;4844359.1453;94;;pineta;6;0
308;1623667.195;4843959.1453;96;;pineta;6;0
422;1623667.195;4843759.1453;97;;pineta;6;0
365;1623667.195;4843859.1453;98;;pineta;6;0
423;1623767.195;4843759.1453;98;;pineta;6;0
476;1623367.195;4843659.1453;105;;pineta;6;0
650;1623667.195;4843359.1453;111;;pineta;6;0
660;1624667.195;4843359.1453;114;;pineta;6;0
604;1624767.195;4843459.1453;117;;pineta;6;0
662;1624867.195;4843359.1453;117;;pineta;6;0
1000;1624467.195;4842759.1453;120;;pineta;6;0
1056;1624367.195;4842659.1453;120;;pineta;6;0
1057;1624467.195;4842659.1453;120;;pineta;6;0
532;1623267.195;4843559.1453;121;;pineta;6;0
586;1622967.195;4843459.1453;121;;pineta;6;0
587;1623067.195;4843459.1453;121;;pineta;6;0
588;1623167.195;4843459.1453;121;;pineta;6;0
1578;1625267.195;4841759.1453;122;;pineta;6;0
1579;1625367.195;4841759.1453;122;;pineta;6;0
1861;1625067.195;4841259.1453;124;;pineta;6;0
1112;1624267.195;4842559.1453;125;;pineta;6;0
1169;1624267.195;4842459.1453;125;;pineta;6;0
647;1623367.195;4843359.1453;126;;pineta;6;0
2810;1623067.195;4839559.1453;130;;pineta;6;0
1844;1623367.195;4841259.1453;133;;pineta;6;0
2209;1625667.195;4840659.1453;141;;pineta;6;0
2138;1624267.195;4840759.1453;143;;pineta;6;0
1964;1623967.195;4841059.1453;143;;pineta;6;0
1793;1623967.195;4841359.1453;143;;pineta;6;0
1794;1624067.195;4841359.1453;143;;pineta;6;0
1849;1623867.195;4841259.1453;143;;pineta;6;0
1850;1623967.195;4841259.1453;143;;pineta;6;0
1852;1624167.195;4841259.1453;143;;pineta;6;0
1906;1623867.195;4841159.1453;143;;pineta;6;0
1907;1623967.195;4841159.1453;143;;pineta;6;0
1908;1624067.195;4841159.1453;143;;pineta;6;0
1909;1624167.195;4841159.1453;143;;pineta;6;0
1965;1624067.195;4841059.1453;143;;pineta;6;0
1966;1624167.195;4841059.1453;143;;pineta;6;0
2022;1624067.195;4840959.1453;143;;pineta;6;0
2023;1624167.195;4840959.1453;143;;pineta;6;0
2079;1624067.195;4840859.1453;143;;pineta;6;0
2080;1624167.195;4840859.1453;143;;pineta;6;0
2081;1624267.195;4840859.1453;143;;pineta;6;0
2189;1623667.195;4840659.1453;144;;pineta;6;0
2300;1623367.195;4840459.1453;144;;pineta;6;0
2301;1623467.195;4840459.1453;144;;pineta;6;0
2241;1623167.195;4840559.1453;144;;pineta;6;0
2298;1623167.195;4840459.1453;144;;pineta;6;0
2299;1623267.195;4840459.1453;144;;pineta;6;0
1903;1623567.195;4841159.1453;144;;pineta;6;0
2017;1623567.195;4840959.1453;144;;pineta;6;0
2073;1623467.195;4840859.1453;144;;pineta;6;0
2074;1623567.195;4840859.1453;144;;pineta;6;0
2078;1623967.195;4840859.1453;144;;pineta;6;0
1730;1623367.195;4841459.1453;144;;pineta;6;0
1785;1623167.195;4841359.1453;144;;pineta;6;0
1786;1623267.195;4841359.1453;144;;pineta;6;0
1787;1623367.195;4841359.1453;144;;pineta;6;0
1788;1623467.195;4841359.1453;144;;pineta;6;0
1790;1623667.195;4841359.1453;144;;pineta;6;0
1843;1623267.195;4841259.1453;144;;pineta;6;0
1844;1623367.195;4841259.1453;144;;pineta;6;0
1845;1623467.195;4841259.1453;144;;pineta;6;0
1847;1623667.195;4841259.1453;144;;pineta;6;0
1848;1623767.195;4841259.1453;144;;pineta;6;0
1899;1623167.195;4841159.1453;144;;pineta;6;0
1900;1623267.195;4841159.1453;144;;pineta;6;0
1901;1623367.195;4841159.1453;144;;pineta;6;0
1904;1623667.195;4841159.1453;144;;pineta;6;0
1905;1623767.195;4841159.1453;144;;pineta;6;0
1956;1623167.195;4841059.1453;144;;pineta;6;0
1957;1623267.195;4841059.1453;144;;pineta;6;0
1958;1623367.195;4841059.1453;144;;pineta;6;0
1961;1623667.195;4841059.1453;144;;pineta;6;0
1962;1623767.195;4841059.1453;144;;pineta;6;0
1963;1623867.195;4841059.1453;144;;pineta;6;0
1897;1622967.195;4841159.1453;144;;pineta;6;0
2130;1623467.195;4840759.1453;144;;pineta;6;0
2131;1623567.195;4840759.1453;144;;pineta;6;0
2132;1623667.195;4840759.1453;144;;pineta;6;0
2133;1623767.195;4840759.1453;144;;pineta;6;0
2134;1623867.195;4840759.1453;144;;pineta;6;0
2135;1623967.195;4840759.1453;144;;pineta;6;0
2190;1623767.195;4840659.1453;144;;pineta;6;0
2191;1623867.195;4840659.1453;144;;pineta;6;0
2192;1623967.195;4840659.1453;144;;pineta;6;0
2248;1623867.195;4840559.1453;144;;pineta;6;0
2249;1623967.195;4840559.1453;144;;pineta;6;0
2305;1623867.195;4840459.1453;144;;pineta;6;0
2306;1623967.195;4840459.1453;144;;pineta;6;0
2359;1623567.195;4840359.1453;144;;pineta;6;0
2360;1623667.195;4840359.1453;144;;pineta;6;0
2363;1623967.195;4840359.1453;144;;pineta;6;0
1839;1622867.195;4841259.1453;144;;pineta;6;0
1840;1622967.195;4841259.1453;144;;pineta;6;0
1841;1623067.195;4841259.1453;144;;pineta;6;0
1898;1623067.195;4841159.1453;144;;pineta;6;0
1955;1623067.195;4841059.1453;144;;pineta;6;0
2071;1623267.195;4840859.1453;144;;pineta;6;0
2072;1623367.195;4840859.1453;144;;pineta;6;0
2129;1623367.195;4840759.1453;144;;pineta;6;0
2020;1623867.195;4840959.1453;144;;pineta;6;0
2077;1623867.195;4840859.1453;144;;pineta;6;0
1781;1622767.195;4841359.1453;144;;pineta;6;0
1782;1622867.195;4841359.1453;144;;pineta;6;0
2013;1623167.195;4840959.1453;144;;pineta;6;0
2014;1623267.195;4840959.1453;144;;pineta;6;0
2015;1623367.195;4840959.1453;144;;pineta;6;0
2018;1623667.195;4840959.1453;144;;pineta;6;0
2019;1623767.195;4840959.1453;144;;pineta;6;0
2075;1623667.195;4840859.1453;144;;pineta;6;0
2076;1623767.195;4840859.1453;144;;pineta;6;0
1620;1623767.195;4841659.1453;145;;pineta;6;0
2140;1624467.195;4840759.1453;147;;pineta;6;0
1799;1624567.195;4841359.1453;147;;pineta;6;0
1856;1624567.195;4841259.1453;147;;pineta;6;0
1857;1624667.195;4841259.1453;147;;pineta;6;0
1913;1624567.195;4841159.1453;147;;pineta;6;0
1914;1624667.195;4841159.1453;147;;pineta;6;0
1970;1624567.195;4841059.1453;147;;pineta;6;0
1971;1624667.195;4841059.1453;147;;pineta;6;0
1972;1624767.195;4841059.1453;147;;pineta;6;0
2027;1624567.195;4840959.1453;147;;pineta;6;0
2028;1624667.195;4840959.1453;147;;pineta;6;0
1854;1624367.195;4841259.1453;147;;pineta;6;0
1855;1624467.195;4841259.1453;147;;pineta;6;0
1910;1624267.195;4841159.1453;147;;pineta;6;0
1912;1624467.195;4841159.1453;147;;pineta;6;0
1968;1624367.195;4841059.1453;147;;pineta;6;0
1969;1624467.195;4841059.1453;147;;pineta;6;0
2025;1624367.195;4840959.1453;147;;pineta;6;0
2026;1624467.195;4840959.1453;147;;pineta;6;0
1737;1624067.195;4841459.1453;147;;pineta;6;0
1738;1624167.195;4841459.1453;147;;pineta;6;0
2083;1624467.195;4840859.1453;147;;pineta;6;0
1682;1624267.195;4841559.1453;147;;pineta;6;0
1740;1624367.195;4841459.1453;147;;pineta;6;0
1741;1624467.195;4841459.1453;147;;pineta;6;0
1796;1624267.195;4841359.1453;147;;pineta;6;0
1797;1624367.195;4841359.1453;147;;pineta;6;0
2084;1624567.195;4840859.1453;147;;pineta;6;0
2085;1624667.195;4840859.1453;147;;pineta;6;0
304;1623267.195;4843959.1453;149;;pineta;6;0
188;1623067.195;4844159.1453;149;;pineta;6;0
189;1623167.195;4844159.1453;149;;pineta;6;0
190;1623267.195;4844159.1453;149;;pineta;6;0
245;1623067.195;4844059.1453;149;;pineta;6;0
246;1623167.195;4844059.1453;149;;pineta;6;0
247;1623267.195;4844059.1453;149;;pineta;6;0
248;1623367.195;4844059.1453;149;;pineta;6;0
249;1623467.195;4844059.1453;149;;pineta;6;0
301;1622967.195;4843959.1453;149;;pineta;6;0
302;1623067.195;4843959.1453;149;;pineta;6;0
303;1623167.195;4843959.1453;149;;pineta;6;0
359;1623067.195;4843859.1453;149;;pineta;6;0
949;1625067.195;4842859.1453;151;;pineta;6;0
950;1625167.195;4842859.1453;151;;pineta;6;0
1001;1624567.195;4842759.1453;151;;pineta;6;0
1002;1624667.195;4842759.1453;151;;pineta;6;0
1003;1624767.195;4842759.1453;151;;pineta;6;0
1005;1624967.195;4842759.1453;151;;pineta;6;0
1006;1625067.195;4842759.1453;151;;pineta;6;0
1007;1625167.195;4842759.1453;151;;pineta;6;0
1058;1624567.195;4842659.1453;151;;pineta;6;0
1059;1624667.195;4842659.1453;151;;pineta;6;0
1060;1624767.195;4842659.1453;151;;pineta;6;0
1061;1624867.195;4842659.1453;151;;pineta;6;0
1062;1624967.195;4842659.1453;151;;pineta;6;0
1063;1625067.195;4842659.1453;151;;pineta;6;0
1118;1624867.195;4842559.1453;151;;pineta;6;0
1172;1624567.195;4842459.1453;151;;pineta;6;0
1173;1624667.195;4842459.1453;151;;pineta;6;0
1174;1624767.195;4842459.1453;151;;pineta;6;0
1175;1624867.195;4842459.1453;151;;pineta;6;0
1229;1624567.195;4842359.1453;151;;pineta;6;0
1230;1624667.195;4842359.1453;151;;pineta;6;0
1231;1624767.195;4842359.1453;151;;pineta;6;0
1234;1625067.195;4842359.1453;151;;pineta;6;0
1235;1625167.195;4842359.1453;151;;pineta;6;0
1286;1624567.195;4842259.1453;151;;pineta;6;0
1292;1625167.195;4842259.1453;151;;pineta;6;0
1283;1624267.195;4842259.1453;151;;pineta;6;0
1284;1624367.195;4842259.1453;151;;pineta;6;0
1285;1624467.195;4842259.1453;151;;pineta;6;0
1342;1624467.195;4842159.1453;151;;pineta;6;0
1399;1624467.195;4842059.1453;151;;pineta;6;0
1171;1624467.195;4842459.1453;151;;pineta;6;0
1227;1624367.195;4842359.1453;151;;pineta;6;0
1228;1624467.195;4842359.1453;151;;pineta;6;0
1287;1624667.195;4842259.1453;152;;pineta;6;0
1288;1624767.195;4842259.1453;152;;pineta;6;0
1289;1624867.195;4842259.1453;152;;pineta;6;0
1343;1624567.195;4842159.1453;152;;pineta;6;0
1344;1624667.195;4842159.1453;152;;pineta;6;0
1345;1624767.195;4842159.1453;152;;pineta;6;0
1346;1624867.195;4842159.1453;152;;pineta;6;0
1347;1624967.195;4842159.1453;152;;pineta;6;0
1348;1625067.195;4842159.1453;152;;pineta;6;0
1400;1624567.195;4842059.1453;152;;pineta;6;0
1401;1624667.195;4842059.1453;152;;pineta;6;0
1402;1624767.195;4842059.1453;152;;pineta;6;0
1403;1624867.195;4842059.1453;152;;pineta;6;0
1404;1624967.195;4842059.1453;152;;pineta;6;0
1405;1625067.195;4842059.1453;152;;pineta;6;0
1406;1625167.195;4842059.1453;152;;pineta;6;0
1458;1624667.195;4841959.1453;152;;pineta;6;0
1459;1624767.195;4841959.1453;152;;pineta;6;0
1460;1624867.195;4841959.1453;152;;pineta;6;0
1461;1624967.195;4841959.1453;152;;pineta;6;0
1462;1625067.195;4841959.1453;152;;pineta;6;0
1465;1625367.195;4841959.1453;154;;pineta;6;0
1514;1624567.195;4841859.1453;158;;pineta;6;0
1515;1624667.195;4841859.1453;158;;pineta;6;0
1571;1624567.195;4841759.1453;158;;pineta;6;0
1572;1624667.195;4841759.1453;158;;pineta;6;0
1573;1624767.195;4841759.1453;158;;pineta;6;0
1628;1624567.195;4841659.1453;158;;pineta;6;0
1629;1624667.195;4841659.1453;158;;pineta;6;0
1630;1624767.195;4841659.1453;158;;pineta;6;0
1631;1624867.195;4841659.1453;158;;pineta;6;0
1685;1624567.195;4841559.1453;158;;pineta;6;0
1686;1624667.195;4841559.1453;158;;pineta;6;0
1687;1624767.195;4841559.1453;158;;pineta;6;0
1688;1624867.195;4841559.1453;158;;pineta;6;0
1689;1624967.195;4841559.1453;158;;pineta;6;0
1743;1624667.195;4841459.1453;158;;pineta;6;0
1744;1624767.195;4841459.1453;158;;pineta;6;0
1745;1624867.195;4841459.1453;158;;pineta;6;0
1746;1624967.195;4841459.1453;158;;pineta;6;0
1455;1624367.195;4841959.1453;158;;pineta;6;0
1512;1624367.195;4841859.1453;158;;pineta;6;0
1513;1624467.195;4841859.1453;158;;pineta;6;0
1684;1624467.195;4841559.1453;158;;pineta;6;0
1568;1624267.195;4841759.1453;158;;pineta;6;0
1569;1624367.195;4841759.1453;158;;pineta;6;0
1570;1624467.195;4841759.1453;158;;pineta;6;0
1627;1624467.195;4841659.1453;158;;pineta;6;0
715;1624467.195;4843259.1453;159;;pineta;6;0
775;1624767.195;4843159.1453;159;;pineta;6;0
537;1623767.195;4843559.1453;159;;pineta;6;0
594;1623767.195;4843459.1453;159;;pineta;6;0
651;1623767.195;4843359.1453;159;;pineta;6;0
830;1624567.195;4843059.1453;159;;pineta;6;0
831;1624667.195;4843059.1453;159;;pineta;6;0
887;1624567.195;4842959.1453;159;;pineta;6;0
539;1623967.195;4843559.1453;159;;pineta;6;0
885;1624367.195;4842959.1453;159;;pineta;6;0
886;1624467.195;4842959.1453;159;;pineta;6;0
942;1624367.195;4842859.1453;159;;pineta;6;0
943;1624467.195;4842859.1453;159;;pineta;6;0
600;1624367.195;4843459.1453;159;;pineta;6;0
601;1624467.195;4843459.1453;159;;pineta;6;0
656;1624267.195;4843359.1453;159;;pineta;6;0
657;1624367.195;4843359.1453;159;;pineta;6;0
713;1624267.195;4843259.1453;159;;pineta;6;0
714;1624367.195;4843259.1453;159;;pineta;6;0
770;1624267.195;4843159.1453;159;;pineta;6;0
827;1624267.195;4843059.1453;159;;pineta;6;0
829;1624467.195;4843059.1453;159;;pineta;6;0
941;1624267.195;4842859.1453;159;;pineta;6;0
481;1623867.195;4843659.1453;159;;pineta;6;0
595;1623867.195;4843459.1453;159;;pineta;6;0
652;1623867.195;4843359.1453;159;;pineta;6;0
707;1623667.195;4843259.1453;159;;pineta;6;0
708;1623767.195;4843259.1453;159;;pineta;6;0
709;1623867.195;4843259.1453;159;;pineta;6;0
764;1623667.195;4843159.1453;159;;pineta;6;0
765;1623767.195;4843159.1453;159;;pineta;6;0
766;1623867.195;4843159.1453;159;;pineta;6;0
540;1624067.195;4843559.1453;159;;pineta;6;0
596;1623967.195;4843459.1453;159;;pineta;6;0
597;1624067.195;4843459.1453;159;;pineta;6;0
598;1624167.195;4843459.1453;159;;pineta;6;0
653;1623967.195;4843359.1453;159;;pineta;6;0
654;1624067.195;4843359.1453;159;;pineta;6;0
655;1624167.195;4843359.1453;159;;pineta;6;0
710;1623967.195;4843259.1453;159;;pineta;6;0
711;1624067.195;4843259.1453;159;;pineta;6;0
712;1624167.195;4843259.1453;159;;pineta;6;0
767;1623967.195;4843159.1453;159;;pineta;6;0
768;1624067.195;4843159.1453;159;;pineta;6;0
769;1624167.195;4843159.1453;159;;pineta;6;0
823;1623867.195;4843059.1453;159;;pineta;6;0
824;1623967.195;4843059.1453;159;;pineta;6;0
825;1624067.195;4843059.1453;159;;pineta;6;0
826;1624167.195;4843059.1453;159;;pineta;6;0
882;1624067.195;4842959.1453;159;;pineta;6;0
883;1624167.195;4842959.1453;159;;pineta;6;0
938;1623967.195;4842859.1453;159;;pineta;6;0
2154;1625867.195;4840759.1453;160;;pineta;6;0
1752;1625567.195;4841459.1453;160;;pineta;6;0
1755;1625867.195;4841459.1453;160;;pineta;6;0
1810;1625667.195;4841359.1453;160;;pineta;6;0
1811;1625767.195;4841359.1453;160;;pineta;6;0
1812;1625867.195;4841359.1453;160;;pineta;6;0
1867;1625667.195;4841259.1453;160;;pineta;6;0
1868;1625767.195;4841259.1453;160;;pineta;6;0
1869;1625867.195;4841259.1453;160;;pineta;6;0
1981;1625667.195;4841059.1453;160;;pineta;6;0
1982;1625767.195;4841059.1453;160;;pineta;6;0
2038;1625667.195;4840959.1453;160;;pineta;6;0
2039;1625767.195;4840959.1453;160;;pineta;6;0
2040;1625867.195;4840959.1453;160;;pineta;6;0
1927;1625967.195;4841159.1453;160;;pineta;6;0
1929;1626167.195;4841159.1453;160;;pineta;6;0
1985;1626067.195;4841059.1453;160;;pineta;6;0
1986;1626167.195;4841059.1453;160;;pineta;6;0
2041;1625967.195;4840959.1453;160;;pineta;6;0
2042;1626067.195;4840959.1453;160;;pineta;6;0
1756;1625967.195;4841459.1453;160;;pineta;6;0
1757;1626067.195;4841459.1453;160;;pineta;6;0
1758;1626167.195;4841459.1453;160;;pineta;6;0
1813;1625967.195;4841359.1453;160;;pineta;6;0
1814;1626067.195;4841359.1453;160;;pineta;6;0
1588;1626267.195;4841759.1453;160;;pineta;6;0
1642;1625967.195;4841659.1453;160;;pineta;6;0
1643;1626067.195;4841659.1453;160;;pineta;6;0
1644;1626167.195;4841659.1453;160;;pineta;6;0
1645;1626267.195;4841659.1453;160;;pineta;6;0
1699;1625967.195;4841559.1453;160;;pineta;6;0
1700;1626067.195;4841559.1453;160;;pineta;6;0
1701;1626167.195;4841559.1453;160;;pineta;6;0
1702;1626267.195;4841559.1453;160;;pineta;6;0
1703;1626367.195;4841559.1453;160;;pineta;6;0
1759;1626267.195;4841459.1453;160;;pineta;6;0
1760;1626367.195;4841459.1453;160;;pineta;6;0
1816;1626267.195;4841359.1453;160;;pineta;6;0
1817;1626367.195;4841359.1453;160;;pineta;6;0
1870;1625967.195;4841259.1453;160;;pineta;6;0
1871;1626067.195;4841259.1453;160;;pineta;6;0
1872;1626167.195;4841259.1453;160;;pineta;6;0
1873;1626267.195;4841259.1453;160;;pineta;6;0
1874;1626367.195;4841259.1453;160;;pineta;6;0
1930;1626267.195;4841159.1453;160;;pineta;6;0
1931;1626367.195;4841159.1453;160;;pineta;6;0
1987;1626267.195;4841059.1453;160;;pineta;6;0
1988;1626367.195;4841059.1453;160;;pineta;6;0
2045;1626367.195;4840959.1453;160;;pineta;6;0
2098;1625967.195;4840859.1453;160;;pineta;6;0
2099;1626067.195;4840859.1453;160;;pineta;6;0
2100;1626167.195;4840859.1453;160;;pineta;6;0
2101;1626267.195;4840859.1453;160;;pineta;6;0
2102;1626367.195;4840859.1453;160;;pineta;6;0
2155;1625967.195;4840759.1453;160;;pineta;6;0
2156;1626067.195;4840759.1453;160;;pineta;6;0
2157;1626167.195;4840759.1453;160;;pineta;6;0
2158;1626267.195;4840759.1453;160;;pineta;6;0
2159;1626367.195;4840759.1453;160;;pineta;6;0
2212;1625967.195;4840659.1453;160;;pineta;6;0
2213;1626067.195;4840659.1453;160;;pineta;6;0
2214;1626167.195;4840659.1453;160;;pineta;6;0
2215;1626267.195;4840659.1453;160;;pineta;6;0
2216;1626367.195;4840659.1453;160;;pineta;6;0
2269;1625967.195;4840559.1453;160;;pineta;6;0
2270;1626067.195;4840559.1453;160;;pineta;6;0
2271;1626167.195;4840559.1453;160;;pineta;6;0
2272;1626267.195;4840559.1453;160;;pineta;6;0
2273;1626367.195;4840559.1453;160;;pineta;6;0
2330;1626367.195;4840459.1453;160;;pineta;6;0
2065;1622667.195;4840859.1453;161;;formazione_di_pino_post_incendio;7;0
2066;1622767.195;4840859.1453;161;;formazione_di_pino_post_incendio;7;0
2124;1622867.195;4840759.1453;161;;formazione_di_pino_post_incendio;7;0
2125;1622967.195;4840759.1453;161;;formazione_di_pino_post_incendio;7;0
2181;1622867.195;4840659.1453;161;;formazione_di_pino_post_incendio;7;0
2182;1622967.195;4840659.1453;161;;formazione_di_pino_post_incendio;7;0
2183;1623067.195;4840659.1453;161;;formazione_di_pino_post_incendio;7;0
2239;1622967.195;4840559.1453;161;;formazione_di_pino_post_incendio;7;0
2378;1625467.195;4840359.1453;162;;formazione_di_pino_post_incendio;7;0
2379;1625567.195;4840359.1453;162;;formazione_di_pino_post_incendio;7;0
2436;1625567.195;4840259.1453;162;;formazione_di_pino_post_incendio;7;0
2326;1625967.195;4840459.1453;162;;formazione_di_pino_post_incendio;7;0
2327;1626067.195;4840459.1453;162;;formazione_di_pino_post_incendio;7;0
2380;1625667.195;4840359.1453;162;;formazione_di_pino_post_incendio;7;0
2381;1625767.195;4840359.1453;162;;formazione_di_pino_post_incendio;7;0
2382;1625867.195;4840359.1453;162;;formazione_di_pino_post_incendio;7;0
2383;1625967.195;4840359.1453;162;;formazione_di_pino_post_incendio;7;0
2437;1625667.195;4840259.1453;162;;formazione_di_pino_post_incendio;7;0
2438;1625767.195;4840259.1453;162;;formazione_di_pino_post_incendio;7;0
2441;1626067.195;4840259.1453;162;;formazione_di_pino_post_incendio;7;0
2142;1624667.195;4840759.1453;163;;formazione_di_pino_post_incendio;7;0
2143;1624767.195;4840759.1453;163;;formazione_di_pino_post_incendio;7;0
2144;1624867.195;4840759.1453;163;;formazione_di_pino_post_incendio;7;0
2198;1624567.195;4840659.1453;163;;formazione_di_pino_post_incendio;7;0
2199;1624667.195;4840659.1453;163;;formazione_di_pino_post_incendio;7;0
2200;1624767.195;4840659.1453;163;;formazione_di_pino_post_incendio;7;0
2201;1624867.195;4840659.1453;163;;formazione_di_pino_post_incendio;7;0
2202;1624967.195;4840659.1453;163;;formazione_di_pino_post_incendio;7;0
2253;1624367.195;4840559.1453;163;;formazione_di_pino_post_incendio;7;0
2255;1624567.195;4840559.1453;163;;formazione_di_pino_post_incendio;7;0
2256;1624667.195;4840559.1453;163;;formazione_di_pino_post_incendio;7;0
2257;1624767.195;4840559.1453;163;;formazione_di_pino_post_incendio;7;0
2258;1624867.195;4840559.1453;163;;formazione_di_pino_post_incendio;7;0
2259;1624967.195;4840559.1453;163;;formazione_di_pino_post_incendio;7;0
2309;1624267.195;4840459.1453;163;;formazione_di_pino_post_incendio;7;0
2310;1624367.195;4840459.1453;163;;formazione_di_pino_post_incendio;7;0
2311;1624467.195;4840459.1453;163;;formazione_di_pino_post_incendio;7;0
2314;1624767.195;4840459.1453;163;;formazione_di_pino_post_incendio;7;0
2315;1624867.195;4840459.1453;163;;formazione_di_pino_post_incendio;7;0
2316;1624967.195;4840459.1453;163;;formazione_di_pino_post_incendio;7;0
2930;1623667.195;4839359.1453;163;;formazione_di_pino_post_incendio;7;0
2358;1623467.195;4840359.1453;163;;formazione_di_pino_post_incendio;7;0
2361;1623767.195;4840359.1453;163;;formazione_di_pino_post_incendio;7;0
2362;1623867.195;4840359.1453;163;;formazione_di_pino_post_incendio;7;0
2364;1624067.195;4840359.1453;163;;formazione_di_pino_post_incendio;7;0
2368;1624467.195;4840359.1453;163;;formazione_di_pino_post_incendio;7;0
2369;1624567.195;4840359.1453;163;;formazione_di_pino_post_incendio;7;0
2370;1624667.195;4840359.1453;163;;formazione_di_pino_post_incendio;7;0
2371;1624767.195;4840359.1453;163;;formazione_di_pino_post_incendio;7;0
2372;1624867.195;4840359.1453;163;;formazione_di_pino_post_incendio;7;0
2415;1623467.195;4840259.1453;163;;formazione_di_pino_post_incendio;7;0
2416;1623567.195;4840259.1453;163;;formazione_di_pino_post_incendio;7;0
2417;1623667.195;4840259.1453;163;;formazione_di_pino_post_incendio;7;0
2418;1623767.195;4840259.1453;163;;formazione_di_pino_post_incendio;7;0
2420;1623967.195;4840259.1453;163;;formazione_di_pino_post_incendio;7;0
2421;1624067.195;4840259.1453;163;;formazione_di_pino_post_incendio;7;0
2423;1624267.195;4840259.1453;163;;formazione_di_pino_post_incendio;7;0
2424;1624367.195;4840259.1453;163;;formazione_di_pino_post_incendio;7;0
2427;1624667.195;4840259.1453;163;;formazione_di_pino_post_incendio;7;0
2428;1624767.195;4840259.1453;163;;formazione_di_pino_post_incendio;7;0
2429;1624867.195;4840259.1453;163;;formazione_di_pino_post_incendio;7;0
2430;1624967.195;4840259.1453;163;;formazione_di_pino_post_incendio;7;0
2472;1623467.195;4840159.1453;163;;formazione_di_pino_post_incendio;7;0
2473;1623567.195;4840159.1453;163;;formazione_di_pino_post_incendio;7;0
2474;1623667.195;4840159.1453;163;;formazione_di_pino_post_incendio;7;0
2475;1623767.195;4840159.1453;163;;formazione_di_pino_post_incendio;7;0
2476;1623867.195;4840159.1453;163;;formazione_di_pino_post_incendio;7;0
2477;1623967.195;4840159.1453;163;;formazione_di_pino_post_incendio;7;0
2479;1624167.195;4840159.1453;163;;formazione_di_pino_post_incendio;7;0
2481;1624367.195;4840159.1453;163;;formazione_di_pino_post_incendio;7;0
2482;1624467.195;4840159.1453;163;;formazione_di_pino_post_incendio;7;0
2483;1624567.195;4840159.1453;163;;formazione_di_pino_post_incendio;7;0
2485;1624767.195;4840159.1453;163;;formazione_di_pino_post_incendio;7;0
2486;1624867.195;4840159.1453;163;;formazione_di_pino_post_incendio;7;0
2487;1624967.195;4840159.1453;163;;formazione_di_pino_post_incendio;7;0
2529;1623467.195;4840059.1453;163;;formazione_di_pino_post_incendio;7;0
2530;1623567.195;4840059.1453;163;;formazione_di_pino_post_incendio;7;0
2531;1623667.195;4840059.1453;163;;formazione_di_pino_post_incendio;7;0
2532;1623767.195;4840059.1453;163;;formazione_di_pino_post_incendio;7;0
2533;1623867.195;4840059.1453;163;;formazione_di_pino_post_incendio;7;0
2534;1623967.195;4840059.1453;163;;formazione_di_pino_post_incendio;7;0
2536;1624167.195;4840059.1453;163;;formazione_di_pino_post_incendio;7;0
2537;1624267.195;4840059.1453;163;;formazione_di_pino_post_incendio;7;0
2538;1624367.195;4840059.1453;163;;formazione_di_pino_post_incendio;7;0
2540;1624567.195;4840059.1453;163;;formazione_di_pino_post_incendio;7;0
2541;1624667.195;4840059.1453;163;;formazione_di_pino_post_incendio;7;0
2544;1624967.195;4840059.1453;163;;formazione_di_pino_post_incendio;7;0
2587;1623567.195;4839959.1453;163;;formazione_di_pino_post_incendio;7;0
2588;1623667.195;4839959.1453;163;;formazione_di_pino_post_incendio;7;0
2589;1623767.195;4839959.1453;163;;formazione_di_pino_post_incendio;7;0
2590;1623867.195;4839959.1453;163;;formazione_di_pino_post_incendio;7;0
2591;1623967.195;4839959.1453;163;;formazione_di_pino_post_incendio;7;0
2592;1624067.195;4839959.1453;163;;formazione_di_pino_post_incendio;7;0
2593;1624167.195;4839959.1453;163;;formazione_di_pino_post_incendio;7;0
2594;1624267.195;4839959.1453;163;;formazione_di_pino_post_incendio;7;0
2595;1624367.195;4839959.1453;163;;formazione_di_pino_post_incendio;7;0
2596;1624467.195;4839959.1453;163;;formazione_di_pino_post_incendio;7;0
2597;1624567.195;4839959.1453;163;;formazione_di_pino_post_incendio;7;0
2598;1624667.195;4839959.1453;163;;formazione_di_pino_post_incendio;7;0
2643;1623467.195;4839859.1453;163;;formazione_di_pino_post_incendio;7;0
2644;1623567.195;4839859.1453;163;;formazione_di_pino_post_incendio;7;0
2645;1623667.195;4839859.1453;163;;formazione_di_pino_post_incendio;7;0
2646;1623767.195;4839859.1453;163;;formazione_di_pino_post_incendio;7;0
2647;1623867.195;4839859.1453;163;;formazione_di_pino_post_incendio;7;0
2648;1623967.195;4839859.1453;163;;formazione_di_pino_post_incendio;7;0
2651;1624267.195;4839859.1453;163;;formazione_di_pino_post_incendio;7;0
2652;1624367.195;4839859.1453;163;;formazione_di_pino_post_incendio;7;0
2654;1624567.195;4839859.1453;163;;formazione_di_pino_post_incendio;7;0
2655;1624667.195;4839859.1453;163;;formazione_di_pino_post_incendio;7;0
2658;1624967.195;4839859.1453;163;;formazione_di_pino_post_incendio;7;0
2659;1625067.195;4839859.1453;163;;formazione_di_pino_post_incendio;7;0
2660;1625167.195;4839859.1453;163;;formazione_di_pino_post_incendio;7;0
2700;1623467.195;4839759.1453;163;;formazione_di_pino_post_incendio;7;0
2701;1623567.195;4839759.1453;163;;formazione_di_pino_post_incendio;7;0
2702;1623667.195;4839759.1453;163;;formazione_di_pino_post_incendio;7;0
2703;1623767.195;4839759.1453;163;;formazione_di_pino_post_incendio;7;0
2704;1623867.195;4839759.1453;163;;formazione_di_pino_post_incendio;7;0
2706;1624067.195;4839759.1453;163;;formazione_di_pino_post_incendio;7;0
2707;1624167.195;4839759.1453;163;;formazione_di_pino_post_incendio;7;0
2709;1624367.195;4839759.1453;163;;formazione_di_pino_post_incendio;7;0
2711;1624567.195;4839759.1453;163;;formazione_di_pino_post_incendio;7;0
2712;1624667.195;4839759.1453;163;;formazione_di_pino_post_incendio;7;0
2713;1624767.195;4839759.1453;163;;formazione_di_pino_post_incendio;7;0
2714;1624867.195;4839759.1453;163;;formazione_di_pino_post_incendio;7;0
2715;1624967.195;4839759.1453;163;;formazione_di_pino_post_incendio;7;0
2716;1625067.195;4839759.1453;163;;formazione_di_pino_post_incendio;7;0
2717;1625167.195;4839759.1453;163;;formazione_di_pino_post_incendio;7;0
2757;1623467.195;4839659.1453;163;;formazione_di_pino_post_incendio;7;0
2758;1623567.195;4839659.1453;163;;formazione_di_pino_post_incendio;7;0
2759;1623667.195;4839659.1453;163;;formazione_di_pino_post_incendio;7;0
2760;1623767.195;4839659.1453;163;;formazione_di_pino_post_incendio;7;0
2761;1623867.195;4839659.1453;163;;formazione_di_pino_post_incendio;7;0
2764;1624167.195;4839659.1453;163;;formazione_di_pino_post_incendio;7;0
2765;1624267.195;4839659.1453;163;;formazione_di_pino_post_incendio;7;0
2769;1624667.195;4839659.1453;163;;formazione_di_pino_post_incendio;7;0
2770;1624767.195;4839659.1453;163;;formazione_di_pino_post_incendio;7;0
2772;1624967.195;4839659.1453;163;;formazione_di_pino_post_incendio;7;0
2773;1625067.195;4839659.1453;163;;formazione_di_pino_post_incendio;7;0
2774;1625167.195;4839659.1453;163;;formazione_di_pino_post_incendio;7;0
2814;1623467.195;4839559.1453;163;;formazione_di_pino_post_incendio;7;0
2815;1623567.195;4839559.1453;163;;formazione_di_pino_post_incendio;7;0
2816;1623667.195;4839559.1453;163;;formazione_di_pino_post_incendio;7;0
2817;1623767.195;4839559.1453;163;;formazione_di_pino_post_incendio;7;0
2818;1623867.195;4839559.1453;163;;formazione_di_pino_post_incendio;7;0
2826;1624667.195;4839559.1453;163;;formazione_di_pino_post_incendio;7;0
2827;1624767.195;4839559.1453;163;;formazione_di_pino_post_incendio;7;0
2828;1624867.195;4839559.1453;163;;formazione_di_pino_post_incendio;7;0
2829;1624967.195;4839559.1453;163;;formazione_di_pino_post_incendio;7;0
2830;1625067.195;4839559.1453;163;;formazione_di_pino_post_incendio;7;0
2831;1625167.195;4839559.1453;163;;formazione_di_pino_post_incendio;7;0
2832;1625267.195;4839559.1453;163;;formazione_di_pino_post_incendio;7;0
2871;1623467.195;4839459.1453;163;;formazione_di_pino_post_incendio;7;0
2872;1623567.195;4839459.1453;163;;formazione_di_pino_post_incendio;7;0
2873;1623667.195;4839459.1453;163;;formazione_di_pino_post_incendio;7;0
2874;1623767.195;4839459.1453;163;;formazione_di_pino_post_incendio;7;0
2875;1623867.195;4839459.1453;163;;formazione_di_pino_post_incendio;7;0
2876;1623967.195;4839459.1453;163;;formazione_di_pino_post_incendio;7;0
2877;1624067.195;4839459.1453;163;;formazione_di_pino_post_incendio;7;0
2883;1624667.195;4839459.1453;163;;formazione_di_pino_post_incendio;7;0
2884;1624767.195;4839459.1453;163;;formazione_di_pino_post_incendio;7;0
2885;1624867.195;4839459.1453;163;;formazione_di_pino_post_incendio;7;0
2886;1624967.195;4839459.1453;163;;formazione_di_pino_post_incendio;7;0
2887;1625067.195;4839459.1453;163;;formazione_di_pino_post_incendio;7;0
2889;1625267.195;4839459.1453;163;;formazione_di_pino_post_incendio;7;0
2890;1625367.195;4839459.1453;163;;formazione_di_pino_post_incendio;7;0
2931;1623767.195;4839359.1453;163;;formazione_di_pino_post_incendio;7;0
2932;1623867.195;4839359.1453;163;;formazione_di_pino_post_incendio;7;0
2933;1623967.195;4839359.1453;163;;formazione_di_pino_post_incendio;7;0
2940;1624667.195;4839359.1453;163;;formazione_di_pino_post_incendio;7;0
2941;1624767.195;4839359.1453;163;;formazione_di_pino_post_incendio;7;0
2942;1624867.195;4839359.1453;163;;formazione_di_pino_post_incendio;7;0
2943;1624967.195;4839359.1453;163;;formazione_di_pino_post_incendio;7;0
2944;1625067.195;4839359.1453;163;;formazione_di_pino_post_incendio;7;0
2947;1625367.195;4839359.1453;163;;formazione_di_pino_post_incendio;7;0
2989;1623867.195;4839259.1453;163;;formazione_di_pino_post_incendio;7;0
2995;1624467.195;4839259.1453;163;;formazione_di_pino_post_incendio;7;0
2998;1624767.195;4839259.1453;163;;formazione_di_pino_post_incendio;7;0
2999;1624867.195;4839259.1453;163;;formazione_di_pino_post_incendio;7;0
3000;1624967.195;4839259.1453;163;;formazione_di_pino_post_incendio;7;0
3052;1624467.195;4839159.1453;163;;formazione_di_pino_post_incendio;7;0
2356;1623267.195;4840359.1453;163;;formazione_di_pino_post_incendio;7;0
2357;1623367.195;4840359.1453;163;;formazione_di_pino_post_incendio;7;0
2414;1623367.195;4840259.1453;163;;formazione_di_pino_post_incendio;7;0
2471;1623367.195;4840159.1453;163;;formazione_di_pino_post_incendio;7;0
2527;1623267.195;4840059.1453;163;;formazione_di_pino_post_incendio;7;0
2528;1623367.195;4840059.1453;163;;formazione_di_pino_post_incendio;7;0
2585;1623367.195;4839959.1453;163;;formazione_di_pino_post_incendio;7;0
2641;1623267.195;4839859.1453;163;;formazione_di_pino_post_incendio;7;0
2642;1623367.195;4839859.1453;163;;formazione_di_pino_post_incendio;7;0
2697;1623167.195;4839759.1453;163;;formazione_di_pino_post_incendio;7;0
2698;1623267.195;4839759.1453;163;;formazione_di_pino_post_incendio;7;0
2699;1623367.195;4839759.1453;163;;formazione_di_pino_post_incendio;7;0
2754;1623167.195;4839659.1453;163;;formazione_di_pino_post_incendio;7;0
2755;1623267.195;4839659.1453;163;;formazione_di_pino_post_incendio;7;0
2756;1623367.195;4839659.1453;163;;formazione_di_pino_post_incendio;7;0
2812;1623267.195;4839559.1453;163;;formazione_di_pino_post_incendio;7;0
2813;1623367.195;4839559.1453;163;;formazione_di_pino_post_incendio;7;0
2492;1625467.195;4840159.1453;164;;formazione_di_pino_post_incendio;7;0
2145;1624967.195;4840759.1453;166;;formazione_di_pino_post_incendio;7;0
2197;1624467.195;4840659.1453;166;;formazione_di_pino_post_incendio;7;0
2086;1624767.195;4840859.1453;166;;formazione_di_pino_post_incendio;7;0
2087;1624867.195;4840859.1453;166;;formazione_di_pino_post_incendio;7;0
2088;1624967.195;4840859.1453;166;;formazione_di_pino_post_incendio;7;0
1895;1622767.195;4841159.1453;176;;formazioni_di_macchia_post_incendio;8;0
1896;1622867.195;4841159.1453;176;;formazioni_di_macchia_post_incendio;8;0
1952;1622767.195;4841059.1453;176;;formazioni_di_macchia_post_incendio;8;0
1953;1622867.195;4841059.1453;176;;formazioni_di_macchia_post_incendio;8;0
1954;1622967.195;4841059.1453;176;;formazioni_di_macchia_post_incendio;8;0
2008;1622667.195;4840959.1453;176;;formazioni_di_macchia_post_incendio;8;0
2010;1622867.195;4840959.1453;176;;formazioni_di_macchia_post_incendio;8;0
2011;1622967.195;4840959.1453;176;;formazioni_di_macchia_post_incendio;8;0
2068;1622967.195;4840859.1453;176;;formazioni_di_macchia_post_incendio;8;0
2348;1622467.195;4840359.1453;176;;formazioni_di_macchia_post_incendio;8;0
2349;1622567.195;4840359.1453;176;;formazioni_di_macchia_post_incendio;8;0
2350;1622667.195;4840359.1453;176;;formazioni_di_macchia_post_incendio;8;0
2351;1622767.195;4840359.1453;176;;formazioni_di_macchia_post_incendio;8;0
2352;1622867.195;4840359.1453;176;;formazioni_di_macchia_post_incendio;8;0
2353;1622967.195;4840359.1453;176;;formazioni_di_macchia_post_incendio;8;0
2354;1623067.195;4840359.1453;176;;formazioni_di_macchia_post_incendio;8;0
2355;1623167.195;4840359.1453;176;;formazioni_di_macchia_post_incendio;8;0
2406;1622567.195;4840259.1453;176;;formazioni_di_macchia_post_incendio;8;0
2407;1622667.195;4840259.1453;176;;formazioni_di_macchia_post_incendio;8;0
2408;1622767.195;4840259.1453;176;;formazioni_di_macchia_post_incendio;8;0
2409;1622867.195;4840259.1453;176;;formazioni_di_macchia_post_incendio;8;0
2410;1622967.195;4840259.1453;176;;formazioni_di_macchia_post_incendio;8;0
2411;1623067.195;4840259.1453;176;;formazioni_di_macchia_post_incendio;8;0
2412;1623167.195;4840259.1453;176;;formazioni_di_macchia_post_incendio;8;0
2464;1622667.195;4840159.1453;176;;formazioni_di_macchia_post_incendio;8;0
2465;1622767.195;4840159.1453;176;;formazioni_di_macchia_post_incendio;8;0
2466;1622867.195;4840159.1453;176;;formazioni_di_macchia_post_incendio;8;0
2467;1622967.195;4840159.1453;176;;formazioni_di_macchia_post_incendio;8;0
2469;1623167.195;4840159.1453;176;;formazioni_di_macchia_post_incendio;8;0
2522;1622767.195;4840059.1453;176;;formazioni_di_macchia_post_incendio;8;0
2523;1622867.195;4840059.1453;176;;formazioni_di_macchia_post_incendio;8;0
2524;1622967.195;4840059.1453;176;;formazioni_di_macchia_post_incendio;8;0
2525;1623067.195;4840059.1453;176;;formazioni_di_macchia_post_incendio;8;0
2526;1623167.195;4840059.1453;176;;formazioni_di_macchia_post_incendio;8;0
2581;1622967.195;4839959.1453;176;;formazioni_di_macchia_post_incendio;8;0
2582;1623067.195;4839959.1453;176;;formazioni_di_macchia_post_incendio;8;0
2583;1623167.195;4839959.1453;176;;formazioni_di_macchia_post_incendio;8;0
2584;1623267.195;4839959.1453;176;;formazioni_di_macchia_post_incendio;8;0
2639;1623067.195;4839859.1453;176;;formazioni_di_macchia_post_incendio;8;0
2640;1623167.195;4839859.1453;176;;formazioni_di_macchia_post_incendio;8;0
2296;1622967.195;4840459.1453;176;;formazioni_di_macchia_post_incendio;8;0
2297;1623067.195;4840459.1453;176;;formazioni_di_macchia_post_incendio;8;0
1838;1622767.195;4841259.1453;176;;formazioni_di_macchia_post_incendio;8;0
1890;1622267.195;4841159.1453;176;;formazioni_di_macchia_post_incendio;8;0
1891;1622367.195;4841159.1453;176;;formazioni_di_macchia_post_incendio;8;0
1892;1622467.195;4841159.1453;176;;formazioni_di_macchia_post_incendio;8;0
1946;1622167.195;4841059.1453;176;;formazioni_di_macchia_post_incendio;8;0
1948;1622367.195;4841059.1453;176;;formazioni_di_macchia_post_incendio;8;0
1949;1622467.195;4841059.1453;176;;formazioni_di_macchia_post_incendio;8;0
1950;1622567.195;4841059.1453;176;;formazioni_di_macchia_post_incendio;8;0
2004;1622267.195;4840959.1453;176;;formazioni_di_macchia_post_incendio;8;0
2005;1622367.195;4840959.1453;176;;formazioni_di_macchia_post_incendio;8;0
2006;1622467.195;4840959.1453;176;;formazioni_di_macchia_post_incendio;8;0
2007;1622567.195;4840959.1453;176;;formazioni_di_macchia_post_incendio;8;0
2012;1623067.195;4840959.1453;176;;formazioni_di_macchia_post_incendio;8;0
2061;1622267.195;4840859.1453;176;;formazioni_di_macchia_post_incendio;8;0
2062;1622367.195;4840859.1453;176;;formazioni_di_macchia_post_incendio;8;0
2063;1622467.195;4840859.1453;176;;formazioni_di_macchia_post_incendio;8;0
2064;1622567.195;4840859.1453;176;;formazioni_di_macchia_post_incendio;8;0
2069;1623067.195;4840859.1453;176;;formazioni_di_macchia_post_incendio;8;0
2118;1622267.195;4840759.1453;176;;formazioni_di_macchia_post_incendio;8;0
2119;1622367.195;4840759.1453;176;;formazioni_di_macchia_post_incendio;8;0
2120;1622467.195;4840759.1453;176;;formazioni_di_macchia_post_incendio;8;0
2121;1622567.195;4840759.1453;176;;formazioni_di_macchia_post_incendio;8;0
2122;1622667.195;4840759.1453;176;;formazioni_di_macchia_post_incendio;8;0
2123;1622767.195;4840759.1453;176;;formazioni_di_macchia_post_incendio;8;0
2126;1623067.195;4840759.1453;176;;formazioni_di_macchia_post_incendio;8;0
2176;1622367.195;4840659.1453;176;;formazioni_di_macchia_post_incendio;8;0
2177;1622467.195;4840659.1453;176;;formazioni_di_macchia_post_incendio;8;0
2178;1622567.195;4840659.1453;176;;formazioni_di_macchia_post_incendio;8;0
2179;1622667.195;4840659.1453;176;;formazioni_di_macchia_post_incendio;8;0
2180;1622767.195;4840659.1453;176;;formazioni_di_macchia_post_incendio;8;0
2234;1622467.195;4840559.1453;176;;formazioni_di_macchia_post_incendio;8;0
2235;1622567.195;4840559.1453;176;;formazioni_di_macchia_post_incendio;8;0
2236;1622667.195;4840559.1453;176;;formazioni_di_macchia_post_incendio;8;0
2237;1622767.195;4840559.1453;176;;formazioni_di_macchia_post_incendio;8;0
2238;1622867.195;4840559.1453;176;;formazioni_di_macchia_post_incendio;8;0
2240;1623067.195;4840559.1453;176;;formazioni_di_macchia_post_incendio;8;0
2291;1622467.195;4840459.1453;176;;formazioni_di_macchia_post_incendio;8;0
2292;1622567.195;4840459.1453;176;;formazioni_di_macchia_post_incendio;8;0
2293;1622667.195;4840459.1453;176;;formazioni_di_macchia_post_incendio;8;0
2294;1622767.195;4840459.1453;176;;formazioni_di_macchia_post_incendio;8;0
2295;1622867.195;4840459.1453;176;;formazioni_di_macchia_post_incendio;8;0
2128;1623267.195;4840759.1453;176;;formazioni_di_macchia_post_incendio;8;0
2185;1623267.195;4840659.1453;176;;formazioni_di_macchia_post_incendio;8;0
2070;1623167.195;4840859.1453;176;;formazioni_di_macchia_post_incendio;8;0
2127;1623167.195;4840759.1453;176;;formazioni_di_macchia_post_incendio;8;0
2184;1623167.195;4840659.1453;176;;formazioni_di_macchia_post_incendio;8;0
2141;1624567.195;4840759.1453;177;;formazioni_di_macchia_post_incendio;8;0
2250;1624067.195;4840559.1453;178;;formazioni_di_macchia_post_incendio;8;0
2307;1624067.195;4840459.1453;178;;formazioni_di_macchia_post_incendio;8;0
928;1622967.195;4842859.1453;179;;formazioni_di_macchia_post_incendio;8;0
759;1623167.195;4843159.1453;179;;formazioni_di_macchia_post_incendio;8;0
760;1623267.195;4843159.1453;179;;formazioni_di_macchia_post_incendio;8;0
761;1623367.195;4843159.1453;179;;formazioni_di_macchia_post_incendio;8;0
816;1623167.195;4843059.1453;179;;formazioni_di_macchia_post_incendio;8;0
818;1623367.195;4843059.1453;179;;formazioni_di_macchia_post_incendio;8;0
872;1623067.195;4842959.1453;179;;formazioni_di_macchia_post_incendio;8;0
873;1623167.195;4842959.1453;179;;formazioni_di_macchia_post_incendio;8;0
874;1623267.195;4842959.1453;179;;formazioni_di_macchia_post_incendio;8;0
875;1623367.195;4842959.1453;179;;formazioni_di_macchia_post_incendio;8;0
930;1623167.195;4842859.1453;179;;formazioni_di_macchia_post_incendio;8;0
931;1623267.195;4842859.1453;179;;formazioni_di_macchia_post_incendio;8;0
932;1623367.195;4842859.1453;179;;formazioni_di_macchia_post_incendio;8;0
987;1623167.195;4842759.1453;179;;formazioni_di_macchia_post_incendio;8;0
988;1623267.195;4842759.1453;179;;formazioni_di_macchia_post_incendio;8;0
989;1623367.195;4842759.1453;179;;formazioni_di_macchia_post_incendio;8;0
1043;1623067.195;4842659.1453;179;;formazioni_di_macchia_post_incendio;8;0
1044;1623167.195;4842659.1453;179;;formazioni_di_macchia_post_incendio;8;0
1045;1623267.195;4842659.1453;179;;formazioni_di_macchia_post_incendio;8;0
1046;1623367.195;4842659.1453;179;;formazioni_di_macchia_post_incendio;8;0
703;1623267.195;4843259.1453;179;;formazioni_di_macchia_post_incendio;8;0
704;1623367.195;4843259.1453;179;;formazioni_di_macchia_post_incendio;8;0
705;1623467.195;4843259.1453;179;;formazioni_di_macchia_post_incendio;8;0
762;1623467.195;4843159.1453;179;;formazioni_di_macchia_post_incendio;8;0
763;1623567.195;4843159.1453;179;;formazioni_di_macchia_post_incendio;8;0
820;1623567.195;4843059.1453;179;;formazioni_di_macchia_post_incendio;8;0
821;1623667.195;4843059.1453;179;;formazioni_di_macchia_post_incendio;8;0
822;1623767.195;4843059.1453;179;;formazioni_di_macchia_post_incendio;8;0
877;1623567.195;4842959.1453;179;;formazioni_di_macchia_post_incendio;8;0
819;1623467.195;4843059.1453;179;;formazioni_di_macchia_post_incendio;8;0
876;1623467.195;4842959.1453;179;;formazioni_di_macchia_post_incendio;8;0
933;1623467.195;4842859.1453;179;;formazioni_di_macchia_post_incendio;8;0
990;1623467.195;4842759.1453;179;;formazioni_di_macchia_post_incendio;8;0
1102;1623267.195;4842559.1453;179;;formazioni_di_macchia_post_incendio;8;0
1103;1623367.195;4842559.1453;179;;formazioni_di_macchia_post_incendio;8;0
363;1623467.195;4843859.1453;181;;formazioni_di_macchia_post_incendio;8;0
361;1623267.195;4843859.1453;181;;formazioni_di_macchia_post_incendio;8;0
360;1623167.195;4843859.1453;181;;formazioni_di_macchia_post_incendio;8;0
364;1623567.195;4843859.1453;181;;formazioni_di_macchia_post_incendio;8;0
416;1623067.195;4843759.1453;181;;formazioni_di_macchia_post_incendio;8;0
417;1623167.195;4843759.1453;181;;formazioni_di_macchia_post_incendio;8;0
418;1623267.195;4843759.1453;181;;formazioni_di_macchia_post_incendio;8;0
472;1622967.195;4843659.1453;181;;formazioni_di_macchia_post_incendio;8;0
473;1623067.195;4843659.1453;181;;formazioni_di_macchia_post_incendio;8;0
474;1623167.195;4843659.1453;181;;formazioni_di_macchia_post_incendio;8;0
2146;1625067.195;4840759.1453;182;;formazioni_di_macchia_post_incendio;8;0
2147;1625167.195;4840759.1453;182;;formazioni_di_macchia_post_incendio;8;0
2148;1625267.195;4840759.1453;182;;formazioni_di_macchia_post_incendio;8;0
2149;1625367.195;4840759.1453;182;;formazioni_di_macchia_post_incendio;8;0
2150;1625467.195;4840759.1453;182;;formazioni_di_macchia_post_incendio;8;0
2151;1625567.195;4840759.1453;182;;formazioni_di_macchia_post_incendio;8;0
2152;1625667.195;4840759.1453;182;;formazioni_di_macchia_post_incendio;8;0
2203;1625067.195;4840659.1453;182;;formazioni_di_macchia_post_incendio;8;0
2205;1625267.195;4840659.1453;182;;formazioni_di_macchia_post_incendio;8;0
2206;1625367.195;4840659.1453;182;;formazioni_di_macchia_post_incendio;8;0
2208;1625567.195;4840659.1453;182;;formazioni_di_macchia_post_incendio;8;0
2252;1624267.195;4840559.1453;182;;formazioni_di_macchia_post_incendio;8;0
2260;1625067.195;4840559.1453;182;;formazioni_di_macchia_post_incendio;8;0
2261;1625167.195;4840559.1453;182;;formazioni_di_macchia_post_incendio;8;0
2262;1625267.195;4840559.1453;182;;formazioni_di_macchia_post_incendio;8;0
2263;1625367.195;4840559.1453;182;;formazioni_di_macchia_post_incendio;8;0
2264;1625467.195;4840559.1453;182;;formazioni_di_macchia_post_incendio;8;0
2266;1625667.195;4840559.1453;182;;formazioni_di_macchia_post_incendio;8;0
2308;1624167.195;4840459.1453;182;;formazioni_di_macchia_post_incendio;8;0
2317;1625067.195;4840459.1453;182;;formazioni_di_macchia_post_incendio;8;0
2318;1625167.195;4840459.1453;182;;formazioni_di_macchia_post_incendio;8;0
2319;1625267.195;4840459.1453;182;;formazioni_di_macchia_post_incendio;8;0
2320;1625367.195;4840459.1453;182;;formazioni_di_macchia_post_incendio;8;0
2321;1625467.195;4840459.1453;182;;formazioni_di_macchia_post_incendio;8;0
2322;1625567.195;4840459.1453;182;;formazioni_di_macchia_post_incendio;8;0
2323;1625667.195;4840459.1453;182;;formazioni_di_macchia_post_incendio;8;0
1975;1625067.195;4841059.1453;182;;formazioni_di_macchia_post_incendio;8;0
1976;1625167.195;4841059.1453;182;;formazioni_di_macchia_post_incendio;8;0
1977;1625267.195;4841059.1453;182;;formazioni_di_macchia_post_incendio;8;0
1978;1625367.195;4841059.1453;182;;formazioni_di_macchia_post_incendio;8;0
1979;1625467.195;4841059.1453;182;;formazioni_di_macchia_post_incendio;8;0
2031;1624967.195;4840959.1453;182;;formazioni_di_macchia_post_incendio;8;0
2032;1625067.195;4840959.1453;182;;formazioni_di_macchia_post_incendio;8;0
2033;1625167.195;4840959.1453;182;;formazioni_di_macchia_post_incendio;8;0
2034;1625267.195;4840959.1453;182;;formazioni_di_macchia_post_incendio;8;0
2035;1625367.195;4840959.1453;182;;formazioni_di_macchia_post_incendio;8;0
2036;1625467.195;4840959.1453;182;;formazioni_di_macchia_post_incendio;8;0
2037;1625567.195;4840959.1453;182;;formazioni_di_macchia_post_incendio;8;0
2365;1624167.195;4840359.1453;182;;formazioni_di_macchia_post_incendio;8;0
2366;1624267.195;4840359.1453;182;;formazioni_di_macchia_post_incendio;8;0
2367;1624367.195;4840359.1453;182;;formazioni_di_macchia_post_incendio;8;0
2374;1625067.195;4840359.1453;182;;formazioni_di_macchia_post_incendio;8;0
2375;1625167.195;4840359.1453;182;;formazioni_di_macchia_post_incendio;8;0
2376;1625267.195;4840359.1453;182;;formazioni_di_macchia_post_incendio;8;0
2377;1625367.195;4840359.1453;182;;formazioni_di_macchia_post_incendio;8;0
2422;1624167.195;4840259.1453;182;;formazioni_di_macchia_post_incendio;8;0
2425;1624467.195;4840259.1453;182;;formazioni_di_macchia_post_incendio;8;0
2426;1624567.195;4840259.1453;182;;formazioni_di_macchia_post_incendio;8;0
2433;1625267.195;4840259.1453;182;;formazioni_di_macchia_post_incendio;8;0
2434;1625367.195;4840259.1453;182;;formazioni_di_macchia_post_incendio;8;0
2435;1625467.195;4840259.1453;182;;formazioni_di_macchia_post_incendio;8;0
2478;1624067.195;4840159.1453;182;;formazioni_di_macchia_post_incendio;8;0
2480;1624267.195;4840159.1453;182;;formazioni_di_macchia_post_incendio;8;0
2484;1624667.195;4840159.1453;182;;formazioni_di_macchia_post_incendio;8;0
2490;1625267.195;4840159.1453;182;;formazioni_di_macchia_post_incendio;8;0
2491;1625367.195;4840159.1453;182;;formazioni_di_macchia_post_incendio;8;0
2493;1625567.195;4840159.1453;182;;formazioni_di_macchia_post_incendio;8;0
2535;1624067.195;4840059.1453;182;;formazioni_di_macchia_post_incendio;8;0
2539;1624467.195;4840059.1453;182;;formazioni_di_macchia_post_incendio;8;0
2542;1624767.195;4840059.1453;182;;formazioni_di_macchia_post_incendio;8;0
2543;1624867.195;4840059.1453;182;;formazioni_di_macchia_post_incendio;8;0
2599;1624767.195;4839959.1453;182;;formazioni_di_macchia_post_incendio;8;0
2600;1624867.195;4839959.1453;182;;formazioni_di_macchia_post_incendio;8;0
2601;1624967.195;4839959.1453;182;;formazioni_di_macchia_post_incendio;8;0
2602;1625067.195;4839959.1453;182;;formazioni_di_macchia_post_incendio;8;0
2649;1624067.195;4839859.1453;182;;formazioni_di_macchia_post_incendio;8;0
2650;1624167.195;4839859.1453;182;;formazioni_di_macchia_post_incendio;8;0
2653;1624467.195;4839859.1453;182;;formazioni_di_macchia_post_incendio;8;0
2656;1624767.195;4839859.1453;182;;formazioni_di_macchia_post_incendio;8;0
2657;1624867.195;4839859.1453;182;;formazioni_di_macchia_post_incendio;8;0
2708;1624267.195;4839759.1453;182;;formazioni_di_macchia_post_incendio;8;0
2710;1624467.195;4839759.1453;182;;formazioni_di_macchia_post_incendio;8;0
2762;1623967.195;4839659.1453;182;;formazioni_di_macchia_post_incendio;8;0
2763;1624067.195;4839659.1453;182;;formazioni_di_macchia_post_incendio;8;0
2766;1624367.195;4839659.1453;182;;formazioni_di_macchia_post_incendio;8;0
2767;1624467.195;4839659.1453;182;;formazioni_di_macchia_post_incendio;8;0
2768;1624567.195;4839659.1453;182;;formazioni_di_macchia_post_incendio;8;0
2819;1623967.195;4839559.1453;182;;formazioni_di_macchia_post_incendio;8;0
2820;1624067.195;4839559.1453;182;;formazioni_di_macchia_post_incendio;8;0
2821;1624167.195;4839559.1453;182;;formazioni_di_macchia_post_incendio;8;0
2822;1624267.195;4839559.1453;182;;formazioni_di_macchia_post_incendio;8;0
2878;1624167.195;4839459.1453;182;;formazioni_di_macchia_post_incendio;8;0
2879;1624267.195;4839459.1453;182;;formazioni_di_macchia_post_incendio;8;0
2934;1624067.195;4839359.1453;182;;formazioni_di_macchia_post_incendio;8;0
2935;1624167.195;4839359.1453;182;;formazioni_di_macchia_post_incendio;8;0
2991;1624067.195;4839259.1453;182;;formazioni_di_macchia_post_incendio;8;0
2094;1625567.195;4840859.1453;182;;formazioni_di_macchia_post_incendio;8;0
2095;1625667.195;4840859.1453;182;;formazioni_di_macchia_post_incendio;8;0
2096;1625767.195;4840859.1453;182;;formazioni_di_macchia_post_incendio;8;0
2097;1625867.195;4840859.1453;182;;formazioni_di_macchia_post_incendio;8;0
2153;1625767.195;4840759.1453;182;;formazioni_di_macchia_post_incendio;8;0
2324;1625767.195;4840459.1453;182;;formazioni_di_macchia_post_incendio;8;0
2325;1625867.195;4840459.1453;182;;formazioni_di_macchia_post_incendio;8;0
2439;1625867.195;4840259.1453;182;;formazioni_di_macchia_post_incendio;8;0
2495;1625767.195;4840159.1453;182;;formazioni_di_macchia_post_incendio;8;0
2089;1625067.195;4840859.1453;182;;formazioni_di_macchia_post_incendio;8;0
2090;1625167.195;4840859.1453;182;;formazioni_di_macchia_post_incendio;8;0
2091;1625267.195;4840859.1453;182;;formazioni_di_macchia_post_incendio;8;0
2092;1625367.195;4840859.1453;182;;formazioni_di_macchia_post_incendio;8;0
2093;1625467.195;4840859.1453;182;;formazioni_di_macchia_post_incendio;8;0
2551;1625667.195;4840059.1453;182;;formazioni_di_macchia_post_incendio;8;0
2552;1625767.195;4840059.1453;182;;formazioni_di_macchia_post_incendio;8;0
1742;1624567.195;4841459.1453;184;;agricolo_/_altre_superf._non_boscate;9;0
1453;1624167.195;4841959.1453;184;;agricolo_/_altre_superf._non_boscate;9;0
1454;1624267.195;4841959.1453;184;;agricolo_/_altre_superf._non_boscate;9;0
1674;1623467.195;4841559.1453;184;;agricolo_/_altre_superf._non_boscate;9;0
1675;1623567.195;4841559.1453;184;;agricolo_/_altre_superf._non_boscate;9;0
1676;1623667.195;4841559.1453;184;;agricolo_/_altre_superf._non_boscate;9;0
1677;1623767.195;4841559.1453;184;;agricolo_/_altre_superf._non_boscate;9;0
1678;1623867.195;4841559.1453;184;;agricolo_/_altre_superf._non_boscate;9;0
1679;1623967.195;4841559.1453;184;;agricolo_/_altre_superf._non_boscate;9;0
1680;1624067.195;4841559.1453;184;;agricolo_/_altre_superf._non_boscate;9;0
1681;1624167.195;4841559.1453;184;;agricolo_/_altre_superf._non_boscate;9;0
1732;1623567.195;4841459.1453;184;;agricolo_/_altre_superf._non_boscate;9;0
1733;1623667.195;4841459.1453;184;;agricolo_/_altre_superf._non_boscate;9;0
1734;1623767.195;4841459.1453;184;;agricolo_/_altre_superf._non_boscate;9;0
1735;1623867.195;4841459.1453;184;;agricolo_/_altre_superf._non_boscate;9;0
1736;1623967.195;4841459.1453;184;;agricolo_/_altre_superf._non_boscate;9;0
1789;1623567.195;4841359.1453;184;;agricolo_/_altre_superf._non_boscate;9;0
1791;1623767.195;4841359.1453;184;;agricolo_/_altre_superf._non_boscate;9;0
1792;1623867.195;4841359.1453;184;;agricolo_/_altre_superf._non_boscate;9;0
1795;1624167.195;4841359.1453;184;;agricolo_/_altre_superf._non_boscate;9;0
1846;1623567.195;4841259.1453;184;;agricolo_/_altre_superf._non_boscate;9;0
1683;1624367.195;4841559.1453;184;;agricolo_/_altre_superf._non_boscate;9;0
1625;1624267.195;4841659.1453;184;;agricolo_/_altre_superf._non_boscate;9;0
1626;1624367.195;4841659.1453;184;;agricolo_/_altre_superf._non_boscate;9;0
1561;1623567.195;4841759.1453;184;;agricolo_/_altre_superf._non_boscate;9;0
1562;1623667.195;4841759.1453;184;;agricolo_/_altre_superf._non_boscate;9;0
1618;1623567.195;4841659.1453;184;;agricolo_/_altre_superf._non_boscate;9;0
1619;1623667.195;4841659.1453;184;;agricolo_/_altre_superf._non_boscate;9;0
1621;1623867.195;4841659.1453;184;;agricolo_/_altre_superf._non_boscate;9;0
1622;1623967.195;4841659.1453;184;;agricolo_/_altre_superf._non_boscate;9;0
1623;1624067.195;4841659.1453;184;;agricolo_/_altre_superf._non_boscate;9;0
1624;1624167.195;4841659.1453;184;;agricolo_/_altre_superf._non_boscate;9;0
482;1623967.195;4843659.1453;185;;agricolo_/_altre_superf._non_boscate;9;0
486;1624367.195;4843659.1453;185;;agricolo_/_altre_superf._non_boscate;9;0
599;1624267.195;4843459.1453;185;;agricolo_/_altre_superf._non_boscate;9;0
483;1624067.195;4843659.1453;185;;agricolo_/_altre_superf._non_boscate;9;0
541;1624167.195;4843559.1453;185;;agricolo_/_altre_superf._non_boscate;9;0
368;1623967.195;4843859.1453;185;;agricolo_/_altre_superf._non_boscate;9;0
425;1623967.195;4843759.1453;185;;agricolo_/_altre_superf._non_boscate;9;0
643;1622967.195;4843359.1453;186;;agricolo_/_altre_superf._non_boscate;9;0
644;1623067.195;4843359.1453;186;;agricolo_/_altre_superf._non_boscate;9;0
700;1622967.195;4843259.1453;186;;agricolo_/_altre_superf._non_boscate;9;0
645;1623167.195;4843359.1453;186;;agricolo_/_altre_superf._non_boscate;9;0
415;1622967.195;4843759.1453;187;;agricolo_/_altre_superf._non_boscate;9;0
471;1622867.195;4843659.1453;187;;agricolo_/_altre_superf._non_boscate;9;0
528;1622867.195;4843559.1453;187;;agricolo_/_altre_superf._non_boscate;9;0
529;1622967.195;4843559.1453;187;;agricolo_/_altre_superf._non_boscate;9;0
530;1623067.195;4843559.1453;187;;agricolo_/_altre_superf._non_boscate;9;0
531;1623167.195;4843559.1453;187;;agricolo_/_altre_superf._non_boscate;9;0
585;1622867.195;4843459.1453;187;;agricolo_/_altre_superf._non_boscate;9;0
538;1623867.195;4843559.1453;188;;agricolo_/_altre_superf._non_boscate;9;0
2043;1626167.195;4840959.1453;189;;agricolo_/_altre_superf._non_boscate;9;0
2044;1626267.195;4840959.1453;189;;agricolo_/_altre_superf._non_boscate;9;0
2211;1625867.195;4840659.1453;190;;agricolo_/_altre_superf._non_boscate;9;0
2210;1625767.195;4840659.1453;190;;agricolo_/_altre_superf._non_boscate;9;0
2267;1625767.195;4840559.1453;190;;agricolo_/_altre_superf._non_boscate;9;0
2268;1625867.195;4840559.1453;190;;agricolo_/_altre_superf._non_boscate;9;0
2328;1626167.195;4840459.1453;190;;agricolo_/_altre_superf._non_boscate;9;0
2329;1626267.195;4840459.1453;190;;agricolo_/_altre_superf._non_boscate;9;0
1115;1624567.195;4842559.1453;192;;agricolo_/_altre_superf._non_boscate;9;0
1051;1623867.195;4842659.1453;192;;agricolo_/_altre_superf._non_boscate;9;0
1052;1623967.195;4842659.1453;192;;agricolo_/_altre_superf._non_boscate;9;0
1053;1624067.195;4842659.1453;192;;agricolo_/_altre_superf._non_boscate;9;0
1054;1624167.195;4842659.1453;192;;agricolo_/_altre_superf._non_boscate;9;0
1108;1623867.195;4842559.1453;192;;agricolo_/_altre_superf._non_boscate;9;0
1109;1623967.195;4842559.1453;192;;agricolo_/_altre_superf._non_boscate;9;0
1110;1624067.195;4842559.1453;192;;agricolo_/_altre_superf._non_boscate;9;0
1111;1624167.195;4842559.1453;192;;agricolo_/_altre_superf._non_boscate;9;0
1165;1623867.195;4842459.1453;192;;agricolo_/_altre_superf._non_boscate;9;0
1166;1623967.195;4842459.1453;192;;agricolo_/_altre_superf._non_boscate;9;0
1167;1624067.195;4842459.1453;192;;agricolo_/_altre_superf._non_boscate;9;0
1168;1624167.195;4842459.1453;192;;agricolo_/_altre_superf._non_boscate;9;0
1280;1623967.195;4842259.1453;192;;agricolo_/_altre_superf._non_boscate;9;0
1281;1624067.195;4842259.1453;192;;agricolo_/_altre_superf._non_boscate;9;0
1282;1624167.195;4842259.1453;192;;agricolo_/_altre_superf._non_boscate;9;0
1337;1623967.195;4842159.1453;192;;agricolo_/_altre_superf._non_boscate;9;0
1338;1624067.195;4842159.1453;192;;agricolo_/_altre_superf._non_boscate;9;0
1339;1624167.195;4842159.1453;192;;agricolo_/_altre_superf._non_boscate;9;0
1340;1624267.195;4842159.1453;192;;agricolo_/_altre_superf._non_boscate;9;0
1341;1624367.195;4842159.1453;192;;agricolo_/_altre_superf._non_boscate;9;0
1396;1624167.195;4842059.1453;192;;agricolo_/_altre_superf._non_boscate;9;0
1397;1624267.195;4842059.1453;192;;agricolo_/_altre_superf._non_boscate;9;0
985;1622967.195;4842759.1453;192;;agricolo_/_altre_superf._non_boscate;9;0
986;1623067.195;4842759.1453;192;;agricolo_/_altre_superf._non_boscate;9;0
998;1624267.195;4842759.1453;192;;agricolo_/_altre_superf._non_boscate;9;0
1113;1624367.195;4842559.1453;192;;agricolo_/_altre_superf._non_boscate;9;0
1114;1624467.195;4842559.1453;192;;agricolo_/_altre_superf._non_boscate;9;0
1170;1624367.195;4842459.1453;192;;agricolo_/_altre_superf._non_boscate;9;0
1226;1624267.195;4842359.1453;192;;agricolo_/_altre_superf._non_boscate;9;0
878;1623667.195;4842959.1453;192;;agricolo_/_altre_superf._non_boscate;9;0
879;1623767.195;4842959.1453;192;;agricolo_/_altre_superf._non_boscate;9;0
880;1623867.195;4842959.1453;192;;agricolo_/_altre_superf._non_boscate;9;0
881;1623967.195;4842959.1453;192;;agricolo_/_altre_superf._non_boscate;9;0
934;1623567.195;4842859.1453;192;;agricolo_/_altre_superf._non_boscate;9;0
935;1623667.195;4842859.1453;192;;agricolo_/_altre_superf._non_boscate;9;0
936;1623767.195;4842859.1453;192;;agricolo_/_altre_superf._non_boscate;9;0
937;1623867.195;4842859.1453;192;;agricolo_/_altre_superf._non_boscate;9;0
939;1624067.195;4842859.1453;192;;agricolo_/_altre_superf._non_boscate;9;0
940;1624167.195;4842859.1453;192;;agricolo_/_altre_superf._non_boscate;9;0
991;1623567.195;4842759.1453;192;;agricolo_/_altre_superf._non_boscate;9;0
992;1623667.195;4842759.1453;192;;agricolo_/_altre_superf._non_boscate;9;0
993;1623767.195;4842759.1453;192;;agricolo_/_altre_superf._non_boscate;9;0
994;1623867.195;4842759.1453;192;;agricolo_/_altre_superf._non_boscate;9;0
995;1623967.195;4842759.1453;192;;agricolo_/_altre_superf._non_boscate;9;0
996;1624067.195;4842759.1453;192;;agricolo_/_altre_superf._non_boscate;9;0
997;1624167.195;4842759.1453;192;;agricolo_/_altre_superf._non_boscate;9;0
1047;1623467.195;4842659.1453;192;;agricolo_/_altre_superf._non_boscate;9;0
1048;1623567.195;4842659.1453;192;;agricolo_/_altre_superf._non_boscate;9;0
1049;1623667.195;4842659.1453;192;;agricolo_/_altre_superf._non_boscate;9;0
1050;1623767.195;4842659.1453;192;;agricolo_/_altre_superf._non_boscate;9;0
1099;1622967.195;4842559.1453;192;;agricolo_/_altre_superf._non_boscate;9;0
1100;1623067.195;4842559.1453;192;;agricolo_/_altre_superf._non_boscate;9;0
1101;1623167.195;4842559.1453;192;;agricolo_/_altre_superf._non_boscate;9;0
1104;1623467.195;4842559.1453;192;;agricolo_/_altre_superf._non_boscate;9;0
1106;1623667.195;4842559.1453;192;;agricolo_/_altre_superf._non_boscate;9;0
1107;1623767.195;4842559.1453;192;;agricolo_/_altre_superf._non_boscate;9;0
1155;1622867.195;4842459.1453;192;;agricolo_/_altre_superf._non_boscate;9;0
1156;1622967.195;4842459.1453;192;;agricolo_/_altre_superf._non_boscate;9;0
1157;1623067.195;4842459.1453;192;;agricolo_/_altre_superf._non_boscate;9;0
1158;1623167.195;4842459.1453;192;;agricolo_/_altre_superf._non_boscate;9;0
1159;1623267.195;4842459.1453;192;;agricolo_/_altre_superf._non_boscate;9;0
1160;1623367.195;4842459.1453;192;;agricolo_/_altre_superf._non_boscate;9;0
1161;1623467.195;4842459.1453;192;;agricolo_/_altre_superf._non_boscate;9;0
1163;1623667.195;4842459.1453;192;;agricolo_/_altre_superf._non_boscate;9;0
1164;1623767.195;4842459.1453;192;;agricolo_/_altre_superf._non_boscate;9;0
1213;1622967.195;4842359.1453;192;;agricolo_/_altre_superf._non_boscate;9;0
1215;1623167.195;4842359.1453;192;;agricolo_/_altre_superf._non_boscate;9;0
1216;1623267.195;4842359.1453;192;;agricolo_/_altre_superf._non_boscate;9;0
1217;1623367.195;4842359.1453;192;;agricolo_/_altre_superf._non_boscate;9;0
1220;1623667.195;4842359.1453;192;;agricolo_/_altre_superf._non_boscate;9;0
1221;1623767.195;4842359.1453;192;;agricolo_/_altre_superf._non_boscate;9;0
1223;1623967.195;4842359.1453;192;;agricolo_/_altre_superf._non_boscate;9;0
1224;1624067.195;4842359.1453;192;;agricolo_/_altre_superf._non_boscate;9;0
1225;1624167.195;4842359.1453;192;;agricolo_/_altre_superf._non_boscate;9;0
1270;1622967.195;4842259.1453;192;;agricolo_/_altre_superf._non_boscate;9;0
1271;1623067.195;4842259.1453;192;;agricolo_/_altre_superf._non_boscate;9;0
1273;1623267.195;4842259.1453;192;;agricolo_/_altre_superf._non_boscate;9;0
1274;1623367.195;4842259.1453;192;;agricolo_/_altre_superf._non_boscate;9;0
1335;1623767.195;4842159.1453;192;;agricolo_/_altre_superf._non_boscate;9;0
1336;1623867.195;4842159.1453;192;;agricolo_/_altre_superf._non_boscate;9;0
1391;1623667.195;4842059.1453;192;;agricolo_/_altre_superf._non_boscate;9;0
1392;1623767.195;4842059.1453;192;;agricolo_/_altre_superf._non_boscate;9;0
870;1622867.195;4842959.1453;193;;agricolo_/_altre_superf._non_boscate;9;0
871;1622967.195;4842959.1453;193;;agricolo_/_altre_superf._non_boscate;9;0
697;1622667.195;4843259.1453;193;;agricolo_/_altre_superf._non_boscate;9;0
698;1622767.195;4843259.1453;193;;agricolo_/_altre_superf._non_boscate;9;0
810;1622567.195;4843059.1453;193;;agricolo_/_altre_superf._non_boscate;9;0
981;1622567.195;4842759.1453;193;;agricolo_/_altre_superf._non_boscate;9;0
982;1622667.195;4842759.1453;193;;agricolo_/_altre_superf._non_boscate;9;0
983;1622767.195;4842759.1453;193;;agricolo_/_altre_superf._non_boscate;9;0
757;1622967.195;4843159.1453;193;;agricolo_/_altre_superf._non_boscate;9;0
814;1622967.195;4843059.1453;193;;agricolo_/_altre_superf._non_boscate;9;0
815;1623067.195;4843059.1453;193;;agricolo_/_altre_superf._non_boscate;9;0
756;1622867.195;4843159.1453;193;;agricolo_/_altre_superf._non_boscate;9;0
812;1622767.195;4843059.1453;193;;agricolo_/_altre_superf._non_boscate;9;0
813;1622867.195;4843059.1453;193;;agricolo_/_altre_superf._non_boscate;9;0
869;1622767.195;4842959.1453;193;;agricolo_/_altre_superf._non_boscate;9;0
926;1622767.195;4842859.1453;193;;agricolo_/_altre_superf._non_boscate;9;0
984;1622867.195;4842759.1453;193;;agricolo_/_altre_superf._non_boscate;9;0
754;1622667.195;4843159.1453;193;;agricolo_/_altre_superf._non_boscate;9;0
755;1622767.195;4843159.1453;193;;agricolo_/_altre_superf._non_boscate;9;0
811;1622667.195;4843059.1453;193;;agricolo_/_altre_superf._non_boscate;9;0
867;1622567.195;4842959.1453;193;;agricolo_/_altre_superf._non_boscate;9;0
868;1622667.195;4842959.1453;193;;agricolo_/_altre_superf._non_boscate;9;0
925;1622667.195;4842859.1453;193;;agricolo_/_altre_superf._non_boscate;9;0
1728;1623167.195;4841459.1453;194;;agricolo_/_altre_superf._non_boscate;9;0
1614;1623167.195;4841659.1453;195;;agricolo_/_altre_superf._non_boscate;9;0
1928;1626067.195;4841159.1453;196;;agricolo_/_altre_superf._non_boscate;9;0
1641;1625867.195;4841659.1453;197;;agricolo_/_altre_superf._non_boscate;9;0
1587;1626167.195;4841759.1453;197;;agricolo_/_altre_superf._non_boscate;9;0
1466;1625467.195;4841959.1453;199;;agricolo_/_altre_superf._non_boscate;9;0
1524;1625567.195;4841859.1453;199;;agricolo_/_altre_superf._non_boscate;9;0
1582;1625667.195;4841759.1453;199;;agricolo_/_altre_superf._non_boscate;9;0
1589;1626367.195;4841759.1453;200;;agricolo_/_altre_superf._non_boscate;9;0
1646;1626367.195;4841659.1453;200;;agricolo_/_altre_superf._non_boscate;9;0
952;1625367.195;4842859.1453;203;;agricolo_/_altre_superf._non_boscate;9;0
1009;1625367.195;4842759.1453;203;;agricolo_/_altre_superf._non_boscate;9;0
1842;1623167.195;4841259.1453;212;;agricolo_/_altre_superf._non_boscate;9;0
1832;1622167.195;4841259.1453;213;;agricolo_/_altre_superf._non_boscate;9;0
2632;1622367.195;4839859.1453;214;;agricolo_/_altre_superf._non_boscate;9;0
2691;1622567.195;4839759.1453;214;;agricolo_/_altre_superf._non_boscate;9;0
2343;1621967.195;4840359.1453;215;;agricolo_/_altre_superf._non_boscate;9;0
2344;1622067.195;4840359.1453;215;;agricolo_/_altre_superf._non_boscate;9;0
2345;1622167.195;4840359.1453;215;;agricolo_/_altre_superf._non_boscate;9;0
2346;1622267.195;4840359.1453;215;;agricolo_/_altre_superf._non_boscate;9;0
1945;1622067.195;4841059.1453;215;;agricolo_/_altre_superf._non_boscate;9;0
2002;1622067.195;4840959.1453;215;;agricolo_/_altre_superf._non_boscate;9;0
2059;1622067.195;4840859.1453;215;;agricolo_/_altre_superf._non_boscate;9;0
2060;1622167.195;4840859.1453;215;;agricolo_/_altre_superf._non_boscate;9;0
2116;1622067.195;4840759.1453;215;;agricolo_/_altre_superf._non_boscate;9;0
2117;1622167.195;4840759.1453;215;;agricolo_/_altre_superf._non_boscate;9;0
2173;1622067.195;4840659.1453;215;;agricolo_/_altre_superf._non_boscate;9;0
2174;1622167.195;4840659.1453;215;;agricolo_/_altre_superf._non_boscate;9;0
2175;1622267.195;4840659.1453;215;;agricolo_/_altre_superf._non_boscate;9;0
2230;1622067.195;4840559.1453;215;;agricolo_/_altre_superf._non_boscate;9;0
2231;1622167.195;4840559.1453;215;;agricolo_/_altre_superf._non_boscate;9;0
2232;1622267.195;4840559.1453;215;;agricolo_/_altre_superf._non_boscate;9;0
2287;1622067.195;4840459.1453;215;;agricolo_/_altre_superf._non_boscate;9;0
2288;1622167.195;4840459.1453;215;;agricolo_/_altre_superf._non_boscate;9;0
2289;1622267.195;4840459.1453;215;;agricolo_/_altre_superf._non_boscate;9;0
2290;1622367.195;4840459.1453;215;;agricolo_/_altre_superf._non_boscate;9;0
1887;1621967.195;4841159.1453;215;;agricolo_/_altre_superf._non_boscate;9;0
1943;1621867.195;4841059.1453;215;;agricolo_/_altre_superf._non_boscate;9;0
1944;1621967.195;4841059.1453;215;;agricolo_/_altre_superf._non_boscate;9;0
1999;1621767.195;4840959.1453;215;;agricolo_/_altre_superf._non_boscate;9;0
2000;1621867.195;4840959.1453;215;;agricolo_/_altre_superf._non_boscate;9;0
2001;1621967.195;4840959.1453;215;;agricolo_/_altre_superf._non_boscate;9;0
2055;1621667.195;4840859.1453;215;;agricolo_/_altre_superf._non_boscate;9;0
2056;1621767.195;4840859.1453;215;;agricolo_/_altre_superf._non_boscate;9;0
2057;1621867.195;4840859.1453;215;;agricolo_/_altre_superf._non_boscate;9;0
2058;1621967.195;4840859.1453;215;;agricolo_/_altre_superf._non_boscate;9;0
2112;1621667.195;4840759.1453;215;;agricolo_/_altre_superf._non_boscate;9;0
2113;1621767.195;4840759.1453;215;;agricolo_/_altre_superf._non_boscate;9;0
2114;1621867.195;4840759.1453;215;;agricolo_/_altre_superf._non_boscate;9;0
2115;1621967.195;4840759.1453;215;;agricolo_/_altre_superf._non_boscate;9;0
2167;1621467.195;4840659.1453;215;;agricolo_/_altre_superf._non_boscate;9;0
2168;1621567.195;4840659.1453;215;;agricolo_/_altre_superf._non_boscate;9;0
2169;1621667.195;4840659.1453;215;;agricolo_/_altre_superf._non_boscate;9;0
2170;1621767.195;4840659.1453;215;;agricolo_/_altre_superf._non_boscate;9;0
2171;1621867.195;4840659.1453;215;;agricolo_/_altre_superf._non_boscate;9;0
2172;1621967.195;4840659.1453;215;;agricolo_/_altre_superf._non_boscate;9;0
2225;1621567.195;4840559.1453;215;;agricolo_/_altre_superf._non_boscate;9;0
2226;1621667.195;4840559.1453;215;;agricolo_/_altre_superf._non_boscate;9;0
2227;1621767.195;4840559.1453;215;;agricolo_/_altre_superf._non_boscate;9;0
2228;1621867.195;4840559.1453;215;;agricolo_/_altre_superf._non_boscate;9;0
2229;1621967.195;4840559.1453;215;;agricolo_/_altre_superf._non_boscate;9;0
2282;1621567.195;4840459.1453;215;;agricolo_/_altre_superf._non_boscate;9;0
2283;1621667.195;4840459.1453;215;;agricolo_/_altre_superf._non_boscate;9;0
2284;1621767.195;4840459.1453;215;;agricolo_/_altre_superf._non_boscate;9;0
2285;1621867.195;4840459.1453;215;;agricolo_/_altre_superf._non_boscate;9;0
2286;1621967.195;4840459.1453;215;;agricolo_/_altre_superf._non_boscate;9;0
2340;1621667.195;4840359.1453;215;;agricolo_/_altre_superf._non_boscate;9;0
2341;1621767.195;4840359.1453;215;;agricolo_/_altre_superf._non_boscate;9;0
2397;1621667.195;4840259.1453;215;;agricolo_/_altre_superf._non_boscate;9;0
2398;1621767.195;4840259.1453;215;;agricolo_/_altre_superf._non_boscate;9;0
358;1622967.195;4843859.1453;217;;agricolo_/_altre_superf._non_boscate;9;0
3001;1625067.195;4839259.1453;224;;agricolo_/_altre_superf._non_boscate;9;0
3055;1624767.195;4839159.1453;224;;agricolo_/_altre_superf._non_boscate;9;0
3056;1624867.195;4839159.1453;224;;agricolo_/_altre_superf._non_boscate;9;0
3057;1624967.195;4839159.1453;224;;agricolo_/_altre_superf._non_boscate;9;0
3058;1625067.195;4839159.1453;224;;agricolo_/_altre_superf._non_boscate;9;0
3112;1624767.195;4839059.1453;224;;agricolo_/_altre_superf._non_boscate;9;0
3113;1624867.195;4839059.1453;224;;agricolo_/_altre_superf._non_boscate;9;0
3114;1624967.195;4839059.1453;224;;agricolo_/_altre_superf._non_boscate;9;0
3170;1624867.195;4838959.1453;224;;agricolo_/_altre_superf._non_boscate;9;0
2771;1624867.195;4839659.1453;225;;agricolo_/_altre_superf._non_boscate;9;0
2888;1625167.195;4839459.1453;225;;agricolo_/_altre_superf._non_boscate;9;0
