Team;point;x_utm;y_utm;CO2_flux
Carlo-Marco-Argent;A0;419071.51363707;5114978.77795917;126.5402
Carlo-Marco-Argent;A1;419071.930258858;5114975.54860197;74.21795999999999
Carlo-Marco-Argent;A2;419072.220057441;5114968.09356958;38.17533
Carlo-Marco-Argent;A3;419071.538339703;5114962.99841464;47.41703
Carlo-Marco-Argent;A4;419072.336701252;5114953.4307696;49.97627
Carlo-Marco-Argent;A5;419070.050136262;5114949.79037582;45.497600000000006
Carlo-Marco-Argent;A6;419069.248786516;5114947.91065417;88.93359
Carlo-Marco-Argent;A7;419069.816590356;5114938.01044434;125.68712
Carlo-Marco-Argent;A8;419070.755307354;5114933.10836689;680.3313
Carlo-Marco-Argent;A9;419066.635848156;5114924.93700155;219.17047
Carlo-Marco-Argent;A10;419070.350526675;5114920.11050007;81.39805
Carlo-Marco-Argent;A11;419074.415167004;5114918.2865318;89.99994
Carlo-Marco-Argent;A12;419072.497825633;5114907.30229699;439.62056
Carlo-Marco-Argent;A13;419078.133380983;5114901.45249297;146.23213
Carlo-Marco-Argent;A14;419075.745360653;5114896.03426046;108.0568
Carlo-Marco-Argent;A15;419110.464590302;5114941.70328826;230.61595999999997
Carlo-Marco-Argent;A16;419117.712250502;5114929.04114284;29.786710000000003
Carlo-Marco-Argent;A17;419108.334248664;5114926.39004481;56.30328
Carlo-Marco-Argent;A18;419114.703398675;5114917.7545866;31.492869999999996
Carlo-Marco-Argent;A19;419110.366087424;5114916.58275418;23.67297
Carlo-Marco-Argent;A20;419117.227890685;5114904.15907411;31.77723
Carlo-Marco-Argent;A21;419120.344650657;5114894.67307687;58.507070000000006
Carlo-Marco-Argent;A22;419115.923843585;5114887.17687693;49.905179999999994
Carlo-Marco-Argent;A23;419119.306335798;5114886.12651154;28.436
Carlo-Marco-Argent;A24;419119.743787269;5114878.56618513;71.44545000000001
Carlo-Marco-Argent;A25;419120.457552993;5114874.3371943;51.82461
Carlo-Marco-Argent;A26;419124.644611949;5114869.50338172;70.30801000000001
Carlo-Marco-Argent;A27;419125.064371849;5114860.60196211;40.87675
Carlo-Marco-Argent;A28;419129.876095215;5114856.54225749;49.26537
Carlo-Marco-Argent;A29;419123.913731417;5114849.39311601;131.16105
Carlo-Marco-Argent;A30;419124.140664497;5114837.16926097;64.47863
Carlo-Marco-Argent;A31;419116.743022546;5114820.81758217;58.36489
Carlo-Marco-Argent;A32;419129.289814164;5114823.87472589;74.07578
Carlo-Marco-Argent;A33;419141.602036654;5114826.8227499;32.91467
Carlo-Marco-Argent;A34;419145.205262957;5114824.77265986;42.93836
Carlo-Marco-Argent;A35;419152.640853067;5114821.01396314;17.84359
Carlo-Marco-Argent;A36;419161.516242339;5114820.89687115;35.473910000000004
Carlo-Marco-Argent;A37;419167.576378201;5114818.25540418;42.01419
Carlo-Marco-Argent;A38;419069.905515048;5114874.66903355;30.071070000000002
Carlo-Marco-Argent;A39;419066.698495567;5114883.16053352;20.33174
Carlo-Marco-Argent;A40;419062.579367048;5114886.76329111;41.872009999999996
Carlo-Marco-Argent;A41;419062.160776927;5114896.21367988;40.80566
Carlo-Marco-Argent;A42;419064.523752638;5114905.63732998;51.113710000000005
Carlo-Marco-Argent;A43;419055.063241716;5114913.86582727;123.90987
Carlo-Marco-Argent;A44;419050.490717465;5114918.37917392;97.89093
Carlo-Marco-Argent;A45;419048.153222347;5114922.62962555;40.80566
Carlo-Marco-Argent;A46;419043.831946217;5114928.57322348;57.29854
Carlo-Marco-Argent;A47;419043.301243078;5114940.81110246;31.279600000000002
Carlo-Marco-Argent;A48;419043.412721202;5114949.24877269;56.161100000000005
Carlo-Marco-Argent;A49;419042.624139826;5114953.71102284;33.62557
Carlo-Marco-Argent;A50;419040.156527629;5114959.85461455;37.53552
Carlo-Marco-Argent;A51;419038.985541635;5114964.75976653;38.81514
Carlo-Marco-Argent;A52;419036.738417692;5114970.00585743;46.99049
Carlo-Marco-Argent;A53;419033.97560061;5114976.82346117;55.236929999999994
Carlo-Marco-Argent;A54;419033.733795458;5114976.16543815;45.284330000000004
Mauro-RMeato-atias;D0;419092.346784989;5114990.05248548;93.212
Mauro-RMeato-atias;D1;419093.971481899;5114984.25565497;332.2342
Mauro-RMeato-atias;D10;419096.913368348;5114932.65070149;362.86100000000005
Mauro-RMeato-atias;D11;419099.560430185;5114928.28394166;51.266600000000004
Mauro-RMeato-atias;D12;419109.467177086;5114918.59716623;95.8752
Mauro-RMeato-atias;D13;419107.641301695;5114915.06291765;65.2484
Mauro-RMeato-atias;D14;419107.144942613;5114906.4069605;171.1106
Mauro-RMeato-atias;D15;419113.206694664;5114897.99003864;43.277
Mauro-RMeato-atias;D16;419115.309690308;5114893.63046842;50.6008
Mauro-RMeato-atias;D17;419114.63513058;5114889.07530267;77.2328
Mauro-RMeato-atias;D18;419115.79919446;5114877.73366473;44.6086
Mauro-RMeato-atias;D19;419119.099564047;5114870.46115703;62.58520000000001
Mauro-RMeato-atias;D2;419096.780401525;5114986.77120183;147.8076
Mauro-RMeato-atias;D20;419115.45693269;5114863.61701504;70.5748
Mauro-RMeato-atias;D21;419115.762737244;5114857.8376022;163.78680000000003
Mauro-RMeato-atias;D22;419115.619022952;5114846.9499646;251.67239999999998
Mauro-RMeato-atias;D23;419130.293902215;5114841.64323059;46.606
Mauro-RMeato-atias;D24;419131.095755382;5114849.41056922;33.55632
Mauro-RMeato-atias;D25;419132.806500361;5114856.50358426;32.6242
Mauro-RMeato-atias;D26;419133.853031232;5114859.82475555;29.961000000000002
Mauro-RMeato-atias;D27;419136.407809121;5114866.12539593;21.305600000000002
Mauro-RMeato-atias;D28;419135.961199662;5114873.46136066;44.6086
Mauro-RMeato-atias;D29;419133.601057549;5114881.3826684;29.961000000000002
Mauro-RMeato-atias;D3;419093.359421405;5114973.15194056;61.91940000000001
Mauro-RMeato-atias;D30;419131.484119586;5114884.74558836;35.9532
Mauro-RMeato-atias;D31;419132.267073722;5114897.51509501;52.598200000000006
Mauro-RMeato-atias;D32;419128.689353037;5114907.34277919;2203.7980000000002
Mauro-RMeato-atias;D33;419125.602869546;5114913.15778021;1014.0134000000002
Mauro-RMeato-atias;D34;419122.840636013;5114920.08757275;204.4006
Mauro-RMeato-atias;D35;419118.799318945;5114929.58577304;1904.188
Mauro-RMeato-atias;D4;419096.687626313;5114967.99383635;139.818
Mauro-RMeato-atias;D5;419098.216102235;5114960.75471128;87.2198
Mauro-RMeato-atias;D6;419102.45797727;5114954.69996005;74.5696
Mauro-RMeato-atias;D7;419106.463014807;5114948.30383859;42.611200000000004
Mauro-RMeato-atias;D8;419094.996817028;5114951.12898765;309.59700000000004
Mauro-RMeato-atias;D9;419096.348730673;5114942.32638509;31.9584
Fatima-Cesar;B0;419076;5114980;94.27159040000001
Fatima-Cesar;B1;419077;5114974;206.1178496
Fatima-Cesar;B2;419080;5114969;82.8403696
Fatima-Cesar;B3;419080;5114961;235.411616
Fatima-Cesar;B4;419080;5114954;649.5427199999999
Fatima-Cesar;B5;419081;5114943;40.792883200000006
Fatima-Cesar;B6;419081;5114940;45.751536
Fatima-Cesar;B7;419079;5114931;28.008369600000005
Fatima-Cesar;B8;419088;5114925;376.8574464000001
Fatima-Cesar;B9;419088;5114919;491.2159680000001
Fatima-Cesar;B10;419085;5114912;114.39748320000001
Fatima-Cesar;B11;419085;5114909;43.040764800000005
Fatima-Cesar;B12;419087;5114896;127.29419840000001
Fatima-Cesar;B13;419088;5114889;443.1930624
Fatima-Cesar;B14;419092;5114896;187.7983072
Fatima-Cesar;B15;419095;5114893;878.3182464
Fatima-Cesar;B16;419094;5114886;227.56453120000003
Fatima-Cesar;B17;419090;5114873;167.825632
Fatima-Cesar;B18;419092;5114867;163.1268832
Fatima-Cesar;B19;419094;5114859;105.84922239999999
Fatima-Cesar;B20;419096;5114853;20.121763200000004
Fatima-Cesar;ISO1;419082;5114944;537.2030592
Fatima-Cesar;ISO2;419077;5114959;49.64938240000001
Fatima-Cesar;ISO3;419114;5114929;98.89264800000001
Fatima-Cesar;ISO4;419118;5114928;714.1037104000001
Fatima-Cesar;ISO5;419109;5114901;4097.4964
Fatima-Cesar;ISO6;419128;5114908;3650.483968
Fatima-Cesar;ISO7;419121;5114911;36.895728000000005
Fatima-Cesar;ISO8;419105;5114884;187.37356480000003
Fatima-Cesar;ISO9;419116;5114870;131.764384
Fatima-Cesar;ISO10;419056;5114911;118.28810720000001
Bogi-Reka;C0;419080;5114984;97.15200000000002
Bogi-Reka;C1;419084;5114977;97.68
Bogi-Reka;C2;419083;5114972;99.352
Bogi-Reka;C3;419084;5114966;80.96000000000001
Bogi-Reka;C4;419084;5114959;62.7
Bogi-Reka;C5;419087;5114952;44.836
Bogi-Reka;C6;419085;5114948;67.452
Bogi-Reka;C7;419089;5114939;469.084
Bogi-Reka;C8;419090;5114934;142.208
Bogi-Reka;C9;419093;5114923;150.524
Bogi-Reka;C10;419096;5114918;214.984
Bogi-Reka;C11;419100;5114912;143.04399999999998
Bogi-Reka;C12;419103;5114906;322.3
Bogi-Reka;C13;419105;5114900;416.06399999999996
Bogi-Reka;C14;419103;5114890;2294.996
Bogi-Reka;C15;419104;5114883;55.132
Bogi-Reka;C16;419107;5114878;134.816
Bogi-Reka;C17;419106;5114869;279.532
Bogi-Reka;C18;419104;5114861;62.128
Bogi-Reka;C19;419102;5114853;23.716
Bogi-Reka;C20;419099;5114836;57.331999999999994
Involcan;F00;419115;5114996;11.956831935712
Involcan;F01;419117;5114988;28.777715938800004
Involcan;F02;419122;5114987;14.129222059679998
Involcan;F03;419123;5114979;21.524020021280002
Involcan;F04;419125;5114972;19.367553888
Involcan;F05;419129;5114967;14.980517759999998
Involcan;F06;419133;5114961;33.153786769272
Involcan;F07;419137;5114956;9.006051638
Involcan;F08;419142;5114950;13.9308204252
Involcan;F09;419147;5114943;22.585528977110403
Involcan;F10;419148;5114938;8.381972489344001
Involcan;F11;419151;5114930;30.358222934124804
Involcan;F12;419155;5114929;29.562631476095998
Involcan;F13;419158;5114919;29.2448799728064
Involcan;F14;419160;5114913;19.512403467136004
Involcan;F15;419163;5114908;27.1468944388224
Involcan;F16;419166;5114902;19.602829325056
Involcan;F17;419168;5114898;24.959822015044804
Involcan;F18;419171;5114890;14.32138685984
Involcan;F19;419175;5114884;23.686527527761605
Involcan;F20;419176;5114876;39.7015902906176
Involcan;F21;419140;5114924;229.7362885076224
Involcan;F22;419139;5114916;23.945098750272003
Involcan;F23;419145;5114911;42.27161832195841
Involcan;F24;419149;5114902;20.6203912270848
Involcan;F25;419153;5114896;21.603070694520003
Involcan;F26;419155;5114893;7.6511716109184
Involcan;F27;419158;5114886;81.17240367236
Involcan;F28;419162;5114883;38.978309768832005
Involcan;F29;419164;5114875;16.542213944256
Salvo;E0;419112.729758291;5114996.23331062;31.262
Salvo;E1;419117.970684371;5114983.93993119;18.814400000000003
Salvo;E2;419117.737691972;5114983.83187762;43.010000000000005
Salvo;E3;419118.156744379;5114980.49247429;36.656400000000005
Salvo;E4;419119.562943987;5114975.91762127;27.755199999999995
Salvo;E5;419125.804251165;5114963.38878707;26.2548
Salvo;E6;419128.29091878;5114958.7996759;28.639599999999998
Salvo;E7;419130.257890538;5114955.77323141;30.8484
Salvo;E8;419134.78138536;5114947.60111224;31.3632
Salvo;E9;419139.148143342;5114945.09864647;29.7968
Salvo;E10;419138.953668402;5114936.21088922;31.614
Salvo;E11;419143.460126508;5114932.59529288;45.452
Salvo;E12;419144.477545195;5114927.80331879;19.536
Salvo;E13;419149.248735455;5114920.85036265;17.5912
Salvo;E14;419155.020294535;5114913.66195395;27.0468
Salvo;E15;419154.822911513;5114904.55197752;7.9816
Salvo;E16;419158.36370871;5114897.94864997;16.214
Salvo;E17;419161.505950984;5114896.24025979;10.911999999999999
Salvo;E18;419165.384273266;5114885.96522615;19.9892
Salvo;E19;419167.707856529;5114880.71151033;24.1252
Salvo;E20;419171.413294786;5114874.88392257;49.80799999999999
Salvo;E21;419132.703735812;5114918.84610836;6.815600000000001
Salvo;E21bis;419132.703735812;5114918.84610836;6.815600000000001
Salvo;E22;419138.348784097;5114913.77080491;39.4416
Salvo;E23;419143.141971314;5114908.48448955;34.276
Salvo;E24;419145.819153599;5114900.78125988;17.8508
Salvo;E25;419147.481846464;5114898.09222397;9.416
Salvo;E26;419150.034006703;5114892.61322678;5.781600000000001
Salvo;E27;419149.117105694;5114881.6235507;53.284000000000006
Salvo;E28;419151.828025944;5114876.47584696;36.110800000000005
Salvo;E29;419153.789173355;5114873.00497213;25.498
Salvo;E30;419151.096786792;5114873.70726926;4.686
Salvo;E31;419149.505397859;5114875.95084694;10.6788
Salvo;E32;419146.426189516;5114882.43695963;12.4476
Salvo;E33;419145.764381284;5114890.78036956;11.5984
Salvo;E34;419145.642809499;5114899.11665123;18.0312
Salvo;E35;419076.376598948;5114873.69342744;45.232
Salvo;E36;419071.795892769;5114877.53231138;34.8172
Salvo;E37;419075.030567198;5114882.82378681;42.196
Salvo;E38;419069.515546005;5114891.89807803;38.082
Salvo;E39;419067.947407504;5114907.58798826;32.164
Salvo;E40;419070.264161591;5114907.66851858;25.5816
Salvo;E41;419068.412533976;5114913.58281488;43.604
Salvo;E42;419066.091983507;5114919.05878916;68.464
Salvo;E43;419066.67037215;5114921.94050569;85.184
Salvo;E44;419066.300635002;5114923.16780904;79.86
Salvo;E45;419059.572009148;5114939.70378904;43.8284
Salvo;E46;419059.685020573;5114948.25923556;37.5716
Salvo;E47;419057.102142883;5114951.40496848;51.964
Salvo;E48;419056.272906187;5114958.75044219;40.7528
Salvo;E49;419058.043300804;5114970.06222252;107.536
Salvo;E50;419049.418734495;5114971.6208344;28.424
Salvo;E51;419047.129051184;5114979.43012055;13.8732
Salvo;E52;419045.846429722;5114981.66964792;37.7828
Salvo;E53;419044.047698052;5114991.58390211;26.9676
