X;Y;Z;T
570597;5056738;-1176.70;53
542584;5032164;-1650.20;57
481536;5043001;-3909.85;111
577378;5050285;-1711.53;67
543856;5037072;-2227.70;89
544210;5038919;-2375.50;86
403880;4959663;-1287.50;54
564208;4983518;-1476.10;44
540070;5032725;-911.15;44
385456;4956442;-1746.70;55
616306;4974986;-2015.80;46
481812;5041223;-2946.60;92
477546;5014218;-3142.60;85
627094;4964123;-2971.00;73
532705;4991366;-1219.60;52
388993;4951258;-1211.15;47
438864;4979277;-1108.60;48
518692;4956784;-334.00;57
572938;4922264;-169.80;69
548512;4970426;-1599.10;58
446247;5017428;-2286.15;77
483455;5033252;-3629.00;96
479244;5036775;-3292.00;101
501645;5020644;-3071.00;88
504355;5022945;-2822.00;77
412731;4995280;-876.70;44
499139;4969065;-1534.20;56
501982;4970698;-1506.55;59
517630;5000560;-2330.00;79
585563;4982857;-2234.90;74
626449;4945775;-901.70;47
630058;4947713;-1843.55;52
580858;4982073;-994.80;40
534301;5069155;-1297.40;69
469919;5065633;-2026.20;58
574071;5042956;-2832.95;75
565144;5037890;-2973.00;85
553920;5018096;-918.00;41
510262;5016708;-2884.10;82
405981;5010221;-861.40;40
530001;5007294;-1457.60;51
453936;5010779;-1580.60;51
530835;5000400;-1108.35;48
562052;5025715;-994.65;47
453670;5003393;-988.35;46
473070;4994438;-1465.60;74
551410;5038385;-3168.60;76
515158;5008441;-3324.40;91
596291;4947144;-1611.00;54
591253;4950226;-1101.52;54
596033;4948506;-2346.60;71
606080;4939075;-1050.65;48
612040;4941953;-1985.25;63
593216;4943243;-1240.00;60
600803;4942513;-1511.50;56
589101;5015517;-2514.85;82
590432;5019491;-2021.70;72
582934;5019255;-1682.55;52
576210;5004148;-1094.60;41
487536;5040842;-1206.50;40
528557;5045094;-2150.00;84
505468;5012625;-3244.60;85
578288;4962076;-1967.75;59
571003;4979934;-1874.70;56
581785;4987907;-1276.65;54
426075;5027465;-1627.50;84
434462;5035328;-1559.00;71
459140;5044740;-1295.00;56
629382;4927931;-672.00;49
631573;4937565;-1049.70;49
629244;5009697;-1469.50;38
597696;5035857;-1055.40;53
620605;4913550;-228.00;54
601735;5025397;-3194.15;78
506541;5037256;-2253.50;78
511434;5044651;-809.30;38
599343;4998101;-1942.45;60
508187;4984755;-1063.40;47
577907;5016313;-1422.25;48
536415;5029070;-1470.65;53
574383;5033137;-1499.75;51
559317;5028477;-1090.00;49
526651;5038120;-1270.60;59
537242;5015010;-1413.70;48
564756;5001699;-1105.15;41
485470;4956706;-1583.20;50
447930;5007637;-1056.65;39
544087;5038574;-2881.00;90
551209;5044783;-2558.80;78
540929;5013566;-1067.65;48
545880;5012289;-1107.30;44
570597;5056738;-2125.70;66
481536;5043001;-5101.65;153
577378;5050285;-3075.03;93
543856;5037072;-2815.00;91
403880;4959663;-2593.45;87
564208;4983518;-1782.80;54
540070;5032725;-1329.15;47
385456;4956442;-2827.70;94
616306;4974986;-3350.50;75
481812;5041223;-4261.77;120
477546;5014218;-4408.25;105
627094;4964123;-4930.00;97
532705;4991366;-1244.15;55
388993;4951258;-1243.60;48
438864;4979277;-1251.30;51
518692;4956784;-1374.00;78
572938;4922264;-2018.40;88
548512;4970426;-2264.60;73
446247;5017428;-2682.40;79
483455;5033252;-5291.00;151
479244;5036775;-4514.00;140
501645;5020644;-3108.00;91
504355;5022945;-4258.00;116
499139;4969065;-2079.20;61
517630;5000560;-3607.00;98
585563;4982857;-3154.50;75
626449;4945775;-1193.70;50
580858;4982073;-1144.80;43
534301;5069155;-2944.40;82
469919;5065633;-2857.20;80
574071;5042956;-3856.95;93
565144;5037890;-4379.00;117
553920;5018096;-1264.00;52
510262;5016708;-3276.10;99
405981;5010221;-1876.40;60
453936;5010779;-3240.60;82
562052;5025715;-1049.65;55
453670;5003393;-2196.35;68
473070;4994438;-3125.90;95
551410;5038385;-5932.60;142
515158;5008441;-4873.00;123
591253;4950226;-1677.47;64
596033;4948506;-2871.40;80
593216;4943243;-1942.00;74
589101;5015517;-2759.85;85
590432;5019491;-2255.70;81
582934;5019255;-1952.05;58
576210;5004148;-1303.60;44
487536;5040842;-2173.50;69
528557;5045094;-3240.00;101
505468;5012625;-4404.60;111
578288;4962076;-3036.75;89
571003;4979934;-1951.70;58
581785;4987907;-2634.65;69
629382;4927931;-1166.70;55
629244;5009697;-2959.50;55
597696;5035857;-2138.80;74
620605;4913550;-656.00;70
601735;5025397;-5142.15;112
506541;5037256;-2535.00;79
511434;5044651;-1341.30;41
599343;4998101;-3276.95;73
508187;4984755;-1502.90;55
577907;5016313;-1851.25;58
536415;5029070;-1824.65;56
574383;5033137;-2092.25;67
559317;5028477;-1614.00;57
526651;5038120;-2824.60;83
537242;5015010;-1936.70;67
564756;5001699;-1314.15;44
544087;5038574;-4971.00;120
551209;5044783;-4134.05;106
540929;5013566;-1817.15;69
545880;5012289;-1547.80;52
570597;5056738;-3498.95;99
481536;5043001;-5450.10;160
543856;5037072;-4189.70;109
403880;4959663;-3493.90;111
564208;4983518;-2830.45;75
540070;5032725;-1355.15;48
616306;4974986;-5390.40;104
481812;5041223;-5371.35;157
477546;5014218;-5110.93;136
627094;4964123;-5936.00;112
532705;4991366;-2597.25;82
388993;4951258;-2210.15;72
438864;4979277;-2162.50;66
572938;4922264;-3125.00;108
548512;4970426;-3155.10;80
446247;5017428;-3054.40;93
483455;5033252;-5871.00;182
479244;5036775;-5336.00;157
501645;5020644;-4605.00;133
517630;5000560;-3984.50;102
585563;4982857;-3731.00;87
626449;4945775;-1750.70;55
580858;4982073;-1244.80;44
534301;5069155;-3297.40;89
574071;5042956;-4997.95;121
565144;5037890;-4568.00;126
553920;5018096;-1464.00;54
510262;5016708;-4572.10;140
405981;5010221;-2459.40;74
562052;5025715;-1679.65;57
473070;4994438;-3547.90;95
551410;5038385;-6893.10;171
515158;5008441;-5492.00;145
590432;5019491;-2515.40;88
582934;5019255;-2233.05;64
576210;5004148;-1793.10;58
487536;5040842;-2861.50;84
528557;5045094;-3616.00;104
505468;5012625;-5342.10;135
629244;5009697;-4112.50;60
597696;5035857;-2638.40;76
620605;4913550;-1293.00;78
601735;5025397;-5896.15;126
506541;5037256;-3278.00;97
599343;4998101;-3323.45;74
508187;4984755;-2415.90;68
577907;5016313;-2048.25;68
536415;5029070;-2632.65;77
574383;5033137;-2901.25;71
537242;5015010;-2442.70;75
564756;5001699;-1803.65;58
544087;5038574;-5600.00;145
551209;5044783;-4961.20;107
540929;5013566;-2405.65;82
481536;5043001;-6289.80;178
543856;5037072;-4629.00;116
544210;5038919;-5646.50;160
564208;4983518;-3416.70;90
540070;5032725;-1525.15;53
481812;5041223;-5868.65;167
477546;5014218;-5298.81;144
627094;4964123;-6420.00;114
532705;4991366;-3345.93;95
572938;4922264;-4036.90;119
548512;4970426;-4373.70;106
483455;5033252;-6429.00;194
479244;5036775;-6050.00;176
501645;5020644;-5230.50;143
448325;5016578;-3470.10;104
517630;5000560;-4048.00;103
585563;4982857;-4566.50;97
626449;4945775;-2158.70;55
580858;4982073;-1294.80;46
574071;5042956;-5492.95;146
565144;5037890;-5938.00;145
553920;5018096;-1725.00;58
510262;5016708;-4997.10;142
562052;5025715;-1781.65;62
473070;4994438;-4646.90;114
551410;5038385;-6997.40;174
515158;5008441;-6049.80;153
582934;5019255;-2404.05;69
576210;5004148;-2431.10;72
528557;5045094;-4067.00;108
629244;5009697;-4729.50;65
620605;4913550;-2315.00;110
506541;5037256;-4354.00;128
599343;4998101;-3376.45;82
564756;5001699;-2441.65;72
544087;5038574;-5778.00;152
551209;5044783;-6364.00;157
481536;5043001;-6338.60;178
543856;5037072;-4880.00;118
544210;5038919;-5692.00;154
564208;4983518;-3483.10;92
540070;5032725;-2069.15;64
481812;5041223;-6144.80;175
477546;5014218;-5700.37;158
532705;4991366;-3922.05;108
572938;4922264;-4132.40;128
548512;4970426;-5016.40;118
448325;5016578;-4314.80;124
517630;5000560;-4463.50;113
585563;4982857;-4880.00;103
580858;4982073;-1524.80;47
574071;5042956;-6682.95;175
565144;5037890;-6947.00;174
553920;5018096;-2520.00;79
473070;4994438;-5240.90;128
576210;5004148;-2501.10;72
528557;5045094;-4444.00;120
620605;4913550;-2452.00;112
564756;5001699;-2511.65;72
544087;5038574;-5944.00;154
481536;5043001;-6465.60;182
543856;5037072;-4909.00;120
564208;4983518;-3749.70;95
540070;5032725;-2251.15;69
481812;5041223;-6387.93;181
517630;5000560;-5183.00;127
585563;4982857;-5604.30;112
580858;4982073;-1894.80;66
565144;5037890;-7126.00;177
473070;4994438;-5585.90;136
528557;5045094;-4644.00;135
544087;5038574;-6056.00;153
481536;5043001;-6487.60;186
543856;5037072;-5639.00;140
481812;5041223;-6458.43;186
448325;5016578;-5086.80;147
517630;5000560;-5926.00;142
585563;4982857;-5864.30;115
580858;4982073;-1986.80;67
543856;5037072;-5836.00;141
448325;5016578;-5416.80;149
585563;4982857;-5937.30;117
543856;5037072;-6225.00;160
448325;5016578;-5661.80;151
543856;5037072;-6355.00;156
542583.91426365;5032163.75705704;95.00000000;11.93000000
481536.19849357;5043000.93147857;175.00000000;11.45000000
577377.52191657;5050285.01010031;244.00000000;11.04000000
543855.76949398;5037072.08402409;106.00000000;11.86000000
544210.06657017;5038918.86855734;113.00000000;11.82000000
403880.07220331;4959662.86283188;300.00000000;10.70000000
564208.36807085;4983517.60695089;58.00000000;12.15000000
540069.77704964;5032724.95711101;96.00000000;11.92000000
385455.71810512;4956442.06913609;260.00000000;10.94000000
616306.20485205;4974986.37528030;25.00000000;12.35000000
481812.09769729;5041222.54643197;167.00000000;11.50000000
477545.78828933;5014217.68232634;113.00000000;11.82000000
627093.53719138;4964122.99884147;25.00000000;12.35000000
532705.00438653;4991365.96775925;71.00000000;12.07000000
388992.83705355;4951257.71369486;279.00000000;10.83000000
438864.44777308;4979276.86404208;136.00000000;11.68000000
518692.37191030;4956783.68420553;665.00000000;8.51000000
572937.90661841;4922263.94868978;942.00000000;6.85000000
548512.49055089;4970425.66764587;300.00000000;10.70000000
446246.97337843;5017428.21816352;146.00000000;11.62000000
483454.50398283;5033252.29792465;140.00000000;11.66000000
479243.71999200;5036775.47729611;152.00000000;11.59000000
501645.32351521;5020643.66843176;104.00000000;11.88000000
504354.60230180;5022944.60635060;107.00000000;11.86000000
448325.37183209;5016577.62169129;137.00000000;11.68000000
412730.95031628;4995279.83570780;308.00000000;10.65000000
499139.04738723;4969064.69503034;257.00000000;10.96000000
501982.05580865;4970697.89353573;345.00000000;10.43000000
517629.52445059;5000560.23656799;67.00000000;12.10000000
585562.94225280;4982856.97419825;28.00000000;12.33000000
626448.61215107;4945774.57899554;95.00000000;11.93000000
630058.30024040;4947713.14466427;61.00000000;12.13000000
580858.43400258;4982073.49983652;52.00000000;12.19000000
534301.27591965;5069154.69450787;199.00000000;11.31000000
469918.92512529;5065633.04110525;338.00000000;10.47000000
574071.32644516;5042955.91296622;142.00000000;11.65000000
565144.07762551;5037890.18719024;116.00000000;11.80000000
553919.79799556;5018096.24785601;74.00000000;12.06000000
510262.25666247;5016707.96403304;94.00000000;11.94000000
405980.86353008;5010220.96843936;212.00000000;11.23000000
530000.64280808;5007294.45267080;79.00000000;12.03000000
453936.25050294;5010779.32750021;125.00000000;11.75000000
530835.00734236;5000399.54476308;63.00000000;12.12000000
562052.27528244;5025714.91979951;76.00000000;12.04000000
453670.40447205;5003393.28761655;115.00000000;11.81000000
473069.85724248;4994438.37416682;101.00000000;11.89000000
551410.05589652;5038384.87104027;110.00000000;11.84000000
515158.40758478;5008441.37160803;83.00000000;12.00000000
596290.92679182;4947143.65346609;236.00000000;11.08000000
591252.63025739;4950225.85086409;231.00000000;11.12000000
596032.81080534;4948506.41325248;212.00000000;11.23000000
606080.15408593;4939074.83712443;433.00000000;9.90000000
612040.07252038;4941953.05407856;161.00000000;11.53000000
593215.53761564;4943243.22873235;305.00000000;10.67000000
600803.01950329;4942512.63379492;250.00000000;11.00000000
589100.92082707;5015516.67823732;54.00000000;12.18000000
590432.32742927;5019491.30776337;63.00000000;12.12000000
582933.97985970;5019255.02966412;64.00000000;12.11000000
576209.98668506;5004148.45602824;51.00000000;12.19000000
487535.59901587;5040841.93423269;167.00000000;11.50000000
528556.82253996;5045094.15039663;152.00000000;11.59000000
505467.84303860;5012624.88411686;86.00000000;11.98000000
578287.59836642;4962076.45027339;284.00000000;10.80000000
571003.18718538;4979934.33227852;57.00000000;12.16000000
581784.98272260;4987907.24116242;36.00000000;12.28000000
426074.59426327;5027465.23361095;300.00000000;10.70000000
434461.89459247;5035327.67950236;226.00000000;11.14000000
459140.46903800;5044740.13864229;199.00000000;11.31000000
629382.28117080;4927930.57213300;317.00000000;10.60000000
631572.98467868;4937564.62553664;130.00000000;11.72000000
629243.68416885;5009697.25484707;32.00000000;12.31000000
597695.63761776;5035856.58885077;114.00000000;11.82000000
620605.03986423;4913550.12697300;771.00000000;7.87000000
601734.96238113;5025397.24462205;73.00000000;12.06000000
506540.50951767;5037255.62499915;137.00000000;11.68000000
511434.36637897;5044650.63990539;156.00000000;11.56000000
599342.97162948;4998101.49275595;36.00000000;12.28000000
508186.60138375;4984755.26763454;85.00000000;11.99000000
577906.58516698;5016313.24866050;50.00000000;12.20000000
536415.39174072;5029069.77908645;82.00000000;12.01000000
574382.80316899;5033137.27485715;98.00000000;11.91000000
559317.19355562;5028477.30971206;85.00000000;11.99000000
526650.88890113;5038119.80506312;126.00000000;11.75000000
537241.65842433;5015009.60527273;78.00000000;12.03000000
564756.22109248;5001699.17160108;41.00000000;12.25000000
485470.13137973;4956706.29585824;188.00000000;11.37000000
447930.39324269;5007637.32349425;135.00000000;11.69000000
544087.48853250;5038573.58840274;112.00000000;11.83000000
551209.31637925;5044782.87145157;138.00000000;11.67000000
540929.04546546;5013565.91465980;75.00000000;12.05000000
545880.15544709;5012288.92871321;70.00000000;12.08000000
