Field 0,Points:0,Points:1,Points:2
11.79,448320,5016600,333.2179871
11.79,448320,5016600,325.1910095
11.79,448320,5016600,317.1640015
11.79,448320,5016600,309.1369934
11.79,448320,5016600,301.1099854
11.79,448320,5016600,293.0830078
11.79,448320,5016600,285.0559998
11.79,448320,5016600,277.0289917
11.79,448320,5016600,269.0020142
11.79,448320,5016600,260.9750061
11.79,448320,5016600,252.947998
11.79,448320,5016600,244.9210052
11.79,448320,5016600,236.8939972
11.79,448320,5016600,228.8670044
11.79,448320,5016600,220.8399963
11.79,448320,5016600,212.8130035
11.79,448320,5016600,204.7859955
11.79,448320,5016600,196.7590027
11.79,448320,5016600,188.7319946
11.79,448320,5016600,180.7050018
11.79,448320,5016600,172.6779938
11.79,448320,5016600,164.651001
11.79,448320,5016600,156.6239929
11.79,448320,5016600,148.5970001
11.79,448320,5016600,140.5700073
11.79,448320,5016600,132.5429993
11.79,448320,5016600,124.5159988
11.79,448320,5016600,116.4889984
11.79,448320,5016600,108.461998
11.79,448320,5016600,100.4349976
11.79,448320,5016600,92.40799713
11.79,448320,5016600,84.3809967
11.79,448320,5016600,76.35399628
11.79,448320,5016600,68.32700348
11.79,448320,5016600,60.29999924
11.79,448320,5016600,52.27299881
11.79,448320,5016600,44.24599838
11.79,448320,5016600,36.21900177
11.79,448320,5016600,28.19199944
11.79,448320,5016600,20.16500092
11.79,448320,5016600,12.13799953
11.79,448320,5016600,4.111000061
11.79,448320,5016600,-3.915999889
11.79,448320,5016600,-11.94299984
11.79,448320,5016600,-19.96999931
11.79,448320,5016600,-27.99699974
11.79,448320,5016600,-36.02399826
11.79,448320,5016600,-44.05099869
11.79,448320,5016600,-52.07799911
11.79,448320,5016600,-60.10499954
11.79,448320,5016600,-68.13200378
11.79,448320,5016600,-76.15899658
11.79,448320,5016600,-84.18599701
11.79,448320,5016600,-92.21299744
11.79,448320,5016600,-100.2399979
11.79,448320,5016600,-108.2669983
11.79,448320,5016600,-116.2939987
11.79,448320,5016600,-124.3209991
11.79,448320,5016600,-132.3480072
11.79,448320,5016600,-140.375
11.79,448320,5016600,-148.4019928
11.79,448320,5016600,-156.4290009
12.03,448320,5016600,-164.4559937
12.03,448320,5016600,-172.4830017
12.03,448320,5016600,-180.5099945
12.03,448320,5016600,-188.5370026
12.03,448320,5016600,-196.5639954
12.03,448320,5016600,-204.5910034
12.03,448320,5016600,-212.6179962
12.03,448320,5016600,-220.6450043
12.03,448320,5016600,-228.6719971
12.03,448320,5016600,-236.6990051
12.03,448320,5016600,-244.7259979
12.03,448320,5016600,-252.753006
12.03,448320,5016600,-260.7799988
12.03,448320,5016600,-268.8070068
12.03,448320,5016600,-276.8340149
12.03,448320,5016600,-284.8609924
12.03,448320,5016600,-292.8880005
12.03,448320,5016600,-300.9150085
12.03,448320,5016600,-308.9419861
12.03,448320,5016600,-316.9689941
12.03,448320,5016600,-324.9960022
12.03,448320,5016600,-333.0230103
12.03,448320,5016600,-341.0499878
12.03,448320,5016600,-349.0769958
12.03,448320,5016600,-357.1040039
12.03,448320,5016600,-365.131012
12.03,448320,5016600,-373.1579895
12.03,448320,5016600,-381.1849976
12.03,448320,5016600,-389.2120056
12.03,448320,5016600,-397.2390137
12.03,448320,5016600,-405.2659912
12.03,448320,5016600,-413.2929993
12.03,448320,5016600,-421.3200073
12.03,448320,5016600,-429.3469849
12.03,448320,5016600,-437.3739929
12.03,448320,5016600,-445.401001
12.03,448320,5016600,-453.428009
12.03,448320,5016600,-461.4549866
12.03,448320,5016600,-469.4819946
12.03,448320,5016600,-477.5090027
12.03,448320,5016600,-485.5360107
12.03,448320,5016600,-493.5629883
12.03,448320,5016600,-501.5899963
12.03,448320,5016600,-509.6170044
12.03,448320,5016600,-517.6439819
12.03,448320,5016600,-525.6710205
12.03,448320,5016600,-533.697998
12.03,448320,5016600,-541.7249756
12.03,448320,5016600,-549.7520142
12.03,448320,5016600,-557.7789917
12.03,448320,5016600,-565.8060303
12.03,448320,5016600,-573.8330078
12.03,448320,5016600,-581.8599854
12.03,448320,5016600,-589.8870239
12.03,448320,5016600,-597.9140015
12.03,448320,5016600,-605.940979
12.03,448320,5016600,-613.9680176
12.03,448320,5016600,-621.9949951
12.03,448320,5016600,-630.0219727
12.03,448320,5016600,-638.0490112
12.03,448320,5016600,-646.0759888
12.03,448320,5016600,-654.1030273
12.03,448320,5016600,-662.1300049
44,448320,5016600,-670.1569824
44,448320,5016600,-678.184021
44,448320,5016600,-686.2109985
44,448320,5016600,-694.2379761
44,448320,5016600,-702.2650146
44,448320,5016600,-710.2919922
44,448320,5016600,-718.3189697
44,448320,5016600,-726.3460083
44,448320,5016600,-734.3729858
44,448320,5016600,-742.4000244
44,448320,5016600,-750.427002
44,448320,5016600,-758.4539795
44,448320,5016600,-766.4810181
44,448320,5016600,-774.5079956
44,448320,5016600,-782.5349731
44,448320,5016600,-790.5620117
44,448320,5016600,-798.5889893
44,448320,5016600,-806.6160278
44,448320,5016600,-814.6430054
44,448320,5016600,-822.6699829
44,448320,5016600,-830.6970215
44,448320,5016600,-838.723999
44,448320,5016600,-846.7509766
44,448320,5016600,-854.7780151
44,448320,5016600,-862.8049927
44,448320,5016600,-870.8319702
44,448320,5016600,-878.8590088
44,448320,5016600,-886.8859863
44,448320,5016600,-894.9130249
44,448320,5016600,-902.9400024
44,448320,5016600,-910.96698
44,448320,5016600,-918.9940186
44,448320,5016600,-927.0209961
44,448320,5016600,-935.0479736
44,448320,5016600,-943.0750122
44,448320,5016600,-951.1019897
44,448320,5016600,-959.1290283
44,448320,5016600,-967.1560059
44,448320,5016600,-975.1829834
44,448320,5016600,-983.210022
44,448320,5016600,-991.2369995
44,448320,5016600,-999.2639771
44,448320,5016600,-1007.291016
44,448320,5016600,-1015.317993
44,448320,5016600,-1023.344971
44,448320,5016600,-1031.371948
44,448320,5016600,-1039.399048
44,448320,5016600,-1047.426025
44,448320,5016600,-1055.453003
44,448320,5016600,-1063.47998
44,448320,5016600,-1071.506958
44,448320,5016600,-1079.534058
44,448320,5016600,-1087.561035
44,448320,5016600,-1095.588013
44,448320,5016600,-1103.61499
44,448320,5016600,-1111.641968
44,448320,5016600,-1119.668945
44,448320,5016600,-1127.696045
44,448320,5016600,-1135.723022
44,448320,5016600,-1143.75
44,448320,5016600,-1151.776978
44,448320,5016600,-1159.803955
58,448320,5016600,-1167.831055
58,448320,5016600,-1175.858032
58,448320,5016600,-1183.88501
58,448320,5016600,-1191.911987
58,448320,5016600,-1199.938965
58,448320,5016600,-1207.965942
58,448320,5016600,-1215.993042
58,448320,5016600,-1224.02002
58,448320,5016600,-1232.046997
58,448320,5016600,-1240.073975
58,448320,5016600,-1248.100952
58,448320,5016600,-1256.128052
58,448320,5016600,-1264.155029
58,448320,5016600,-1272.182007
58,448320,5016600,-1280.208984
58,448320,5016600,-1288.235962
58,448320,5016600,-1296.262939
58,448320,5016600,-1304.290039
58,448320,5016600,-1312.317017
58,448320,5016600,-1320.343994
58,448320,5016600,-1328.370972
58,448320,5016600,-1336.397949
58,448320,5016600,-1344.425049
58,448320,5016600,-1352.452026
58,448320,5016600,-1360.479004
58,448320,5016600,-1368.505981
58,448320,5016600,-1376.532959
58,448320,5016600,-1384.560059
58,448320,5016600,-1392.587036
58,448320,5016600,-1400.614014
58,448320,5016600,-1408.640991
58,448320,5016600,-1416.667969
58,448320,5016600,-1424.694946
58,448320,5016600,-1432.722046
58,448320,5016600,-1440.749023
58,448320,5016600,-1448.776001
58,448320,5016600,-1456.802979
58,448320,5016600,-1464.829956
58,448320,5016600,-1472.857056
58,448320,5016600,-1480.884033
58,448320,5016600,-1488.911011
58,448320,5016600,-1496.937988
58,448320,5016600,-1504.964966
58,448320,5016600,-1512.991943
58,448320,5016600,-1521.019043
58,448320,5016600,-1529.046021
58,448320,5016600,-1537.072998
58,448320,5016600,-1545.099976
58,448320,5016600,-1553.126953
58,448320,5016600,-1561.154053
58,448320,5016600,-1569.18103
58,448320,5016600,-1577.208008
58,448320,5016600,-1585.234985
58,448320,5016600,-1593.261963
58,448320,5016600,-1601.28894
58,448320,5016600,-1609.31604
58,448320,5016600,-1617.343018
58,448320,5016600,-1625.369995
58,448320,5016600,-1633.396973
58,448320,5016600,-1641.42395
58,448320,5016600,-1649.45105
58,448320,5016600,-1657.478027
72.74,448320,5016600,-1665.505005
72.74,448320,5016600,-1673.531982
72.74,448320,5016600,-1681.55896
72.74,448320,5016600,-1689.58606
72.74,448320,5016600,-1697.613037
72.74,448320,5016600,-1705.640015
72.74,448320,5016600,-1713.666992
72.74,448320,5016600,-1721.69397
72.74,448320,5016600,-1729.720947
72.74,448320,5016600,-1737.748047
72.74,448320,5016600,-1745.775024
72.74,448320,5016600,-1753.802002
72.74,448320,5016600,-1761.828979
72.74,448320,5016600,-1769.855957
72.74,448320,5016600,-1777.883057
72.74,448320,5016600,-1785.910034
72.74,448320,5016600,-1793.937012
72.74,448320,5016600,-1801.963989
72.74,448320,5016600,-1809.990967
72.74,448320,5016600,-1818.017944
72.74,448320,5016600,-1826.045044
72.74,448320,5016600,-1834.072021
72.74,448320,5016600,-1842.098999
72.74,448320,5016600,-1850.125977
72.74,448320,5016600,-1858.152954
72.74,448320,5016600,-1866.180054
72.74,448320,5016600,-1874.207031
72.74,448320,5016600,-1882.234009
72.74,448320,5016600,-1890.260986
72.74,448320,5016600,-1898.287964
72.74,448320,5016600,-1906.314941
72.74,448320,5016600,-1914.342041
72.74,448320,5016600,-1922.369019
72.74,448320,5016600,-1930.395996
72.74,448320,5016600,-1938.422974
72.74,448320,5016600,-1946.449951
72.74,448320,5016600,-1954.477051
72.74,448320,5016600,-1962.504028
72.74,448320,5016600,-1970.531006
72.74,448320,5016600,-1978.557983
72.74,448320,5016600,-1986.584961
72.74,448320,5016600,-1994.612061
72.74,448320,5016600,-2002.639038
72.74,448320,5016600,-2010.666016
72.74,448320,5016600,-2018.692993
72.74,448320,5016600,-2026.719971
72.74,448320,5016600,-2034.746948
72.74,448320,5016600,-2042.774048
72.74,448320,5016600,-2050.801025
72.74,448320,5016600,-2058.827881
72.74,448320,5016600,-2066.85498
72.74,448320,5016600,-2074.88208
72.74,448320,5016600,-2082.908936
72.74,448320,5016600,-2090.936035
72.74,448320,5016600,-2098.962891
72.74,448320,5016600,-2106.98999
72.74,448320,5016600,-2115.01709
72.74,448320,5016600,-2123.043945
72.74,448320,5016600,-2131.071045
72.74,448320,5016600,-2139.0979
72.74,448320,5016600,-2147.125
72.74,448320,5016600,-2155.1521
72.74,448320,5016600,-2163.178955
82.1,448320,5016600,-2171.206055
82.1,448320,5016600,-2179.23291
82.1,448320,5016600,-2187.26001
82.1,448320,5016600,-2195.287109
82.1,448320,5016600,-2203.313965
82.1,448320,5016600,-2211.341064
82.1,448320,5016600,-2219.36792
82.1,448320,5016600,-2227.39502
82.1,448320,5016600,-2235.422119
82.1,448320,5016600,-2243.448975
82.1,448320,5016600,-2251.476074
82.1,448320,5016600,-2259.50293
82.1,448320,5016600,-2267.530029
82.1,448320,5016600,-2275.556885
82.1,448320,5016600,-2283.583984
82.1,448320,5016600,-2291.611084
82.1,448320,5016600,-2299.637939
82.1,448320,5016600,-2307.665039
82.1,448320,5016600,-2315.691895
82.1,448320,5016600,-2323.718994
82.1,448320,5016600,-2331.746094
82.1,448320,5016600,-2339.772949
82.1,448320,5016600,-2347.800049
82.1,448320,5016600,-2355.826904
82.1,448320,5016600,-2363.854004
82.1,448320,5016600,-2371.881104
82.1,448320,5016600,-2379.907959
82.1,448320,5016600,-2387.935059
82.1,448320,5016600,-2395.961914
82.1,448320,5016600,-2403.989014
82.1,448320,5016600,-2412.016113
82.1,448320,5016600,-2420.042969
82.1,448320,5016600,-2428.070068
82.1,448320,5016600,-2436.096924
82.1,448320,5016600,-2444.124023
82.1,448320,5016600,-2452.150879
82.1,448320,5016600,-2460.177979
82.1,448320,5016600,-2468.205078
82.1,448320,5016600,-2476.231934
82.1,448320,5016600,-2484.259033
82.1,448320,5016600,-2492.285889
82.1,448320,5016600,-2500.312988
82.1,448320,5016600,-2508.340088
82.1,448320,5016600,-2516.366943
82.1,448320,5016600,-2524.394043
82.1,448320,5016600,-2532.420898
82.1,448320,5016600,-2540.447998
82.1,448320,5016600,-2548.475098
82.1,448320,5016600,-2556.501953
82.1,448320,5016600,-2564.529053
82.1,448320,5016600,-2572.555908
82.1,448320,5016600,-2580.583008
82.1,448320,5016600,-2588.610107
82.1,448320,5016600,-2596.636963
82.1,448320,5016600,-2604.664062
82.1,448320,5016600,-2612.690918
82.1,448320,5016600,-2620.718018
82.1,448320,5016600,-2628.745117
82.1,448320,5016600,-2636.771973
82.1,448320,5016600,-2644.799072
82.1,448320,5016600,-2652.825928
82.1,448320,5016600,-2660.853027
95,448320,5016600,-2668.879883
95,448320,5016600,-2676.906982
95,448320,5016600,-2684.934082
95,448320,5016600,-2692.960938
95,448320,5016600,-2700.988037
95,448320,5016600,-2709.014893
95,448320,5016600,-2717.041992
95,448320,5016600,-2725.069092
95,448320,5016600,-2733.095947
95,448320,5016600,-2741.123047
95,448320,5016600,-2749.149902
95,448320,5016600,-2757.177002
95,448320,5016600,-2765.204102
95,448320,5016600,-2773.230957
95,448320,5016600,-2781.258057
95,448320,5016600,-2789.284912
95,448320,5016600,-2797.312012
95,448320,5016600,-2805.339111
95,448320,5016600,-2813.365967
95,448320,5016600,-2821.393066
95,448320,5016600,-2829.419922
95,448320,5016600,-2837.447021
95,448320,5016600,-2845.474121
95,448320,5016600,-2853.500977
95,448320,5016600,-2861.528076
95,448320,5016600,-2869.554932
95,448320,5016600,-2877.582031
95,448320,5016600,-2885.608887
95,448320,5016600,-2893.635986
95,448320,5016600,-2901.663086
95,448320,5016600,-2909.689941
95,448320,5016600,-2917.717041
95,448320,5016600,-2925.743896
95,448320,5016600,-2933.770996
95,448320,5016600,-2941.798096
95,448320,5016600,-2949.824951
95,448320,5016600,-2957.852051
95,448320,5016600,-2965.878906
95,448320,5016600,-2973.906006
95,448320,5016600,-2981.933105
95,448320,5016600,-2989.959961
95,448320,5016600,-2997.987061
95,448320,5016600,-3006.013916
95,448320,5016600,-3014.041016
95,448320,5016600,-3022.068115
95,448320,5016600,-3030.094971
95,448320,5016600,-3038.12207
95,448320,5016600,-3046.148926
95,448320,5016600,-3054.176025
95,448320,5016600,-3062.202881
95,448320,5016600,-3070.22998
95,448320,5016600,-3078.25708
95,448320,5016600,-3086.283936
95,448320,5016600,-3094.311035
95,448320,5016600,-3102.337891
95,448320,5016600,-3110.36499
95,448320,5016600,-3118.39209
95,448320,5016600,-3126.418945
95,448320,5016600,-3134.446045
95,448320,5016600,-3142.4729
95,448320,5016600,-3150.5
95,448320,5016600,-3158.5271
112,448320,5016600,-3166.553955
112,448320,5016600,-3174.581055
112,448320,5016600,-3182.60791
112,448320,5016600,-3190.63501
112,448320,5016600,-3198.662109
112,448320,5016600,-3206.688965
112,448320,5016600,-3214.716064
112,448320,5016600,-3222.74292
112,448320,5016600,-3230.77002
112,448320,5016600,-3238.797119
112,448320,5016600,-3246.823975
112,448320,5016600,-3254.851074
112,448320,5016600,-3262.87793
112,448320,5016600,-3270.905029
112,448320,5016600,-3278.931885
112,448320,5016600,-3286.958984
112,448320,5016600,-3294.986084
112,448320,5016600,-3303.012939
112,448320,5016600,-3311.040039
112,448320,5016600,-3319.066895
112,448320,5016600,-3327.093994
112,448320,5016600,-3335.121094
112,448320,5016600,-3343.147949
112,448320,5016600,-3351.175049
112,448320,5016600,-3359.201904
112,448320,5016600,-3367.229004
112,448320,5016600,-3375.256104
112,448320,5016600,-3383.282959
112,448320,5016600,-3391.310059
112,448320,5016600,-3399.336914
112,448320,5016600,-3407.364014
112,448320,5016600,-3415.391113
112,448320,5016600,-3423.417969
112,448320,5016600,-3431.445068
112,448320,5016600,-3439.471924
112,448320,5016600,-3447.499023
112,448320,5016600,-3455.525879
112,448320,5016600,-3463.552979
112,448320,5016600,-3471.580078
112,448320,5016600,-3479.606934
112,448320,5016600,-3487.634033
112,448320,5016600,-3495.660889
112,448320,5016600,-3503.687988
112,448320,5016600,-3511.715088
112,448320,5016600,-3519.741943
112,448320,5016600,-3527.769043
112,448320,5016600,-3535.795898
112,448320,5016600,-3543.822998
112,448320,5016600,-3551.850098
112,448320,5016600,-3559.876953
112,448320,5016600,-3567.904053
112,448320,5016600,-3575.930908
112,448320,5016600,-3583.958008
112,448320,5016600,-3591.985107
112,448320,5016600,-3600.011963
112,448320,5016600,-3608.039062
112,448320,5016600,-3616.065918
112,448320,5016600,-3624.093018
112,448320,5016600,-3632.120117
112,448320,5016600,-3640.146973
112,448320,5016600,-3648.174072
112,448320,5016600,-3656.200928
126,448320,5016600,-3664.228027
126,448320,5016600,-3672.254883
126,448320,5016600,-3680.281982
126,448320,5016600,-3688.309082
126,448320,5016600,-3696.335938
126,448320,5016600,-3704.363037
126,448320,5016600,-3712.389893
126,448320,5016600,-3720.416992
126,448320,5016600,-3728.444092
126,448320,5016600,-3736.470947
126,448320,5016600,-3744.498047
126,448320,5016600,-3752.524902
126,448320,5016600,-3760.552002
126,448320,5016600,-3768.579102
126,448320,5016600,-3776.605957
126,448320,5016600,-3784.633057
126,448320,5016600,-3792.659912
126,448320,5016600,-3800.687012
126,448320,5016600,-3808.714111
126,448320,5016600,-3816.740967
126,448320,5016600,-3824.768066
126,448320,5016600,-3832.794922
126,448320,5016600,-3840.822021
126,448320,5016600,-3848.849121
126,448320,5016600,-3856.875977
126,448320,5016600,-3864.903076
126,448320,5016600,-3872.929932
126,448320,5016600,-3880.957031
126,448320,5016600,-3888.983887
126,448320,5016600,-3897.010986
126,448320,5016600,-3905.038086
126,448320,5016600,-3913.064941
126,448320,5016600,-3921.092041
126,448320,5016600,-3929.118896
126,448320,5016600,-3937.145996
126,448320,5016600,-3945.173096
126,448320,5016600,-3953.199951
126,448320,5016600,-3961.227051
126,448320,5016600,-3969.253906
126,448320,5016600,-3977.281006
126,448320,5016600,-3985.308105
126,448320,5016600,-3993.334961
126,448320,5016600,-4001.362061
126,448320,5016600,-4009.388916
126,448320,5016600,-4017.416016
126,448320,5016600,-4025.443115
126,448320,5016600,-4033.469971
126,448320,5016600,-4041.49707
126,448320,5016600,-4049.523926
126,448320,5016600,-4057.551025
126,448320,5016600,-4065.577881
126,448320,5016600,-4073.60498
126,448320,5016600,-4081.63208
126,448320,5016600,-4089.658936
126,448320,5016600,-4097.686035
126,448320,5016600,-4105.712891
126,448320,5016600,-4113.740234
126,448320,5016600,-4121.76709
126,448320,5016600,-4129.793945
126,448320,5016600,-4137.820801
126,448320,5016600,-4145.848145
126,448320,5016600,-4153.875
126,448320,5016600,-4161.901855
140.26,448320,5016600,-4169.929199
140.26,448320,5016600,-4177.956055
140.26,448320,5016600,-4185.98291
140.26,448320,5016600,-4194.009766
140.26,448320,5016600,-4202.037109
140.26,448320,5016600,-4210.063965
140.26,448320,5016600,-4218.09082
140.26,448320,5016600,-4226.118164
140.26,448320,5016600,-4234.14502
140.26,448320,5016600,-4242.171875
140.26,448320,5016600,-4250.199219
140.26,448320,5016600,-4258.226074
140.26,448320,5016600,-4266.25293
140.26,448320,5016600,-4274.279785
140.26,448320,5016600,-4282.307129
140.26,448320,5016600,-4290.333984
140.26,448320,5016600,-4298.36084
140.26,448320,5016600,-4306.388184
140.26,448320,5016600,-4314.415039
140.26,448320,5016600,-4322.441895
140.26,448320,5016600,-4330.469238
140.26,448320,5016600,-4338.496094
140.26,448320,5016600,-4346.522949
140.26,448320,5016600,-4354.549805
140.26,448320,5016600,-4362.577148
140.26,448320,5016600,-4370.604004
140.26,448320,5016600,-4378.630859
140.26,448320,5016600,-4386.658203
140.26,448320,5016600,-4394.685059
140.26,448320,5016600,-4402.711914
140.26,448320,5016600,-4410.73877
140.26,448320,5016600,-4418.766113
140.26,448320,5016600,-4426.792969
140.26,448320,5016600,-4434.819824
140.26,448320,5016600,-4442.847168
140.26,448320,5016600,-4450.874023
140.26,448320,5016600,-4458.900879
140.26,448320,5016600,-4466.928223
140.26,448320,5016600,-4474.955078
140.26,448320,5016600,-4482.981934
140.26,448320,5016600,-4491.008789
140.26,448320,5016600,-4499.036133
140.26,448320,5016600,-4507.062988
140.26,448320,5016600,-4515.089844
140.26,448320,5016600,-4523.117188
140.26,448320,5016600,-4531.144043
140.26,448320,5016600,-4539.170898
140.26,448320,5016600,-4547.198242
140.26,448320,5016600,-4555.225098
140.26,448320,5016600,-4563.251953
140.26,448320,5016600,-4571.278809
140.26,448320,5016600,-4579.306152
140.26,448320,5016600,-4587.333008
140.26,448320,5016600,-4595.359863
140.26,448320,5016600,-4603.387207
140.26,448320,5016600,-4611.414062
140.26,448320,5016600,-4619.440918
140.26,448320,5016600,-4627.467773
140.26,448320,5016600,-4635.495117
140.26,448320,5016600,-4643.521973
140.26,448320,5016600,-4651.548828
140.26,448320,5016600,-4659.576172
151,448320,5016600,-4667.603027
151,448320,5016600,-4675.629883
151,448320,5016600,-4683.657227
151,448320,5016600,-4691.684082
151,448320,5016600,-4699.710938
151,448320,5016600,-4707.737793
151,448320,5016600,-4715.765137
151,448320,5016600,-4723.791992
151,448320,5016600,-4731.818848
151,448320,5016600,-4739.846191
151,448320,5016600,-4747.873047
151,448320,5016600,-4755.899902
151,448320,5016600,-4763.926758
151,448320,5016600,-4771.954102
151,448320,5016600,-4779.980957
151,448320,5016600,-4788.007812
151,448320,5016600,-4796.035156
151,448320,5016600,-4804.062012
151,448320,5016600,-4812.088867
151,448320,5016600,-4820.116211
151,448320,5016600,-4828.143066
151,448320,5016600,-4836.169922
151,448320,5016600,-4844.196777
151,448320,5016600,-4852.224121
151,448320,5016600,-4860.250977
151,448320,5016600,-4868.277832
151,448320,5016600,-4876.305176
151,448320,5016600,-4884.332031
151,448320,5016600,-4892.358887
151,448320,5016600,-4900.38623
151,448320,5016600,-4908.413086
151,448320,5016600,-4916.439941
151,448320,5016600,-4924.466797
151,448320,5016600,-4932.494141
151,448320,5016600,-4940.520996
151,448320,5016600,-4948.547852
151,448320,5016600,-4956.575195
151,448320,5016600,-4964.602051
151,448320,5016600,-4972.628906
151,448320,5016600,-4980.655762
151,448320,5016600,-4988.683105
151,448320,5016600,-4996.709961
151,448320,5016600,-5004.736816
151,448320,5016600,-5012.76416
151,448320,5016600,-5020.791016
151,448320,5016600,-5028.817871
151,448320,5016600,-5036.845215
151,448320,5016600,-5044.87207
151,448320,5016600,-5052.898926
151,448320,5016600,-5060.925781
151,448320,5016600,-5068.953125
151,448320,5016600,-5076.97998
151,448320,5016600,-5085.006836
151,448320,5016600,-5093.03418
151,448320,5016600,-5101.061035
151,448320,5016600,-5109.087891
151,448320,5016600,-5117.115234
151,448320,5016600,-5125.14209
151,448320,5016600,-5133.168945
151,448320,5016600,-5141.195801
151,448320,5016600,-5149.223145
151,448320,5016600,-5157.25
154,448320,5016600,-5165.276855
154,448320,5016600,-5173.304199
154,448320,5016600,-5181.331055
154,448320,5016600,-5189.35791
154,448320,5016600,-5197.384766
154,448320,5016600,-5205.412109
154,448320,5016600,-5213.438965
154,448320,5016600,-5221.46582
154,448320,5016600,-5229.493164
154,448320,5016600,-5237.52002
154,448320,5016600,-5245.546875
154,448320,5016600,-5253.574219
154,448320,5016600,-5261.601074
154,448320,5016600,-5269.62793
154,448320,5016600,-5277.654785
154,448320,5016600,-5285.682129
154,448320,5016600,-5293.708984
154,448320,5016600,-5301.73584
154,448320,5016600,-5309.763184
154,448320,5016600,-5317.790039
154,448320,5016600,-5325.816895
154,448320,5016600,-5333.844238
154,448320,5016600,-5341.871094
154,448320,5016600,-5349.897949
154,448320,5016600,-5357.924805
154,448320,5016600,-5365.952148
154,448320,5016600,-5373.979004
154,448320,5016600,-5382.005859
154,448320,5016600,-5390.033203
154,448320,5016600,-5398.060059
154,448320,5016600,-5406.086914
154,448320,5016600,-5414.11377
154,448320,5016600,-5422.141113
154,448320,5016600,-5430.167969
154,448320,5016600,-5438.194824
154,448320,5016600,-5446.222168
154,448320,5016600,-5454.249023
154,448320,5016600,-5462.275879
154,448320,5016600,-5470.303223
154,448320,5016600,-5478.330078
154,448320,5016600,-5486.356934
154,448320,5016600,-5494.383789
154,448320,5016600,-5502.411133
154,448320,5016600,-5510.437988
154,448320,5016600,-5518.464844
154,448320,5016600,-5526.492188
154,448320,5016600,-5534.519043
154,448320,5016600,-5542.545898
154,448320,5016600,-5550.573242
154,448320,5016600,-5558.600098
154,448320,5016600,-5566.626953
154,448320,5016600,-5574.653809
154,448320,5016600,-5582.681152
154,448320,5016600,-5590.708008
154,448320,5016600,-5598.734863
154,448320,5016600,-5606.762207
154,448320,5016600,-5614.789062
154,448320,5016600,-5622.815918
154,448320,5016600,-5630.842773
154,448320,5016600,-5638.870117
154,448320,5016600,-5646.896973
154,448320,5016600,-5654.923828
154,448320,5016600,-5662.951172
153,448320,5016600,-5670.978027
153,448320,5016600,-5679.004883
153,448320,5016600,-5687.032227
153,448320,5016600,-5695.059082
153,448320,5016600,-5703.085938
153,448320,5016600,-5711.112793
153,448320,5016600,-5719.140137
153,448320,5016600,-5727.166992
153,448320,5016600,-5735.193848
153,448320,5016600,-5743.221191
153,448320,5016600,-5751.248047
153,448320,5016600,-5759.274902
153,448320,5016600,-5767.301758
153,448320,5016600,-5775.329102
153,448320,5016600,-5783.355957
153,448320,5016600,-5791.382812
153,448320,5016600,-5799.410156
153,448320,5016600,-5807.437012
153,448320,5016600,-5815.463867
153,448320,5016600,-5823.491211
153,448320,5016600,-5831.518066
153,448320,5016600,-5839.544922
153,448320,5016600,-5847.571777
153,448320,5016600,-5855.599121
153,448320,5016600,-5863.625977
153,448320,5016600,-5871.652832
153,448320,5016600,-5879.680176
153,448320,5016600,-5887.707031
153,448320,5016600,-5895.733887
153,448320,5016600,-5903.76123
153,448320,5016600,-5911.788086
153,448320,5016600,-5919.814941
153,448320,5016600,-5927.841797
153,448320,5016600,-5935.869141
153,448320,5016600,-5943.895996
153,448320,5016600,-5951.922852
153,448320,5016600,-5959.950195
153,448320,5016600,-5967.977051
153,448320,5016600,-5976.003906
153,448320,5016600,-5984.030762
153,448320,5016600,-5992.058105
153,448320,5016600,-6000.084961
153,448320,5016600,-6008.111816
153,448320,5016600,-6016.13916
153,448320,5016600,-6024.166016
153,448320,5016600,-6032.192871
153,448320,5016600,-6040.220215
153,448320,5016600,-6048.24707
153,448320,5016600,-6056.273926
153,448320,5016600,-6064.300781
153,448320,5016600,-6072.328125
153,448320,5016600,-6080.35498
153,448320,5016600,-6088.381836
153,448320,5016600,-6096.40918
153,448320,5016600,-6104.436035
153,448320,5016600,-6112.462891
153,448320,5016600,-6120.490234
153,448320,5016600,-6128.51709
153,448320,5016600,-6136.543945
153,448320,5016600,-6144.570801
153,448320,5016600,-6152.598145
153,448320,5016600,-6160.625
156.5,448320,5016600,-6168.651855
156.5,448320,5016600,-6176.679199
156.5,448320,5016600,-6184.706055
156.5,448320,5016600,-6192.73291
156.5,448320,5016600,-6200.759766
156.5,448320,5016600,-6208.787109
156.5,448320,5016600,-6216.813965
156.5,448320,5016600,-6224.84082
156.5,448320,5016600,-6232.868164
156.5,448320,5016600,-6240.89502
156.5,448320,5016600,-6248.921875
156.5,448320,5016600,-6256.949219
156.5,448320,5016600,-6264.976074
156.5,448320,5016600,-6273.00293
156.5,448320,5016600,-6281.029785
156.5,448320,5016600,-6289.057129
156.5,448320,5016600,-6297.083984
156.5,448320,5016600,-6305.11084
156.5,448320,5016600,-6313.138184
156.5,448320,5016600,-6321.165039
156.5,448320,5016600,-6329.191895
156.5,448320,5016600,-6337.219238
156.5,448320,5016600,-6345.246094
156.5,448320,5016600,-6353.272949
156.5,448320,5016600,-6361.299805
156.5,448320,5016600,-6369.327148
156.5,448320,5016600,-6377.354004
156.5,448320,5016600,-6385.380859
156.5,448320,5016600,-6393.408203
156.5,448320,5016600,-6401.435059
156.5,448320,5016600,-6409.461914
156.5,448320,5016600,-6417.48877
156.5,448320,5016600,-6425.516113
156.5,448320,5016600,-6433.542969
156.5,448320,5016600,-6441.569824
156.5,448320,5016600,-6449.597168
156.5,448320,5016600,-6457.624023
156.5,448320,5016600,-6465.650879
156.5,448320,5016600,-6473.678223
156.5,448320,5016600,-6481.705078
156.5,448320,5016600,-6489.731934
156.5,448320,5016600,-6497.758789
156.5,448320,5016600,-6505.786133
156.5,448320,5016600,-6513.812988
156.5,448320,5016600,-6521.839844
156.5,448320,5016600,-6529.867188
156.5,448320,5016600,-6537.894043
156.5,448320,5016600,-6545.920898
156.5,448320,5016600,-6553.948242
156.5,448320,5016600,-6561.975098
156.5,448320,5016600,-6570.001953
156.5,448320,5016600,-6578.028809
156.5,448320,5016600,-6586.056152
156.5,448320,5016600,-6594.083008
156.5,448320,5016600,-6602.109863
156.5,448320,5016600,-6610.137207
156.5,448320,5016600,-6618.164062
156.5,448320,5016600,-6626.190918
156.5,448320,5016600,-6634.217773
156.5,448320,5016600,-6642.245117
156.5,448320,5016600,-6650.271973
156.5,448320,5016600,-6658.298828
158.32,448320,5016600,-6666.326172
158.32,448320,5016600,-6674.353027
158.32,448320,5016600,-6682.379883
158.32,448320,5016600,-6690.407227
158.32,448320,5016600,-6698.434082
158.32,448320,5016600,-6706.460938
158.32,448320,5016600,-6714.487793
158.32,448320,5016600,-6722.515137
158.32,448320,5016600,-6730.541992
158.32,448320,5016600,-6738.568848
158.32,448320,5016600,-6746.596191
158.32,448320,5016600,-6754.623047
158.32,448320,5016600,-6762.649902
158.32,448320,5016600,-6770.676758
158.32,448320,5016600,-6778.704102
158.32,448320,5016600,-6786.730957
158.32,448320,5016600,-6794.757812
158.32,448320,5016600,-6802.785156
158.32,448320,5016600,-6810.812012
158.32,448320,5016600,-6818.838867
158.32,448320,5016600,-6826.866211
158.32,448320,5016600,-6834.893066
158.32,448320,5016600,-6842.919922
158.32,448320,5016600,-6850.946777
158.32,448320,5016600,-6858.974121
158.32,448320,5016600,-6867.000977
158.32,448320,5016600,-6875.027832
158.32,448320,5016600,-6883.055176
158.32,448320,5016600,-6891.082031
158.32,448320,5016600,-6899.108887
158.32,448320,5016600,-6907.13623
158.32,448320,5016600,-6915.163086
158.32,448320,5016600,-6923.189941
158.32,448320,5016600,-6931.216797
158.32,448320,5016600,-6939.244141
158.32,448320,5016600,-6947.270996
158.32,448320,5016600,-6955.297852
158.32,448320,5016600,-6963.325195
158.32,448320,5016600,-6971.352051
158.32,448320,5016600,-6979.378906
158.32,448320,5016600,-6987.405762
158.32,448320,5016600,-6995.433105
158.32,448320,5016600,-7003.459961
158.32,448320,5016600,-7011.486816
158.32,448320,5016600,-7019.51416
158.32,448320,5016600,-7027.541016
158.32,448320,5016600,-7035.567871
158.32,448320,5016600,-7043.595215
158.32,448320,5016600,-7051.62207
158.32,448320,5016600,-7059.648926
158.32,448320,5016600,-7067.675781
158.32,448320,5016600,-7075.703125
158.32,448320,5016600,-7083.72998
158.32,448320,5016600,-7091.756836
158.32,448320,5016600,-7099.78418
158.32,448320,5016600,-7107.811035
158.32,448320,5016600,-7115.837891
158.32,448320,5016600,-7123.865234
158.32,448320,5016600,-7131.89209
158.32,448320,5016600,-7139.918945
158.32,448320,5016600,-7147.945801
158.32,448320,5016600,-7155.973145
158.32,448320,5016600,-7164
