762698.65;4835142.11;0
762477.55;4856702.73;0
764312.54;4865120.10;0
768273.11;4852824.19;0
769047.89;4838021.19;0
768906.19;4853124.30;0
770974.06;4823667.05;0
771330.66;4823778.67;0
770322.60;4850741.27;0
775004.86;4840519.65;0
775027.72;4840725.53;0
777135.40;4829156.52;0
778564.05;4861002.41;0
781234.32;4853451.50;0
783870.16;4832175.93;0
784004.24;4840988.42;0
783568.36;4865222.62;0
787268.86;4823972.93;0
791220.57;4855609.57;0
792820.41;4824615.40;0
793424.59;4819509.53;0
793026.42;4847765.77;0
794570.21;4819320.99;0
794785.62;4828008.40;0
796341.12;4812657.31;0
797333.19;4837383.40;0
798678.63;4820686.54;0
798402.74;4854483.85;0
801498.63;4820074.90;0
801517.29;4819804.85;0
800536.19;4854078.87;0
803321.40;4837632.57;0
802646.23;4862279.16;0
804458.87;4862588.77;0
806191.05;4845156.94;0
810234.48;4802587.10;0
810513.76;4831347.32;0
813215.99;4788863.79;0
812246.43;4815434.04;0
812372.18;4816373.53;0
810887.39;4867201.57;0
813189.39;4861663.13;0
813073.39;4869190.84;0
817013.73;4789950.66;0
816600.04;4805093.91;0
816096.09;4816588.88;0
819251.90;4771855.74;0
818369.21;4823787.31;0
820190.12;4796675.71;0
821474.59;4781673.01;0
821663.63;4781904.01;0
819146.53;4835796.94;0
822069.30;4776753.19;0
819455.56;4853364.83;0
819725.27;4850575.56;0
822913.48;4786329.89;0
823007.38;4788792.20;0
822381.98;4813846.57;0
824027.06;4788473.38;0
825745.30;4766950.93;0
826190.70;4767827.42;0
825842.77;4777489.57;0
826033.99;4778525.11;0
823766.20;4842695.94;0
825393.42;4833344.15;0
827447.90;4812111.07;0
826355.72;4842324.57;0
826051.25;4860772.54;0
830922.05;4784602.78;0
832742.28;4775472.02;0
832827.64;4777181.37;0
834577.38;4760968.74;0
833675.06;4824391.75;0
833935.66;4824646.43;0
837921.64;4758715.27;0
838062.24;4763083.24;0
838662.02;4773252.10;0
835909.25;4843037.65;0
840279.75;4756798.95;0
839489.00;4773423.55;0
835910.48;4852725.64;0
840228.72;4795019.61;0
839754.98;4804610.22;0
843559.56;4755540.74;0
838979.68;4847465.50;0
844656.75;4768578.32;0
841889.08;4828783.86;0
847017.97;4740686.22;0
845677.52;4768746.20;0
847221.65;4740249.96;0
845791.98;4770491.46;0
848599.90;4778058.07;0
847995.34;4792968.41;0
851811.38;4728450.30;0
851430.95;4744453.65;0
851483.12;4745291.83;0
849035.28;4793209.57;0
852411.67;4728385.72;0
850521.80;4773764.37;0
853550.21;4720774.06;0
853074.57;4758582.40;0
853297.58;4758931.20;0
856405.66;4721140.09;0
852001.20;4810619.66;0
852242.33;4818614.38;0
854914.93;4767581.99;0
855509.31;4767742.04;0
855022.21;4823194.63;0
857929.95;4780923.72;0
860811.63;4741275.18;0
859855.57;4759913.26;0
860827.00;4744717.79;0
858987.42;4788807.09;0
858554.99;4802952.95;0
858950.35;4806884.85;0
861545.82;4760540.01;0
859448.19;4838185.52;0
865248.28;4752938.40;0
862730.56;4824467.89;0
866225.97;4780373.19;0
864095.47;4825543.76;0
863913.56;4838677.98;0
870860.81;4754310.21;0
867366.30;4819687.47;0
867978.91;4815840.70;0
872246.31;4747743.93;0
872767.54;4766042.47;0
872655.74;4800228.13;0
872157.28;4813876.70;0
874290.75;4783067.77;0
873966.63;4819781.42;0
878637.72;4774378.74;0
878309.31;4818640.03;0
881264.74;4776092.40;0
887632.30;4797918.70;0
1044899.78;4076977.78;0
1044907.32;4077000.57;0
1035466.77;4081690.64;0
1035493.60;4081692.32;0
1045849.66;4082917.83;0
1008028.58;4083367.99;0
1006938.46;4083448.00;0
1028292.42;4087644.81;0
763706.37;4075994.82;0
993311.90;4090784.24;0
990879.35;4090866.32;0
993426.49;4091125.25;0
1039519.49;4094662.95;0
1040368.74;4094984.68;0
1026214.83;4098155.42;0
1026237.47;4098223.74;0
1042424.21;4099578.17;0
1008825.73;4102836.22;0
1028021.41;4104100.69;0
992658.02;4102961.41;0
1005642.74;4105031.27;0
980898.02;4105750.82;0
980923.50;4105774.55;0
1014172.78;4107786.45;0
997913.87;4111093.75;0
997614.42;4111321.33;0
981342.91;4111280.83;0
1008122.79;4113630.64;0
1039343.65;4116528.09;0
997398.17;4115443.99;0
1054901.03;4119088.75;0
1017654.32;4116808.18;0
971392.95;4114596.65;0
1047826.84;4119496.24;0
1022295.90;4117919.73;0
1022304.81;4117920.29;0
1047886.28;4119544.74;0
1024903.16;4118249.01;0
1059765.70;4120593.55;0
994476.16;4120020.41;0
994339.85;4120213.04;0
938573.74;4117670.10;0
1019608.36;4125113.74;0
1005042.94;4124293.19;0
954491.94;4121732.93;0
954370.73;4122160.77;0
979514.42;4124871.59;0
934276.13;4123348.60;0
970759.70;4125435.20;0
934355.27;4123541.97;0
1010789.44;4128598.51;0
1037177.22;4130557.62;0
975502.69;4129557.53;0
969740.28;4129311.04;0
959684.99;4129511.81;0
929987.80;4128082.64;0
922732.54;4128025.85;0
943281.98;4129865.54;0
1020806.71;4135871.75;0
994824.20;4135166.67;0
1052833.33;4138794.59;0
911445.95;4131583.29;0
989763.68;4136050.79;0
1023151.20;4138460.32;0
1045128.96;4140364.87;0
1012636.60;4139538.26;0
952757.88;4136341.59;0
918886.59;4134601.13;0
936365.89;4135939.01;0
951270.48;4137675.81;0
1045487.04;4144036.96;0
980483.74;4141096.40;0
1032026.40;4144452.22;0
976013.09;4141119.28;0
962264.30;4140737.83;0
962761.27;4141567.42;0
906870.72;4138750.12;0
921465.97;4139918.20;0
1027186.62;4146298.24;0
942295.04;4141628.93;0
975720.61;4143598.65;0
976882.73;4143664.91;0
954758.99;4142598.59;0
1007619.85;4145833.06;0
982659.35;4145512.29;0
1025151.18;4149337.66;0
936590.49;4144246.45;0
903187.83;4142667.32;0
943451.56;4144808.46;0
1023591.21;4150354.95;0
922880.77;4145344.49;0
922950.98;4145537.30;0
911590.04;4145102.92;0
930700.14;4146067.21;0
1039581.76;4153181.82;0
993734.25;4150585.17;0
967863.27;4149461.03;0
1004555.15;4152626.76;0
967699.96;4153162.02;0
919135.24;4150732.80;0
976731.63;4154242.46;0
982118.51;4154552.67;0
954743.49;4153157.43;0
947131.73;4154605.24;0
877540.67;4152093.30;0
877611.28;4152296.75;0
888021.80;4152786.58;0
1037092.01;4161399.74;0
993524.13;4159077.92;0
983758.29;4158916.34;0
984101.72;4158969.76;0
931592.54;4156969.53;0
940858.38;4157511.30;0
1021921.32;4162775.44;0
906497.45;4156784.74;0
964534.64;4160026.03;0
989718.55;4162274.83;0
998378.07;4163358.57;0
947240.12;4162162.44;0
999406.37;4165906.49;0
877999.68;4159556.97;0
1037622.53;4168451.90;0
957655.45;4163688.08;0
900978.23;4161591.71;0
864883.13;4159971.54;0
926676.35;4162995.35;0
1017671.28;4168197.31;0
1017770.54;4168315.03;0
957607.61;4164877.42;0
1036760.08;4170103.06;0
1019054.91;4170503.28;0
986307.97;4171046.84;0
926855.86;4168293.27;0
965496.12;4171210.23;0
872413.79;4167303.23;0
1002899.71;4174200.93;0
889399.19;4168618.33;0
950330.94;4172075.77;0
920027.78;4170638.47;0
956881.87;4172724.47;0
856740.45;4168215.18;0
944952.73;4172531.10;0
856794.16;4168406.57;0
889904.01;4170122.05;0
850457.41;4168414.03;0
889957.48;4170302.61;0
1023317.69;4177675.89;0
933945.49;4173060.12;0
972138.42;4175575.60;0
902044.93;4172672.80;0
1031010.30;4180487.00;0
891451.38;4172787.89;0
906824.69;4173785.82;0
880367.20;4172660.17;0
985731.51;4178291.32;0
1044467.23;4181954.73;0
858610.01;4172455.77;0
920024.21;4175592.48;0
873353.64;4173553.24;0
957963.57;4177841.96;0
942364.26;4177014.27;0
942354.83;4177024.91;0
906372.77;4176134.42;0
1033941.73;4183599.11;0
1033950.57;4183599.68;0
839993.05;4173715.60;0
839992.14;4173737.81;0
861322.94;4175154.41;0
981150.18;4181299.92;0
987916.04;4182131.86;0
817702.16;4174073.99;0
908524.10;4179524.17;0
901812.95;4179261.52;0
894217.41;4179006.57;0
994919.65;4184611.40;0
824150.49;4176647.97;0
926555.91;4181483.06;0
1013052.18;4186634.34;0
1046812.56;4189017.78;0
1046872.14;4189189.14;0
835828.39;4178070.91;0
889997.94;4180508.71;0
830881.37;4178260.28;0
964166.63;4185073.76;0
1038795.12;4189973.51;0
854734.71;4180296.58;0
875640.82;4181233.27;0
927667.48;4184279.74;0
927737.09;4184472.64;0
951052.53;4185793.80;0
847673.34;4181363.86;0
987334.51;4188517.95;0
888341.32;4184325.26;0
890119.17;4184487.14;0
856402.39;4183627.36;0
856420.02;4183628.12;0
1041723.95;4194104.82;0
864275.53;4184995.03;0
918277.11;4187861.43;0
1009942.41;4194336.72;0
904788.39;4188567.36;0
1010014.90;4194452.73;0
939470.47;4190580.55;0
976162.23;4192623.03;0
946252.60;4191569.44;0
914786.53;4190111.69;0
978062.10;4193580.28;0
841775.98;4188712.54;0
951698.52;4194495.71;0
849053.41;4189863.36;0
968223.22;4195933.45;0
993639.37;4197522.23;0
1031660.51;4199941.31;0
860908.55;4190864.56;0
814291.64;4189106.31;0
958360.34;4196324.12;0
1013169.37;4199801.57;0
814272.87;4189828.17;0
826501.96;4190438.13;0
874316.21;4192665.67;0
874297.58;4192687.08;0
984921.33;4198797.33;0
804530.89;4190906.58;0
957356.22;4198162.07;0
1050144.84;4204017.05;0
957416.81;4198343.70;0
878005.26;4194414.48;0
827503.55;4192312.51;0
930786.14;4197359.31;0
939823.12;4198195.03;0
1039901.92;4204284.57;0
950654.62;4199016.70;0
1017101.77;4202981.84;0
1039863.77;4204460.60;0
899996.21;4196602.60;0
1048336.02;4205246.34;0
1041602.15;4204943.56;0
835834.17;4194161.08;0
890065.04;4196614.30;0
999985.53;4203146.64;0
866703.36;4196115.86;0
999957.75;4203167.24;0
1047987.94;4207008.80;0
895609.85;4198960.89;0
982692.99;4204049.53;0
841476.55;4196973.76;0
822537.26;4196596.52;0
969932.55;4204065.47;0
948804.46;4203114.76;0
953576.67;4203377.57;0
1023839.91;4208161.81;0
933229.41;4203111.69;0
884238.37;4201357.92;0
827060.01;4199455.13;0
884802.93;4202107.71;0
1026063.79;4210435.23;0
983054.68;4207804.87;0
967231.61;4206964.17;0
1025943.84;4210650.64;0
900794.88;4204098.85;0
982593.76;4208580.21;0
878509.54;4203372.25;0
860656.71;4203211.76;0
860620.05;4203243.51;0
840892.64;4202743.30;0
1040557.11;4213656.92;0
857947.63;4204294.20;0
1121243.22;4221308.11;0
845513.55;4205161.24;0
971045.74;4211428.64;0
829014.45;4204547.97;0
1000641.95;4213656.72;0
865837.90;4206600.97;0
909473.06;4209070.11;0
812298.91;4205516.09;0
821776.17;4206316.99;0
892599.57;4209466.66;0
821832.03;4206463.72;0
920481.08;4211232.21;0
948371.41;4212782.26;0
908792.17;4210872.80;0
994285.64;4215811.60;0
887867.24;4210765.30;0
823327.82;4208268.28;0
876901.72;4210708.27;0
848414.23;4210066.65;0
946971.59;4214989.07;0
905228.69;4212877.04;0
1047829.47;4221239.87;0
964816.92;4216186.54;0
964798.71;4216196.65;0
947186.79;4215245.92;0
960203.63;4216348.44;0
881493.09;4212367.94;0
1050144.77;4222020.87;0
1050152.82;4222032.58;0
868165.51;4212045.42;0
1024365.85;4220622.92;0
926167.15;4214967.61;0
1024228.17;4221116.08;0
1018917.73;4221043.97;0
1091272.81;4226041.41;0
877097.21;4213532.31;0
1108912.29;4228369.94;0
932135.67;4217274.92;0
932195.96;4217467.43;0
1118035.48;4229616.77;0
858667.89;4214181.17;0
810468.65;4212672.12;0
841516.73;4214579.67;0
991520.37;4222289.13;0
841325.70;4215149.97;0
868989.27;4216999.98;0
1039330.54;4226576.52;0
873982.09;4217327.63;0
1092716.98;4230492.67;0
889763.29;4218289.54;0
981989.81;4223280.13;0
981175.82;4223477.20;0
890061.41;4218682.18;0
891101.75;4218832.21;0
814729.78;4215536.80;0
814801.08;4215739.66;0
1059769.96;4228928.46;0
1059759.64;4228950.08;0
941075.13;4221785.59;0
821708.90;4216509.61;0
997520.83;4225429.80;0
1090444.34;4232092.56;0
1106124.50;4233493.02;0
1009835.37;4227229.31;0
1067389.83;4231232.04;0
1065162.78;4231132.69;0
873501.22;4220521.04;0
859274.04;4221193.59;0
859282.82;4221193.98;0
877652.97;4222058.87;0
860947.99;4221523.49;0
1068293.95;4233707.24;0
1065788.52;4233811.45;0
1023986.59;4231442.14;0
1069300.24;4234715.77;0
1035691.14;4232640.84;0
1067937.58;4235268.00;0
873254.98;4224737.69;0
1121465.00;4239940.79;0
1044654.20;4235000.52;0
1068608.68;4236900.70;0
1082463.80;4238285.96;0
1007535.17;4233553.83;0
1007525.70;4233564.39;0
1097808.10;4240330.22;0
1031994.30;4236024.20;0
877155.32;4227666.00;0
880171.29;4227839.94;0
1086788.93;4240485.81;0
1090908.16;4240885.69;0
1057770.67;4238872.41;0
1057718.70;4239371.23;0
879412.96;4229206.54;0
879454.22;4229264.11;0
1027743.54;4238625.09;0
1006546.06;4238242.93;0
1129708.20;4247130.35;0
1120159.81;4246482.24;0
860632.26;4231209.83;0
1092169.01;4247056.02;0
1067149.71;4245508.70;0
1081736.88;4247416.00;0
1056638.82;4246096.04;0
1056914.86;4246182.03;0
1099751.64;4249604.07;0
1074160.60;4248829.01;0
1126792.57;4252953.85;0
1069730.32;4249542.90;0
1046840.75;4248977.13;0
1117063.21;4254194.60;0
1088147.76;4253466.08;0
1090046.46;4254375.62;0
1135601.48;4257870.65;0
1091171.49;4255016.66;0
1092318.40;4255357.79;0
1093722.91;4255550.45;0
1087853.25;4255209.88;0
1110597.55;4257123.52;0
1074352.16;4254929.74;0
1074419.15;4255102.05;0
1101592.15;4257094.79;0
1077721.78;4255594.87;0
1125622.07;4260758.13;0
1096114.73;4260263.88;0
1141021.69;4264922.68;0
1115141.36;4263651.51;0
1146896.89;4268279.82;0
1125661.96;4267157.96;0
1118938.28;4269030.22;0
1112983.93;4268607.15;0
1098950.68;4267950.96;0
1128464.23;4271760.75;0
1104226.82;4270581.58;0
1109124.37;4274338.95;0
1118373.27;4275102.92;0
1152460.24;4278991.82;0
1103291.04;4276468.72;0
1161202.26;4281578.19;0
1123855.39;4278826.71;0
1136789.19;4280583.29;0
1116376.83;4281378.28;0
1017632.19;4276593.37;0
1137340.41;4285918.67;0
1109386.96;4284632.61;0
1138568.46;4288813.63;0
1155859.53;4292387.15;0
1121255.38;4291104.42;0
1128895.62;4292676.37;0
1008513.49;4284452.66;0
1008522.22;4284453.21;0
1137526.72;4294256.99;0
1100734.36;4293265.77;0
1115203.92;4296919.27;0
1095197.69;4296918.36;0
1131066.71;4300297.73;0
1107983.80;4301395.36;0
1135538.63;4304513.51;0
1144355.55;4306678.69;0
1118296.40;4304762.97;0
1156628.35;4309677.07;0
1119515.56;4308123.44;0
1125756.02;4309228.50;0
1119572.55;4309861.28;0
1133618.11;4311094.66;0
1138768.31;4313096.89;0
1147636.00;4316021.75;0
1133285.43;4318317.38;0
1156812.51;4323617.79;0
1142939.90;4324624.59;0
1128921.47;4327041.16;0
1136272.81;4331323.28;0
1157832.51;4334684.94;0
1195932.66;4340732.09;0
1181432.82;4339528.27;0
1152117.38;4338003.77;0
1156003.67;4338886.97;0
1165767.15;4339741.91;0
1157541.44;4339105.09;0
1174475.42;4342411.32;0
467192.06;4314196.61;0
1153646.65;4341265.18;0
1133079.26;4339926.76;0
1160530.55;4343061.79;0
1204242.10;4350070.71;0
499961.95;4318844.37;0
1157993.41;4347886.68;0
487005.11;4320652.98;0
1194257.64;4351734.63;0
1171960.63;4350528.37;0
485519.37;4322253.61;0
1135157.86;4348117.09;0
452472.66;4323982.23;0
1183131.14;4354363.35;0
1194990.86;4355778.31;0
1204234.74;4357726.67;0
1126336.02;4351198.93;0
475842.60;4327182.55;0
1186024.55;4358415.03;0
1171931.21;4358489.22;0
1127534.08;4356474.58;0
1170152.91;4361416.39;0
1112014.11;4357546.84;0
497085.05;4334414.56;0
1172943.14;4363650.34;0
1151868.64;4362263.02;0
1140234.78;4361332.81;0
1129330.17;4361754.34;0
1133148.61;4362992.17;0
455321.49;4338026.55;0
494686.41;4339198.90;0
480820.51;4339864.40;0
542104.84;4340042.30;0
1122214.27;4365814.29;0
510130.68;4341822.53;0
1172632.88;4373088.46;0
1151468.56;4371621.88;0
1126942.10;4374092.00;0
1188532.66;4379680.64;0
462411.50;4350441.19;0
534208.91;4350890.99;0
1124254.52;4375945.12;0
496039.60;4351094.81;0
1171375.42;4380876.49;0
1140804.13;4379039.96;0
465974.01;4354686.46;0
1129864.26;4380292.05;0
548304.53;4356758.76;0
525981.18;4356752.36;0
1107029.98;4380762.88;0
494820.14;4358220.37;0
483020.00;4358570.24;0
1194604.84;4390433.10;0
1113528.67;4385412.98;0
1149447.75;4388558.13;0
1198826.87;4393672.21;0
1189409.30;4394753.62;0
546812.31;4365628.43;0
1155593.89;4394641.69;0
501640.45;4367152.64;0
1119746.84;4394443.79;0
1136912.91;4398707.01;0
1183162.18;4403162.85;0
467748.42;4373079.80;0
536454.02;4374085.47;0
1165010.23;4402637.83;0
1096963.26;4397466.32;0
1115981.16;4399690.29;0
486855.81;4375365.31;0
511966.49;4377460.71;0
530436.38;4378498.92;0
495092.16;4379328.79;0
1146288.64;4409215.83;0
484135.60;4385791.81;0
529695.02;4385865.47;0
1125066.91;4411443.04;0
1088356.53;4409346.39;0
511397.97;4390134.22;0
1103215.48;4414011.10;0
549936.81;4393517.10;0
461711.92;4393606.64;0
1143026.74;4422789.29;0
1123454.24;4423697.57;0
1110177.00;4423946.14;0
526235.80;4401047.06;0
1301357.58;4446052.88;0
1121653.86;4429469.61;0
484721.98;4404314.20;0
1126620.26;4430278.73;0
544012.03;4405390.30;0
1140916.12;4432272.58;0
1300856.61;4448665.98;0
522268.90;4407205.51;0
504146.58;4411392.00;0
1106655.74;4435968.51;0
544400.12;4412296.26;0
1131708.24;4439192.86;0
1090927.78;4436531.59;0
1098204.93;4438654.48;0
547107.75;4415731.04;0
1297137.32;4457475.23;0
463002.15;4419194.77;0
513422.37;4419704.57;0
1138423.57;4446525.87;0
1078617.67;4443007.28;0
1102719.86;4445161.95;0
494291.54;4422469.86;0
1095971.27;4446149.84;0
487903.24;4423265.42;0
1278048.69;4463461.12;0
1292083.35;4465694.58;0
1292137.11;4466667.39;0
1276543.70;4465059.90;0
1073848.15;4447372.77;0
1123509.74;4451753.89;0
536437.97;4426305.95;0
1149810.93;4454770.89;0
1303084.31;4470579.70;0
1080480.29;4450258.47;0
1303024.46;4471304.62;0
471992.26;4430655.20;0
448416.52;4432221.85;0
555531.88;4433058.80;0
1135597.90;4460157.53;0
1267785.75;4472952.81;0
1282455.00;4475855.79;0
1266066.23;4474407.23;0
1283302.41;4476179.99;0
1106096.43;4459971.36;0
1303542.53;4479989.30;0
1300683.84;4479729.54;0
1303647.84;4480540.61;0
1125300.97;4463707.75;0
1291976.79;4480697.56;0
535170.06;4440152.17;0
1292296.39;4481844.69;0
521669.19;4440556.77;0
1065092.87;4461911.83;0
1308180.26;4484525.96;0
1036059.43;4461167.81;0
484227.80;4442429.52;0
1050527.89;4462633.91;0
1057786.56;4463390.54;0
1281676.75;4483341.60;0
1076401.18;4464846.03;0
1282457.20;4484299.84;0
466768.27;4443873.65;0
1059239.34;4464615.38;0
1308506.63;4487993.39;0
1292802.72;4486374.56;0
1273351.11;4484593.29;0
1293005.66;4487149.59;0
543447.69;4445744.92;0
1095264.52;4469297.41;0
1269836.22;4485816.88;0
1151933.81;4474741.95;0
492726.45;4446945.06;0
1133740.68;4473747.28;0
1047831.98;4467285.38;0
1268772.80;4487360.01;0
1269982.36;4487753.79;0
524361.64;4451331.51;0
1113605.92;4476553.75;0
1047780.83;4471872.53;0
1033031.82;4472331.69;0
1057679.65;4475705.94;0
1135818.45;4482777.57;0
516215.71;4456237.95;0
1066694.98;4477654.49;0
1021534.37;4474629.08;0
480125.47;4456924.18;0
550225.02;4457564.03;0
1288630.46;4499025.95;0
1270197.19;4497228.39;0
1289164.67;4499678.40;0
1070231.52;4480582.13;0
455671.85;4460336.42;0
1029451.11;4478934.41;0
1157083.93;4489807.75;0
1077088.71;4483252.65;0
1081820.86;4484702.82;0
1159114.25;4491296.87;0
1014908.53;4481204.26;0
1241560.22;4500275.66;0
503056.51;4464146.45;0
465824.38;4464845.49;0
531444.60;4464988.24;0
1241020.02;4501648.23;0
1249536.47;4502520.87;0
1255202.04;4505069.26;0
1279991.98;4507913.22;0
1138442.58;4495853.37;0
1269020.82;4508223.50;0
1233606.25;4504778.33;0
1269595.20;4508822.32;0
1160417.17;4498581.59;0
1103001.62;4493961.34;0
1216602.34;4504045.60;0
457969.36;4469880.47;0
557451.73;4469981.54;0
1234412.64;4506530.62;0
1150242.60;4499536.67;0
1058029.60;4492145.28;0
1113405.71;4496676.65;0
1060669.87;4492711.61;0
471559.72;4471914.45;0
1202004.02;4505371.91;0
1070936.33;4494673.68;0
1250816.28;4510636.49;0
1206379.87;4506435.97;0
1101653.97;4497734.09;0
530109.96;4473729.64;0
500456.42;4474757.32;0
1035821.67;4494094.27;0
1167522.24;4506418.55;0
1201240.22;4510022.19;0
1210026.88;4511719.19;0
1091067.22;4501339.04;0
1214697.23;4512536.71;0
541151.03;4479487.56;0
1199928.04;4512310.19;0
1005973.22;4497090.97;0
1023266.34;4499121.47;0
1063207.89;4502434.75;0
1114699.61;4506607.40;0
1262781.21;4521023.20;0
1131564.65;4509105.18;0
1009863.99;4500525.79;0
1073185.74;4505531.92;0
455225.68;4483771.92;0
1012173.50;4502380.83;0
480081.43;4485018.30;0
1216549.85;4520166.44;0
1085818.55;4508874.77;0
518650.31;4486157.92;0
1201979.89;4519424.59;0
1238268.56;4523284.18;0
1214759.13;4521508.67;0
1247096.06;4525156.94;0
1010965.40;4505211.13;0
1056602.20;4508955.37;0
1166208.74;4518201.18;0
1045206.01;4508859.44;0
942852.81;4502118.18;0
1237213.25;4525537.40;0
1179238.19;4520088.70;0
1244796.41;4526891.15;0
1120982.70;4515578.62;0
1179455.20;4520893.28;0
1152375.06;4518562.91;0
1028239.98;4509052.86;0
469886.49;4490480.63;0
1206357.97;4523968.63;0
1194940.36;4523124.76;0
559124.82;4491385.86;0
536125.24;4491394.63;0
1063726.66;4513034.87;0
1186717.40;4523546.89;0
1156958.00;4521129.50;0
1036502.87;4511632.73;0
441951.04;4492955.06;0
1185988.76;4524398.82;0
1095866.05;4517245.02;0
1051743.95;4514458.84;0
1198394.57;4526859.26;0
1221083.04;4529730.79;0
1005708.15;4512140.06;0
1032610.08;4514144.48;0
953881.10;4509103.99;0
1221213.08;4531292.43;0
1170131.14;4526724.40;0
1104113.24;4521212.34;0
972112.41;4511913.42;0
1160295.43;4526333.44;0
1075133.11;4519711.52;0
499119.01;4497634.74;0
1255497.41;4536222.61;0
955767.51;4511873.10;0
965607.04;4512528.49;0
1180447.33;4529167.99;0
484793.18;4498105.50;0
1076260.52;4520548.12;0
1115543.83;4523921.37;0
1037359.09;4518150.28;0
1061524.79;4519941.99;0
968111.05;4513645.13;0
1128868.78;4525567.48;0
974044.20;4514267.29;0
461238.96;4499456.67;0
993725.32;4515830.35;0
996152.26;4516271.32;0
527494.20;4499783.16;0
968649.34;4514537.87;0
1049931.81;4520402.05;0
982297.93;4515792.26;0
1236075.95;4536698.84;0
974207.96;4515426.60;0
976926.53;4515690.21;0
962113.48;4514874.88;0
1240399.59;4537513.04;0
1006040.48;4518736.68;0
1152381.18;4530605.30;0
1179334.97;4533370.59;0
1084786.00;4525308.75;0
1142870.83;4530130.37;0
965171.90;4517296.49;0
993139.96;4519261.61;0
984951.01;4518877.13;0
985298.22;4519022.60;0
1028302.57;4522032.99;0
1204708.06;4537408.78;0
966139.04;4519063.55;0
1209249.96;4538764.07;0
977179.17;4520603.34;0
981916.58;4520999.48;0
967655.23;4521266.97;0
918281.94;4518646.82;0
1225581.33;4542889.92;0
465824.87;4507426.64;0
987579.48;4523847.24;0
913895.51;4519614.73;0
985886.05;4524427.51;0
1167863.39;4538667.74;0
508739.22;4508551.45;0
993748.40;4525037.64;0
1067282.71;4530563.02;0
972577.39;4523933.09;0
1074695.20;4531259.16;0
912167.74;4520654.70;0
1023765.68;4527874.16;0
1056987.26;4530338.11;0
1223882.50;4544878.22;0
979881.36;4525017.06;0
472903.36;4509828.38;0
1105070.18;4534715.75;0
917860.25;4521909.93;0
1112111.17;4535609.93;0
986426.09;4526281.60;0
1203962.42;4544764.66;0
1140665.84;4539121.74;0
1204134.39;4545285.98;0
541048.63;4511901.02;0
1047119.98;4532516.41;0
1165771.29;4542288.79;0
965000.39;4527043.74;0
975145.68;4527934.79;0
1141791.21;4540574.75;0
1090968.03;4536368.78;0
483365.76;4513904.64;0
970474.97;4529498.40;0
988458.16;4531224.54;0
986670.66;4531195.68;0
999041.02;4532144.83;0
1154830.87;4544601.73;0
1185284.46;4547599.97;0
935817.78;4528887.10;0
954106.72;4530056.66;0
998706.04;4532959.18;0
1168382.33;4546660.93;0
1168238.17;4547028.89;0
1050058.93;4537304.65;0
1050803.47;4537907.76;0
1025361.15;4536954.18;0
952510.00;4532188.49;0
973850.95;4533830.29;0
981049.80;4534296.59;0
1037286.77;4538305.81;0
987765.88;4534894.20;0
1125058.49;4545651.20;0
450169.58;4519415.93;0
981786.47;4535214.88;0
1205855.28;4553394.68;0
992836.96;4536135.44;0
527368.72;4520063.71;0
973576.05;4535206.92;0
1038255.28;4539683.43;0
1012213.89;4537926.23;0
932528.09;4532839.67;0
1026713.47;4539161.32;0
1204501.01;4554184.64;0
1025831.59;4539276.94;0
971939.34;4535759.99;0
1009384.56;4538623.00;0
1060371.30;4542395.70;0
977060.54;4536614.15;0
555116.43;4521583.76;0
960963.61;4535867.99;0
1026522.26;4540766.87;0
1010249.50;4539721.06;0
1078051.33;4544949.03;0
977020.07;4538284.81;0
938246.56;4535908.36;0
496686.57;4523200.03;0
983887.07;4539101.20;0
973485.59;4538458.18;0
1143810.00;4551648.56;0
1029659.69;4542656.07;0
976298.19;4539230.87;0
941273.13;4537237.26;0
1191505.28;4556751.02;0
1057975.69;4545443.29;0
968747.72;4539984.10;0
1192026.85;4557719.93;0
1008222.99;4543164.05;0
1059058.49;4546933.73;0
1156936.69;4555041.35;0
982260.11;4541694.28;0
1012758.46;4543858.57;0
1154730.34;4555180.17;0
1012942.31;4544016.53;0
509535.37;4526535.55;0
992530.86;4543490.97;0
1041030.56;4546935.72;0
1160974.68;4557230.73;0
1178666.33;4559262.67;0
1048021.62;4548571.34;0
480502.29;4528797.88;0
987027.95;4545266.56;0
1005944.47;4546601.12;0
1065653.47;4551071.35;0
1020929.26;4548251.90;0
1020203.70;4548211.61;0
982634.84;4545657.17;0
1184626.21;4562037.55;0
969717.66;4545868.20;0
1032288.32;4550373.63;0
834338.19;4538706.80;0
1055889.14;4552604.81;0
1087908.95;4555136.36;0
1051697.97;4552556.45;0
1199228.53;4565403.75;0
433842.50;4532555.62;0
922847.03;4544569.44;0
973710.50;4547708.68;0
1057040.02;4553854.40;0
1166700.79;4563734.40;0
1096538.37;4557713.06;0
1182204.04;4565208.95;0
1166728.37;4564084.36;0
1072447.04;4556383.19;0
1101224.46;4558801.13;0
1137577.31;4562101.64;0
966467.07;4549230.00;0
971265.62;4549559.04;0
1072819.24;4556825.94;0
1123122.14;4561819.08;0
1005322.64;4553534.70;0
1124215.31;4562830.25;0
1192354.86;4569718.75;0
1149615.76;4566051.05;0
1191690.39;4570272.69;0
1057149.80;4559092.93;0
981981.51;4553792.14;0
553232.67;4538433.24;0
1150588.47;4567616.39;0
491462.59;4538889.89;0
1160656.90;4568744.31;0
1035746.65;4558567.21;0
1162013.06;4568956.78;0
986356.33;4555386.78;0
1046925.45;4559729.47;0
961416.97;4554107.50;0
973137.93;4555134.28;0
1035207.00;4559466.00;0
976859.65;4555598.84;0
1084715.65;4564207.74;0
1066262.88;4562810.64;0
1069208.47;4563039.43;0
970869.18;4556382.32;0
1089462.56;4565114.81;0
948773.77;4555183.86;0
961382.84;4556525.39;0
915307.56;4554601.95;0
961773.99;4557419.94;0
1071121.32;4565323.97;0
1071320.18;4566893.51;0
1035919.43;4564980.42;0
1049117.11;4566944.29;0
1095415.29;4570653.91;0
1095436.30;4571226.15;0
1115215.67;4572980.27;0
509507.54;4548204.74;0
961851.13;4563279.89;0
1008632.26;4566757.88;0
928951.93;4561808.62;0
1129256.88;4576384.78;0
1147444.04;4577979.23;0
1161421.44;4579493.61;0
1041179.61;4569647.18;0
950506.22;4563652.78;0
1140017.44;4577826.61;0
1087406.83;4573494.13;0
1041951.00;4570184.87;0
958991.85;4564738.95;0
1099885.12;4575394.76;0
937473.40;4564131.08;0
1031806.50;4570599.55;0
989240.90;4568099.13;0
1161707.93;4581749.88;0
1162056.46;4582297.14;0
1027028.08;4571380.51;0
1001416.30;4570008.88;0
1083969.47;4576584.12;0
984765.41;4569920.29;0
1036074.76;4573559.66;0
1010978.30;4572448.11;0
989961.90;4571182.85;0
1036701.75;4574678.24;0
1157736.36;4584616.96;0
1121865.30;4581705.54;0
1047458.54;4575959.72;0
989849.33;4571978.75;0
1024713.52;4574552.67;0
1026769.08;4575427.06;0
961965.39;4571462.09;0
949508.53;4572578.24;0
1143357.92;4587754.39;0
1066435.78;4581369.53;0
1067015.91;4581727.79;0
1015069.11;4577972.86;0
905849.26;4572052.98;0
1014736.56;4578976.54;0
1025729.44;4580232.41;0
939686.20;4574821.20;0
883682.06;4571875.59;0
1026289.57;4581233.45;0
1047191.76;4582867.44;0
952508.23;4576633.44;0
1035348.35;4582733.23;0
1035586.29;4583052.39;0
1022043.04;4582233.65;0
1095895.49;4587921.47;0
533543.01;4563760.91;0
943350.94;4577273.43;0
1103151.38;4589763.27;0
960957.99;4579640.18;0
1078842.48;4588285.29;0
1128108.88;4592386.87;0
958727.86;4580826.16;0
1026783.07;4585937.74;0
994238.49;4584585.33;0
1027885.04;4587358.15;0
879151.33;4578598.35;0
936580.58;4582225.69;0
901294.86;4580467.75;0
905152.10;4581383.90;0
917081.11;4582093.08;0
856547.04;4579958.45;0
837123.66;4579920.85;0
1009792.88;4590038.28;0
1045816.73;4592831.55;0
1017936.64;4590850.56;0
1045912.25;4593241.01;0
896345.16;4583537.74;0
1018444.73;4591869.60;0
1061044.27;4595046.57;0
946701.93;4589286.36;0
1103422.86;4601188.55;0
974291.05;4591688.12;0
961484.36;4591072.19;0
869793.63;4586311.09;0
941376.01;4591178.45;0
1027671.13;4596992.81;0
1016108.41;4596292.06;0
936221.70;4591256.12;0
1090994.12;4602622.23;0
1016341.10;4597157.34;0
988400.12;4595851.69;0
836832.69;4588165.20;0
932677.15;4594342.92;0
889545.59;4592358.64;0
1003633.30;4599900.02;0
903924.61;4594941.28;0
907120.82;4595388.04;0
908873.14;4595553.84;0
1017636.81;4602554.34;0
873174.98;4593967.58;0
1038186.67;4604426.82;0
962679.55;4600105.01;0
1011405.96;4603405.24;0
1004989.40;4603466.71;0
1066660.76;4608106.44;0
1038019.65;4606101.39;0
907943.43;4597607.19;0
1011684.20;4604340.56;0
850482.21;4595269.53;0
1018546.28;4605690.67;0
1048711.07;4608181.36;0
903989.42;4599479.52;0
803338.99;4595272.46;0
889869.10;4599727.69;0
1010212.04;4607329.04;0
938912.47;4602678.99;0
950999.09;4603514.09;0
818462.61;4597036.19;0
842426.88;4598378.17;0
826429.24;4598382.44;0
1041594.04;4611352.44;0
1006552.31;4608845.94;0
849640.14;4599681.39;0
962764.92;4606490.61;0
963191.27;4606774.56;0
966487.59;4607690.07;0
904125.43;4603932.68;0
999663.83;4609983.26;0
1005798.90;4610724.42;0
956544.82;4607487.81;0
909646.31;4604979.84;0
987519.54;4610232.99;0
838885.96;4601928.42;0
947244.18;4608052.69;0
1028620.73;4614096.41;0
993728.05;4612207.76;0
1021709.36;4614574.42;0
814682.85;4602711.63;0
867870.45;4605264.79;0
928848.69;4609296.61;0
963572.06;4612710.93;0
1010513.87;4616327.60;0
887839.24;4608941.35;0
972386.43;4614311.14;0
1012462.21;4617125.14;0
857071.29;4607871.97;0
877009.69;4609123.02;0
957688.14;4614163.08;0
1052336.26;4620976.11;0
997908.70;4617262.44;0
998844.63;4617550.66;0
803685.88;4607490.59;0
1042169.97;4621977.49;0
1073210.94;4625677.64;0
860782.23;4612265.70;0
996755.77;4620955.52;0
831088.41;4611726.68;0
818778.29;4611448.24;0
804167.41;4611315.59;0
953777.51;4619959.72;0
867404.89;4615351.67;0
1005736.23;4624117.60;0
937651.08;4619938.77;0
880261.37;4616767.43;0
794784.42;4612871.17;0
912473.96;4618914.75;0
989142.90;4624081.89;0
928417.25;4621153.63;0
897439.24;4619837.39;0
980553.39;4625542.72;0
859521.02;4618916.18;0
826185.96;4617567.37;0
805054.74;4617160.45;0
998180.35;4628667.53;0
873415.95;4621263.44;0
791555.57;4618578.97;0
904058.43;4624753.43;0
867081.32;4622973.90;0
949040.86;4628081.13;0
845566.64;4623417.46;0
1032240.14;4634874.51;0
814605.36;4622023.65;0
1023589.85;4634425.11;0
983717.55;4631737.38;0
931575.45;4629670.63;0
993231.26;4633660.13;0
803808.23;4623137.26;0
1078583.88;4640112.43;0
1052167.36;4638052.83;0
1061905.56;4638868.87;0
854653.95;4625787.89;0
1041108.64;4638099.83;0
1078753.66;4641222.32;0
1062183.08;4640131.73;0
921801.29;4630948.70;0
938445.97;4631950.69;0
779666.55;4624033.12;0
1027135.52;4638115.30;0
973837.24;4634422.82;0
884169.05;4629305.88;0
987257.66;4636006.89;0
773637.32;4625034.46;0
862711.48;4629298.44;0
1027972.62;4639696.45;0
973004.94;4636007.78;0
888912.43;4631088.52;0
947772.69;4635372.88;0
803916.64;4628237.16;0
914654.16;4634241.60;0
923634.51;4634958.44;0
796155.16;4628968.14;0
830694.93;4631084.38;0
769645.38;4629053.00;0
936716.20;4637419.42;0
781543.18;4629912.35;0
866222.88;4634343.69;0
973317.04;4640748.15;0
961113.90;4640405.49;0
852108.86;4634256.80;0
924157.69;4638511.89;0
990524.80;4643206.75;0
837643.62;4634637.38;0
1037383.87;4647181.86;0
1053169.83;4649084.78;0
946189.37;4641719.29;0
1011673.47;4646370.13;0
806354.64;4635105.60;0
898199.37;4639922.86;0
805070.10;4635362.05;0
784127.12;4634652.71;0
1084458.76;4653601.51;0
1084932.57;4653640.51;0
767484.77;4634720.90;0
1074765.95;4652922.58;0
876453.29;4639843.40;0
777403.41;4635311.13;0
1028335.30;4649688.13;0
1018471.12;4649185.34;0
790295.26;4636447.24;0
1075261.40;4654036.38;0
974350.42;4646797.56;0
818551.06;4638455.23;0
1046941.79;4652526.05;0
1064898.69;4653931.47;0
986794.14;4648285.74;0
789401.58;4637556.59;0
909432.46;4643635.31;0
822376.73;4639250.48;0
1047725.86;4653089.42;0
1065207.91;4654459.24;0
1069355.32;4655506.29;0
937423.61;4646282.20;0
801289.91;4639528.97;0
1027341.57;4652943.40;0
922126.15;4646037.82;0
765262.12;4638563.24;0
786476.91;4639540.64;0
932715.01;4646941.82;0
1008221.78;4652107.94;0
931350.80;4647583.59;0
852638.26;4643590.33;0
919789.69;4647359.67;0
959566.37;4650010.11;0
1095057.52;4660166.12;0
952811.90;4649899.88;0
794935.42;4641732.54;0
1025352.20;4655108.34;0
788693.99;4641877.07;0
808051.87;4642822.29;0
784270.40;4642110.53;0
1095650.43;4661670.68;0
1095694.65;4661741.54;0
787437.58;4642727.18;0
829661.19;4644592.16;0
940072.60;4650627.06;0
969126.31;4652487.04;0
788421.08;4642867.09;0
768731.59;4642240.72;0
779334.17;4642715.83;0
919853.28;4649949.35;0
859320.50;4646741.73;0
980166.66;4653972.90;0
790713.05;4643939.26;0
967538.41;4653810.36;0
879952.69;4648728.18;0
788792.36;4644572.90;0
905403.37;4650424.92;0
944106.97;4652740.48;0
1020677.44;4658170.63;0
787654.55;4645171.92;0
1011473.85;4657835.76;0
790627.32;4645426.32;0
1010709.81;4657903.52;0
801200.66;4646545.13;0
867163.56;4650026.81;0
991009.58;4657695.21;0
997921.33;4658177.32;0
904130.34;4652313.55;0
796320.69;4647196.55;0
840643.04;4649406.47;0
786380.28;4647100.38;0
973569.55;4657122.58;0
839022.28;4649573.79;0
803968.68;4648276.21;0
787715.23;4647777.22;0
1070753.11;4664934.29;0
899643.69;4653808.82;0
913469.33;4654601.30;0
784012.95;4648551.41;0
789568.42;4648775.78;0
962476.31;4657940.96;0
785068.05;4648749.41;0
798624.38;4649317.73;0
803601.52;4649673.45;0
865924.50;4652925.00;0
972915.19;4659310.54;0
950090.82;4657835.10;0
791164.46;4649552.96;0
1081857.57;4667740.31;0
943757.20;4658327.82;0
944081.73;4658861.13;0
754527.57;4649534.97;0
793942.02;4651269.31;0
885375.56;4655681.74;0
790143.12;4651580.15;0
782213.15;4651416.01;0
814884.72;4652824.41;0
789659.72;4652439.16;0
925731.96;4660934.16;0
926024.96;4661040.97;0
970401.51;4664041.43;0
789771.46;4654579.48;0
934904.70;4662194.24;0
869065.99;4658856.50;0
833188.52;4657144.54;0
897918.84;4660519.66;0
954280.09;4664181.36;0
756747.76;4654462.91;0
808720.40;4656692.49;0
997014.52;4667759.46;0
780513.11;4655986.62;0
844468.31;4658964.35;0
789202.32;4657136.92;0
746705.58;4655618.30;0
903080.53;4663296.66;0
918445.31;4664189.13;0
850195.27;4660692.65;0
886266.05;4663739.79;0
830957.75;4661347.32;0
929382.94;4666695.58;0
944562.28;4667634.39;0
944495.92;4667764.03;0
851873.64;4662668.64;0
832828.28;4661802.39;0
847928.83;4662718.39;0
954383.20;4668917.37;0
929065.33;4667545.89;0
867029.01;4664329.95;0
936191.35;4668974.70;0
913890.77;4667732.85;0
799408.26;4662011.15;0
752127.42;4660534.66;0
840067.30;4664673.64;0
882867.09;4666997.00;0
968977.03;4672828.29;0
811591.51;4664239.96;0
852994.33;4666320.77;0
906698.84;4669298.74;0
875427.55;4668134.73;0
822695.95;4665662.02;0
781421.84;4664420.28;0
897046.22;4670275.74;0
906977.73;4670941.87;0
930443.67;4672334.66;0
1019478.03;4678657.62;0
770339.62;4665411.12;0
971629.10;4676062.51;0
934942.79;4673993.28;0
730467.84;4664420.26;0
861718.78;4669958.08;0
904280.34;4672525.22;0
971355.17;4676802.96;0
762627.23;4666109.86;0
789827.61;4667173.99;0
831316.46;4669088.56;0
966062.36;4677176.08;0
904009.85;4674493.31;0
812056.67;4669846.40;0
778424.29;4668572.53;0
937558.33;4676675.21;0
943278.63;4677601.63;0
798301.64;4670341.67;0
915675.88;4676342.13;0
947673.23;4678738.41;0
944816.39;4678624.24;0
934868.26;4678025.06;0
841543.78;4673071.67;0
809100.87;4671696.87;0
757914.31;4669761.34;0
966538.71;4680644.09;0
834633.80;4673419.22;0
789867.92;4671836.63;0
914826.85;4678922.55;0
748664.87;4671319.36;0
872963.61;4677059.15;0
899146.02;4678628.74;0
914010.04;4679554.36;0
768296.23;4672528.55;0
928954.80;4680549.94;0
740315.61;4671619.04;0
812851.56;4675267.35;0
909194.61;4680364.90;0
802309.75;4674984.97;0
949021.31;4682850.66;0
954109.67;4683210.94;0
767962.31;4674128.41;0
898171.92;4680311.84;0
909349.48;4681265.51;0
957776.32;4684251.93;0
965349.69;4685809.26;0
930763.78;4684061.08;0
921203.15;4683671.09;0
729840.44;4675027.07;0
849515.33;4680087.02;0
954606.85;4686812.62;0
873312.21;4682045.18;0
886961.68;4682816.78;0
900720.59;4683587.84;0
786974.37;4679048.83;0
898162.46;4685013.58;0
925203.34;4686888.61;0
936399.83;4687575.67;0
944885.87;4688275.66;0
894618.50;4685582.40;0
924531.96;4687438.85;0
799439.39;4681359.74;0
825284.80;4683376.63;0
798534.96;4682211.32;0
814513.15;4682908.39;0
917091.89;4688965.85;0
775483.39;4682137.40;0
766123.32;4681843.39;0
875717.06;4686940.62;0
892590.33;4688231.91;0
876905.08;4687628.10;0
751699.47;4682234.85;0
885715.04;4688318.51;0
927933.67;4690767.16;0
903227.86;4689414.69;0
726018.67;4681795.35;0
803363.25;4684710.15;0
751220.76;4682684.72;0
809609.07;4685728.33;0
861821.12;4688905.53;0
912672.96;4691713.96;0
843028.64;4688139.49;0
738775.10;4683851.61;0
913536.45;4692232.99;0
793524.76;4687351.35;0
823154.42;4688687.25;0
948409.39;4695660.56;0
923583.79;4694215.46;0
911136.61;4693629.92;0
951537.81;4696341.23;0
853751.23;4691155.10;0
782707.55;4688075.07;0
911083.35;4694819.39;0
764227.74;4687854.99;0
948891.45;4697442.61;0
931543.93;4697511.20;0
933791.13;4699177.79;0
876997.73;4696054.19;0
828972.54;4693977.67;0
606451.84;4687696.35;0
893872.45;4698075.15;0
900717.68;4698519.68;0
864968.02;4696574.38;0
920860.71;4700093.07;0
916725.67;4700090.62;0
921219.25;4700594.03;0
907463.06;4700257.98;0
925728.17;4701658.76;0
944233.06;4702833.02;0
785079.63;4694678.13;0
713880.01;4692285.35;0
657104.40;4691526.10;0
829888.18;4698339.09;0
889370.74;4701421.86;0
900621.65;4702213.94;0
851011.94;4700069.24;0
907421.93;4703231.37;0
710648.42;4694743.79;0
918337.65;4704244.59;0
926847.47;4704860.01;0
729939.57;4695629.11;0
803878.23;4698695.94;0
741169.37;4696752.19;0
678589.77;4695007.84;0
825411.38;4700355.35;0
678592.05;4695241.24;0
768673.85;4699734.61;0
716549.12;4697947.33;0
818713.30;4701949.72;0
696892.58;4697755.04;0
696484.64;4697910.27;0
766428.01;4700482.73;0
755526.69;4700442.44;0
736466.84;4699804.63;0
914874.95;4708407.58;0
793118.28;4702319.47;0
871829.43;4706458.94;0
835674.06;4704881.78;0
934251.82;4710356.95;0
924859.54;4709945.35;0
922355.19;4709971.53;0
855262.08;4706597.76;0
931775.05;4711262.38;0
896522.41;4709345.72;0
822741.14;4705640.63;0
904361.08;4710553.93;0
780439.36;4704824.33;0
903375.98;4710886.90;0
874951.98;4709321.75;0
846129.00;4707964.52;0
905240.18;4711619.20;0
931232.27;4713224.72;0
833457.51;4708115.02;0
828388.13;4708286.20;0
921764.59;4713313.77;0
726085.46;4705197.17;0
782486.88;4707565.55;0
927152.75;4715114.02;0
887663.78;4713983.71;0
879739.01;4713981.28;0
883849.63;4714206.80;0
818791.67;4712314.73;0
922690.87;4718041.30;0
812114.72;4712268.10;0
894357.58;4716666.41;0
883489.14;4717005.58;0
871771.87;4716959.58;0
915165.59;4719728.16;0
770429.88;4712893.21;0
848465.83;4717122.10;0
686820.48;4710958.24;0
921325.72;4721369.93;0
836904.03;4716785.94;0
809997.63;4715979.32;0
740935.96;4713510.73;0
899731.83;4720862.59;0
748157.94;4713920.30;0
861963.77;4718914.46;0
876812.46;4720205.26;0
692978.04;4713004.38;0
691925.12;4713041.93;0
867756.28;4720588.65;0
790960.74;4717248.22;0
726973.91;4715053.37;0
880371.38;4722159.45;0
732730.73;4715699.51;0
780596.70;4717467.22;0
683855.27;4714301.95;0
856405.47;4721143.87;0
799754.98;4718578.90;0
916485.06;4725224.93;0
809268.98;4719774.95;0
824883.73;4721011.12;0
910345.31;4725661.55;0
891848.24;4724747.87;0
905599.16;4725538.39;0
880743.91;4724976.17;0
913614.23;4726937.03;0
709244.57;4717865.11;0
758574.01;4719548.80;0
709012.12;4717947.03;0
841682.86;4723921.95;0
710530.47;4719071.06;0
706675.21;4719744.41;0
912694.81;4729234.28;0
790695.55;4723578.59;0
895390.16;4728782.26;0
790511.34;4723659.87;0
891259.33;4728614.59;0
891342.69;4728741.87;0
690752.99;4720711.18;0
685035.35;4720578.61;0
883729.44;4728750.50;0
685148.11;4720659.41;0
690837.72;4720913.55;0
903587.60;4730090.90;0
901535.58;4730840.91;0
903680.87;4731032.54;0
908248.60;4731322.69;0
754501.37;4724157.89;0
852252.80;4728826.95;0
717721.55;4723894.90;0
870854.84;4730555.59;0
698830.01;4723883.15;0
698920.75;4724152.49;0
823811.54;4729342.37;0
809437.72;4728707.36;0
877422.77;4732135.99;0
743709.07;4726794.58;0
886765.35;4733476.42;0
665310.94;4725158.57;0
665380.20;4725349.12;0
909405.94;4736106.06;0
799535.82;4730875.69;0
869133.55;4734607.19;0
898135.86;4736283.60;0
907603.56;4736958.12;0
781694.14;4730927.39;0
774375.59;4731067.12;0
708469.13;4729168.15;0
691915.40;4729122.83;0
708679.45;4729808.06;0
690958.25;4729640.92;0
899450.10;4739011.87;0
723947.31;4731130.22;0
675635.46;4730368.54;0
675728.67;4730570.93;0
787163.65;4734423.03;0
767382.26;4733651.79;0
715516.28;4732507.60;0
754453.55;4734164.70;0
830181.35;4737402.12;0
704041.30;4732770.80;0
701766.01;4733226.41;0
757343.22;4735183.63;0
756832.25;4735253.58;0
884203.52;4741678.78;0
712646.15;4734408.47;0
891567.09;4742493.95;0
860813.11;4741273.59;0
847019.42;4740688.52;0
800535.67;4739787.42;0
843369.87;4741786.39;0
815235.97;4740632.58;0
806036.06;4740585.59;0
880260.06;4744524.10;0
675323.17;4736861.24;0
677306.71;4737100.81;0
733799.60;4738783.11;0
764662.16;4739986.83;0
664935.89;4737094.22;0
860829.97;4744715.94;0
665029.56;4737285.35;0
748707.07;4740260.62;0
881961.63;4746411.96;0
597481.72;4736678.66;0
788372.42;4742016.43;0
905212.32;4747974.64;0
778634.39;4741860.79;0
851479.90;4745290.66;0
885013.69;4747172.40;0
603899.28;4737605.26;0
705013.19;4740335.57;0
677953.00;4739662.20;0
705491.16;4740505.41;0
794077.14;4743748.32;0
835384.93;4745690.85;0
678037.82;4739864.41;0
755155.63;4742453.44;0
696828.89;4741119.69;0
696894.32;4741121.55;0
889266.18;4749339.18;0
698394.04;4741342.37;0
828380.94;4746934.15;0
688409.92;4741906.97;0
688145.83;4741988.66;0
844473.54;4748923.03;0
801603.10;4747623.30;0
893881.84;4752287.48;0
893560.31;4752458.52;0
807342.12;4748622.77;0
769777.57;4748315.88;0
709270.67;4747066.14;0
750480.99;4748698.52;0
870858.64;4754304.75;0
870905.28;4754351.83;0
880159.58;4755102.75;0
708905.96;4748033.24;0
890248.03;4756470.78;0
790751.34;4752441.29;0
677096.82;4748763.56;0
843551.59;4755557.71;0
761494.92;4752166.91;0
717358.46;4751274.34;0
717859.90;4751445.85;0
717442.68;4751454.87;0
840279.89;4756797.73;0
821021.67;4756382.25;0
707621.27;4752118.26;0
657455.22;4750974.83;0
655215.42;4751035.00;0
746735.64;4753878.61;0
853230.02;4758955.34;0
708169.50;4753446.50;0
837909.77;4758707.01;0
859853.17;4759912.14;0
708253.25;4753649.12;0
842048.77;4759747.21;0
834574.59;4760970.60;0
669759.29;4755279.14;0
778028.82;4758845.36;0
742339.52;4757513.92;0
644134.91;4755093.32;0
899061.22;4765213.67;0
685701.43;4756736.59;0
747102.57;4758673.53;0
686465.71;4756857.34;0
768354.17;4759805.92;0
838062.44;4763079.02;0
796951.85;4761218.71;0
723046.37;4758894.11;0
670258.55;4757536.17;0
801247.59;4762062.72;0
731214.75;4759353.68;0
699069.11;4758434.08;0
732785.90;4759506.91;0
872768.35;4766060.67;0
713504.50;4759790.97;0
722585.94;4760246.59;0
713596.85;4759971.71;0
866279.95;4766668.42;0
719603.32;4760828.53;0
884365.75;4768239.70;0
897124.11;4769804.31;0
854911.55;4767584.15;0
663152.90;4760796.99;0
661414.30;4760833.60;0
692359.87;4761854.76;0
692856.62;4761890.95;0
825733.13;4766945.67;0
845686.55;4768748.77;0
890183.99;4771254.71;0
633836.38;4761606.04;0
634047.46;4761654.60;0
697877.83;4763212.33;0
792235.32;4766768.46;0
845802.75;4770491.78;0
779261.82;4767695.14;0
747133.33;4766648.00;0
766818.48;4767754.57;0
654067.79;4764653.34;0
631580.71;4764406.34;0
652036.99;4765052.36;0
710406.22;4767087.45;0
878633.20;4774382.17;0
668278.92;4766010.31;0
710457.44;4767278.00;0
819252.19;4771849.52;0
668228.30;4766742.47;0
710851.41;4767990.47;0
838662.69;4773251.91;0
798064.92;4772439.12;0
703601.94;4769093.52;0
703654.32;4769250.70;0
653471.50;4767973.24;0
745332.91;4770653.25;0
749243.99;4770983.86;0
703016.91;4769576.32;0
702952.97;4769807.84;0
626777.84;4768015.04;0
788513.05;4773875.93;0
689214.39;4770547.30;0
646646.96;4769678.93;0
676506.57;4770385.00;0
637241.91;4769494.70;0
721963.69;4771866.46;0
637343.75;4769696.72;0
721945.24;4771932.57;0
689388.13;4771041.14;0
640320.00;4769946.05;0
801231.67;4775215.46;0
647803.66;4770437.15;0
675123.08;4771271.77;0
832827.23;4777184.58;0
848639.18;4778798.63;0
731528.59;4774196.54;0
731768.65;4774326.99;0
866223.70;4780366.72;0
826033.05;4778459.49;0
731693.95;4774847.04;0
665257.12;4772970.56;0
698489.24;4773900.49;0
698551.12;4774013.44;0
698581.10;4774103.23;0
625153.53;4773073.07;0
665987.11;4774432.85;0
858057.67;4781959.91;0
774463.68;4778191.36;0
874289.91;4783066.61;0
759199.20;4777749.62;0
779637.55;4778646.40;0
727382.38;4777314.81;0
808040.39;4780549.91;0
774815.79;4779162.26;0
654889.66;4775505.29;0
755292.22;4778714.39;0
755681.51;4778762.35;0
821677.74;4781881.53;0
656373.45;4776116.93;0
656450.98;4776285.38;0
633463.02;4776118.98;0
768885.55;4780127.05;0
747395.46;4779446.29;0
779474.10;4780842.48;0
677217.53;4778771.61;0
660641.52;4778760.73;0
790001.83;4783174.15;0
650773.60;4778690.81;0
651541.45;4778918.95;0
830736.95;4785265.79;0
685065.71;4780180.55;0
715558.99;4781077.43;0
758250.63;4782562.93;0
647039.72;4779798.07;0
715524.45;4781654.43;0
883392.55;4789300.51;0
822918.30;4786326.23;0
858104.55;4788199.71;0
740138.25;4783134.25;0
651798.23;4781269.12;0
706840.88;4783519.40;0
730842.74;4784569.41;0
797534.22;4787193.73;0
771397.07;4786411.65;0
823004.93;4788790.52;0
738394.03;4785519.30;0
738246.96;4785536.38;0
755403.84;4786159.15;0
639589.22;4782952.19;0
646152.25;4783245.52;0
632269.39;4783105.95;0
792312.44;4788180.07;0
632354.89;4783307.59;0
668688.04;4784389.21;0
817012.65;4789944.26;0
641377.33;4784933.42;0
727852.34;4787359.43;0
668794.75;4785658.70;0
727668.76;4787497.82;0
652859.97;4785415.16;0
677170.14;4786527.46;0
849033.77;4793207.16;0
741755.80;4789152.00;0
661441.76;4786869.15;0
629595.95;4786887.34;0
647893.50;4787294.19;0
629681.69;4787077.84;0
699493.03;4789391.33;0
840219.25;4795020.02;0
887616.06;4797909.19;0
807107.00;4794697.88;0
696289.65;4790831.90;0
752882.11;4793116.10;0
820188.99;4796672.10;0
657867.41;4790996.55;0
637400.80;4791062.54;0
696914.23;4792550.64;0
774574.08;4795416.75;0
798842.74;4796498.76;0
629587.24;4791175.52;0
872645.90;4800211.55;0
629672.92;4791366.02;0
718839.56;4793700.51;0
658903.77;4792176.37;0
743236.49;4795265.59;0
681301.02;4793482.51;0
742745.72;4795581.62;0
681024.43;4794108.61;0
646712.50;4793812.94;0
646655.46;4793822.82;0
786535.78;4798682.27;0
668104.92;4795454.09;0
675882.90;4795729.24;0
858555.22;4802948.51;0
676065.16;4795900.67;0
883684.36;4804884.14;0
777404.32;4800560.59;0
656383.85;4796862.56;0
653682.79;4796811.87;0
729178.21;4799145.60;0
810228.68;4802575.48;0
771624.87;4801038.19;0
839754.28;4804606.40;0
726790.42;4800132.61;0
799708.67;4803024.99;0
726873.66;4800313.30;0
635470.33;4798267.60;0
632373.27;4798606.32;0
858940.51;4806878.65;0
707243.15;4800695.45;0
707493.13;4800747.58;0
816597.14;4805096.78;0
650703.14;4799800.58;0
721873.41;4802282.26;0
722367.54;4802309.60;0
737495.73;4803246.43;0
736492.47;4803389.19;0
789097.56;4805689.93;0
756136.24;4804449.56;0
623408.19;4800992.21;0
623468.97;4801215.51;0
667102.08;4802863.72;0
762074.99;4806000.86;0
839795.08;4809775.28;0
647196.73;4802901.22;0
674516.26;4803706.68;0
852004.57;4810623.62;0
661346.12;4803501.82;0
674396.80;4803936.99;0
629942.68;4803114.33;0
696325.31;4804727.24;0
830619.95;4810010.06;0
629690.01;4803187.25;0
696416.41;4804941.08;0
734232.39;4806546.38;0
735694.20;4806730.67;0
802201.91;4809412.78;0
872161.90;4813866.48;0
641249.67;4805463.21;0
827448.06;4812104.40;0
619120.02;4806481.14;0
651004.24;4807740.91;0
822380.38;4813830.80;0
796352.90;4812647.81;0
650866.24;4808115.62;0
859338.47;4816044.95;0
635342.58;4807886.61;0
627422.96;4807788.08;0
703836.37;4810052.02;0
703841.78;4810141.12;0
741255.30;4812053.65;0
648915.67;4809505.70;0
648976.27;4809695.93;0
812250.65;4815435.57;0
572421.83;4808740.19;0
772194.21;4813910.19;0
572500.63;4808940.96;0
780217.59;4814795.27;0
816083.08;4816582.70;0
639698.49;4810719.69;0
713835.09;4812673.94;0
852237.10;4818610.43;0
873970.62;4819782.64;0
689954.18;4812125.63;0
714460.40;4812882.80;0
867352.19;4819663.31;0
658085.31;4811881.15;0
658157.10;4811927.28;0
639643.59;4811807.42;0
860109.33;4820307.92;0
704640.36;4814000.51;0
667887.59;4813007.11;0
704869.61;4814185.35;0
662911.07;4813229.51;0
648153.69;4813222.38;0
672027.37;4813867.20;0
695983.26;4814543.55;0
762076.21;4816824.05;0
672111.83;4814047.17;0
665154.46;4814517.63;0
794567.95;4819324.46;0
672416.38;4815433.03;0
801497.18;4820076.51;0
665198.20;4815374.39;0
672283.55;4815563.00;0
734031.07;4817481.40;0
626654.18;4814650.66;0
685171.66;4816093.93;0
871687.07;4824079.40;0
855022.94;4823189.88;0
798681.92;4820685.46;0
692334.85;4816972.73;0
609074.72;4815153.87;0
665440.57;4816380.51;0
734273.62;4818423.92;0
692467.24;4817721.25;0
751179.68;4820045.79;0
864095.43;4825535.51;0
833667.77;4824390.05;0
755636.90;4821025.66;0
818370.17;4823792.70;0
719915.14;4820752.44;0
761320.38;4822512.20;0
680801.64;4820276.45;0
787307.69;4824029.00;0
681387.83;4820436.72;0
792821.94;4824612.02;0
771333.97;4823776.69;0
613532.82;4819815.90;0
630951.47;4820432.40;0
720981.26;4823033.34;0
721584.10;4823397.87;0
655858.25;4821685.80;0
627612.47;4821290.37;0
841891.59;4828779.08;0
721685.51;4823757.01;0
623570.44;4821314.86;0
721833.18;4823939.79;0
827847.20;4828390.12;0
645177.33;4822113.37;0
680346.04;4823087.27;0
655231.68;4822560.28;0
661242.41;4822724.02;0
661326.75;4822914.96;0
707393.30;4824267.87;0
633335.83;4822501.37;0
690389.75;4823920.10;0
853995.39;4830676.45;0
641077.63;4822948.30;0
664473.03;4823513.53;0
605069.17;4822488.67;0
794454.88;4828188.86;0
690863.96;4824589.37;0
781731.45;4827809.60;0
690481.44;4824678.55;0
747100.70;4827468.67;0
605290.99;4823802.99;0
750251.52;4827785.62;0
777136.39;4829142.55;0
645418.48;4825163.12;0
645556.87;4825488.36;0
719987.92;4827670.54;0
810517.20;4831339.46;0
720070.92;4827851.16;0
674743.08;4826806.89;0
865385.62;4834752.06;0
734754.89;4829438.63;0
636214.80;4826803.44;0
825395.27;4833347.69;0
618493.45;4826867.19;0
705324.25;4828984.61;0
618516.88;4826912.04;0
783869.50;4832172.45;0
674188.78;4828548.49;0
746039.03;4830832.93;0
624616.30;4827678.00;0
710336.13;4829973.72;0
624685.23;4827879.26;0
703238.87;4829799.33;0
636050.75;4828122.30;0
710624.01;4830327.40;0
680407.76;4829513.10;0
609213.50;4828509.22;0
608949.27;4828871.53;0
658937.59;4829925.64;0
819143.86;4835796.81;0
624318.20;4829383.43;0
863908.99;4838671.15;0
696226.88;4831691.44;0
859183.30;4838493.79;0
686022.31;4831544.94;0
695946.33;4831894.44;0
727054.42;4833154.32;0
672352.40;4831790.75;0
727241.47;4833594.33;0
714144.30;4833196.18;0
673605.43;4832045.37;0
664441.76;4832369.90;0
664525.88;4832560.89;0
803320.68;4837632.43;0
797333.57;4837374.85;0
852820.00;4840215.90;0
649312.86;4832793.55;0
649384.23;4832850.70;0
611847.47;4832652.24;0
612272.76;4832792.66;0
614010.52;4833088.63;0
850156.53;4841947.12;0
682663.20;4835376.08;0
682684.97;4835465.60;0
640761.88;4834519.59;0
705958.71;4836207.99;0
668809.52;4835245.80;0
706147.48;4836369.44;0
627924.83;4834573.14;0
628134.50;4834577.15;0
786531.42;4839707.78;0
693325.47;4836509.22;0
826357.45;4842323.87;0
835910.22;4843019.99;0
686707.92;4837366.16;0
823753.29;4842687.07;0
631596.27;4836177.57;0
664619.95;4836941.81;0
631699.11;4836279.59;0
775026.36;4840715.57;0
664614.48;4837163.95;0
640821.86;4836654.23;0
745395.01;4839795.77;0
750071.25;4839969.05;0
749968.44;4840343.37;0
750085.21;4840458.97;0
652631.92;4838024.43;0
652716.54;4838204.16;0
603111.67;4837322.05;0
628242.98;4837756.83;0
647588.45;4838155.71;0
603311.98;4837402.90;0
628957.37;4837926.11;0
721835.61;4840462.57;0
806246.83;4843820.80;0
721960.89;4840577.92;0
627686.38;4838190.60;0
687893.68;4839678.02;0
648405.63;4838762.72;0
687985.72;4839847.34;0
752661.81;4842135.32;0
698016.25;4840548.26;0
654968.12;4839533.89;0
698020.69;4840670.67;0
655060.71;4839713.84;0
687602.76;4840559.09;0
803704.98;4844828.89;0
687693.85;4840761.72;0
684885.70;4840816.83;0
838983.05;4847462.66;0
736264.15;4843692.79;0
736113.82;4844065.58;0
612418.41;4840927.28;0
727899.72;4843902.47;0
728090.80;4843975.71;0
613866.67;4841062.89;0
613557.70;4841224.28;0
664112.28;4842830.50;0
793029.46;4847768.35;0
656831.61;4843277.88;0
687992.35;4844482.70;0
705565.47;4845312.07;0
706029.17;4845437.55;0
724076.01;4846319.40;0
724157.88;4846522.30;0
649428.97;4844563.82;0
819722.05;4850575.52;0
711097.07;4846552.09;0
711409.02;4846628.68;0
652565.74;4845157.07;0
625188.89;4844965.18;0
625257.60;4845166.46;0
835898.48;4852718.68;0
763906.80;4849678.65;0
625497.38;4845693.16;0
676630.71;4847406.73;0
770323.59;4850736.86;0
701532.06;4848335.16;0
676677.65;4847763.64;0
819451.42;4853356.95;0
665057.59;4848277.18;0
664944.08;4848307.71;0
665030.97;4848376.54;0
611368.13;4847364.37;0
682259.03;4848992.02;0
695158.18;4849457.27;0
611461.74;4847543.69;0
682350.75;4849172.37;0
695098.91;4849555.59;0
668785.17;4848970.66;0
668526.78;4848997.46;0
633426.54;4848313.65;0
675710.33;4849316.33;0
748934.53;4851816.61;0
671805.04;4849603.52;0
681598.97;4849863.21;0
627896.68;4848671.93;0
657720.50;4849310.89;0
633527.87;4848882.35;0
627981.58;4848862.44;0
681946.39;4850117.22;0
708413.11;4850925.92;0
612659.03;4848630.34;0
768904.63;4853127.02;0
602069.91;4848504.02;0
602278.45;4848551.65;0
798402.73;4854484.07;0
708116.19;4851405.82;0
657741.54;4850122.63;0
388411.71;4849436.97;0
752067.40;4853580.65;0
731458.25;4852921.20;0
622476.35;4850125.60;0
388969.04;4850038.69;0
622569.63;4850305.08;0
791226.96;4855579.58;0
731543.60;4853246.66;0
694206.99;4852241.92;0
680665.75;4851905.23;0
621469.79;4850596.03;0
681181.42;4852186.00;0
718089.72;4853337.17;0
632675.81;4851243.10;0
767172.41;4855315.69;0
717478.07;4853817.51;0
782614.35;4856810.54;0
726409.80;4854749.19;0
726591.39;4854855.45;0
674544.00;4854176.04;0
613817.35;4852916.20;0
646933.22;4853609.21;0
674436.83;4854273.26;0
763389.09;4857256.29;0
613725.86;4853092.40;0
402476.81;4853093.05;0
647388.83;4854108.22;0
619629.34;4853595.83;0
825951.41;4860842.47;0
395433.07;4853744.48;0
605260.08;4853930.56;0
618259.12;4854204.63;0
717189.99;4856721.25;0
382952.42;4854330.30;0
685900.02;4855906.39;0
717272.27;4856912.96;0
717344.27;4856926.43;0
605174.23;4854273.60;0
714728.18;4857430.72;0
671385.64;4856194.54;0
654188.22;4855806.96;0
685897.74;4856851.16;0
813185.73;4861675.65;0
621645.14;4855532.25;0
713666.23;4857919.08;0
621530.97;4855619.04;0
633040.40;4855950.39;0
788760.80;4860947.26;0
653421.32;4856622.69;0
389235.56;4855889.08;0
693210.21;4858004.52;0
683056.46;4857772.71;0
682983.50;4857792.93;0
692359.13;4858224.39;0
804450.76;4862582.94;0
413970.76;4856255.79;0
634780.26;4857796.57;0
673262.61;4858877.30;0
645021.55;4858256.58;0
673271.15;4859166.50;0
615248.35;4858073.66;0
601482.31;4858004.55;0
601279.22;4858145.87;0
614983.52;4858513.48;0
780953.17;4863694.71;0
599737.63;4858578.04;0
383163.55;4859015.08;0
610862.69;4858943.16;0
611003.01;4859112.40;0
648488.88;4859966.67;0
696716.58;4861308.99;0
421071.27;4859166.82;0
401581.59;4859438.45;0
668701.14;4860849.38;0
660754.84;4860685.62;0
668784.72;4861040.44;0
619329.54;4859989.99;0
660947.34;4861034.80;0
783568.19;4865230.29;0
668716.91;4861494.40;0
668659.83;4861526.29;0
702928.36;4862507.62;0
618981.78;4860561.49;0
703157.24;4862648.03;0
387772.24;4860646.47;0
622911.29;4860988.59;0
810888.24;4867200.50;0
642352.03;4861643.57;0
756433.65;4865293.94;0
599825.96;4861256.70;0
600117.27;4861649.91;0
733141.58;4865546.48;0
398362.29;4862253.23;0
415886.42;4862152.08;0
627985.62;4862862.20;0
813056.28;4869195.04;0
667351.96;4863982.74;0
682769.67;4864389.60;0
683584.13;4864578.82;0
667435.24;4864184.89;0
620678.61;4863580.83;0
610613.09;4863794.02;0
395271.07;4863856.69;0
604001.63;4863931.52;0
425235.05;4863595.16;0
610061.98;4864095.94;0
652097.89;4865237.97;0
670843.12;4865705.54;0
737594.48;4867839.86;0
651997.73;4865402.37;0
798094.70;4870842.39;0
621723.14;4865310.94;0
628111.45;4865497.94;0
793934.51;4870879.01;0
407131.97;4865024.00;0
419874.09;4865146.37;0
629564.13;4865948.38;0
602901.36;4865491.92;0
614482.08;4865681.95;0
602864.95;4865769.09;0
388373.75;4866302.42;0
620738.98;4866881.76;0
677722.46;4868309.44;0
659924.06;4868133.78;0
747130.48;4870813.62;0
710147.60;4869658.98;0
677956.32;4868871.47;0
614024.19;4867562.80;0
783847.89;4872786.98;0
614237.59;4867755.34;0
691339.25;4869589.15;0
646362.33;4868542.64;0
646510.11;4868757.04;0
800066.93;4874181.57;0
691820.34;4870170.01;0
666150.22;4869609.56;0
394584.09;4868622.53;0
666102.86;4869897.34;0
672293.31;4870177.77;0
703821.98;4871095.59;0
693109.68;4870841.13;0
672384.96;4870357.99;0
672335.67;4870401.17;0
686855.04;4870839.50;0
775113.03;4874064.84;0
703865.48;4871508.29;0
607624.54;4869299.78;0
641040.07;4870049.55;0
637765.99;4870036.19;0
607252.47;4869482.61;0
637221.85;4870347.13;0
640902.27;4870491.10;0
595118.02;4869686.08;0
416123.20;4870058.41;0
773180.24;4875331.04;0
686090.23;4872340.84;0
428188.73;4870149.60;0
624515.07;4870995.98;0
678908.54;4872265.04;0
409191.77;4870616.57;0
395806.64;4870836.21;0
606144.79;4871009.03;0
679507.54;4872670.30;0
691638.49;4873121.73;0
605514.81;4871276.71;0
691745.93;4873291.59;0
624533.77;4871707.43;0
657576.81;4872967.41;0
614683.34;4872140.49;0
657334.93;4873017.22;0
600467.59;4871920.31;0
597057.87;4871991.63;0
736334.08;4875668.81;0
400848.85;4872202.89;0
648867.64;4873154.65;0
787157.86;4877837.48;0
609400.13;4872561.88;0
614908.47;4873033.22;0
624941.70;4873470.65;0
603078.67;4873182.52;0
713827.82;4875836.57;0
644852.13;4874087.85;0
625288.99;4873766.10;0
602016.64;4873410.47;0
433488.28;4873093.31;0
422738.30;4873243.67;0
682323.66;4875326.12;0
682154.08;4875365.91;0
606123.42;4873841.70;0
695329.37;4875886.62;0
644704.66;4874595.79;0
596477.87;4873816.19;0
605832.52;4873981.47;0
652203.83;4875297.58;0
599555.43;4874972.75;0
623125.04;4875414.32;0
623292.53;4875461.89;0
687410.63;4877013.53;0
666939.98;4876486.88;0
666769.98;4876549.27;0
687085.00;4877182.16;0
662396.74;4876651.51;0
609390.06;4875594.75;0
598538.43;4875435.22;0
602328.98;4876026.07;0
609107.85;4876178.92;0
594490.47;4875987.14;0
724912.28;4879140.20;0
593984.19;4876079.91;0
697832.87;4878562.52;0
628219.20;4876922.29;0
744032.65;4880275.23;0
628311.70;4877112.98;0
780560.75;4881849.34;0
672302.50;4878447.34;0
646057.68;4877970.41;0
599939.12;4877167.12;0
600082.33;4877235.94;0
738992.92;4880958.37;0
646899.59;4878322.46;0
403411.74;4877441.88;0
637842.55;4878293.91;0
676224.87;4879295.56;0
397622.93;4877773.60;0
585011.56;4877635.88;0
589151.82;4877812.64;0
691492.06;4880109.81;0
589005.38;4877977.30;0
436860.49;4877792.21;0
684692.87;4880116.16;0
413141.12;4878139.76;0
676071.78;4879925.04;0
581319.46;4878144.85;0
567042.27;4878184.52;0
625979.94;4879168.12;0
643601.70;4879583.42;0
652677.48;4879787.08;0
684515.57;4880722.58;0
643333.26;4879766.50;0
616450.66;4879270.95;0
669941.38;4880464.59;0
601208.18;4879075.08;0
784085.53;4884448.38;0
594134.10;4879059.33;0
596825.41;4879098.24;0
692142.30;4881184.80;0
423292.81;4878869.21;0
596800.24;4879175.64;0
593651.30;4879208.00;0
670222.01;4880771.92;0
600971.30;4879371.41;0
684037.96;4881176.11;0
786314.94;4884856.41;0
625653.16;4879917.45;0
409293.88;4879791.28;0
577953.01;4879626.15;0
586714.76;4879735.39;0
615656.94;4880212.51;0
616921.37;4880290.34;0
586312.57;4879863.43;0
420340.19;4879815.14;0
668032.50;4881771.68;0
616818.38;4880677.38;0
775347.07;4885401.79;0
434383.20;4880038.02;0
398427.16;4880560.81;0
667743.45;4882108.87;0
575228.62;4880416.59;0
779710.89;4885986.13;0
643757.20;4881642.61;0
730129.80;4884135.36;0
580877.31;4880883.28;0
643549.99;4881960.36;0
430756.80;4880963.80;0
682700.71;4883439.93;0
432682.72;4881354.84;0
663080.96;4883036.68;0
696291.60;4883997.28;0
600051.35;4881923.74;0
409875.82;4881927.37;0
590456.67;4881996.31;0
682444.83;4883999.75;0
756895.38;4886703.75;0
594498.92;4882675.09;0
616383.06;4883102.92;0
588412.22;4882779.57;0
762252.55;4887493.35;0
593795.17;4883176.08;0
564897.11;4882884.06;0
564872.88;4882906.04;0
689936.80;4885667.61;0
640292.16;4884468.31;0
640256.60;4884634.24;0
607060.11;4884311.31;0
574555.83;4883963.68;0
580677.90;4884091.27;0
558889.84;4884138.46;0
566364.03;4884287.18;0
603263.73;4884928.46;0
622852.75;4885298.03;0
674119.34;4886464.46;0
577345.37;4884995.58;0
635231.00;4886040.44;0
588423.16;4885545.89;0
703977.83;4888121.94;0
409464.32;4885776.81;0
628874.74;4886446.40;0
644842.90;4886922.61;0
724768.51;4889232.60;0
690619.74;4888366.46;0
419793.22;4886198.21;0
639316.00;4887459.02;0
643315.63;4887578.18;0
398414.67;4887015.80;0
580109.27;4886750.45;0
701108.64;4889490.12;0
569594.90;4886819.87;0
642641.71;4888019.17;0
596303.21;4887422.74;0
429597.33;4887107.93;0
563303.66;4887089.68;0
639538.37;4888297.15;0
651583.10;4888685.70;0
595850.38;4887749.42;0
572568.52;4887796.17;0
699965.88;4890467.01;0
633836.82;4888856.61;0
633980.57;4888870.65;0
759290.70;4892660.41;0
638975.63;4889174.23;0
639051.63;4889364.74;0
433171.21;4888448.06;0
441091.46;4888616.65;0
433263.48;4888869.24;0
551282.55;4888740.23;0
715327.75;4892063.80;0
750948.19;4893582.63;0
389645.45;4889968.02;0
561154.41;4889368.77;0
658209.05;4891075.48;0
582710.16;4889904.20;0
610929.76;4890708.42;0
387407.26;4890994.82;0
621659.23;4891398.08;0
621787.15;4891400.44;0
437718.75;4890580.59;0
771256.27;4896080.59;0
761435.12;4895749.15;0
367318.25;4891980.99;0
592021.57;4891494.24;0
735875.10;4895193.32;0
596671.56;4891760.90;0
548592.46;4891285.75;0
618811.14;4892768.22;0
423696.27;4892228.24;0
645411.62;4893425.00;0
549537.52;4892125.88;0
618632.43;4893809.42;0
767638.01;4898591.34;0
557224.50;4893410.12;0
634477.43;4894703.46;0
603334.10;4894206.41;0
398838.95;4894297.36;0
450439.92;4893715.73;0
635870.93;4894976.59;0
379365.90;4894748.67;0
561694.54;4894028.16;0
618797.78;4894834.62;0
444304.86;4894042.67;0
618881.86;4895047.25;0
567924.33;4894411.70;0
608660.40;4895025.59;0
627083.85;4895445.23;0
608737.55;4895193.52;0
657980.64;4896249.03;0
443616.70;4894870.55;0
352029.49;4896819.51;0
362265.28;4896652.15;0
616590.55;4896239.50;0
619007.93;4896471.74;0
615699.61;4896457.07;0
589264.29;4896099.96;0
415750.63;4896058.07;0
543245.38;4895935.93;0
694493.79;4898707.61;0
700244.73;4898913.93;0
753295.28;4900836.67;0
720172.30;4900163.96;0
406848.90;4897167.24;0
743063.78;4901039.06;0
709479.63;4899958.34;0
571970.44;4897120.83;0
685813.91;4899445.48;0
713568.02;4900379.28;0
371735.40;4898226.87;0
641604.05;4898653.68;0
577291.99;4897703.41;0
677669.91;4899686.75;0
680316.71;4899936.82;0
585403.53;4898048.30;0
557224.42;4898008.90;0
758358.11;4902914.29;0
436385.19;4898180.37;0
436393.17;4898180.29;0
392846.94;4898892.16;0
429662.99;4898449.05;0
606509.04;4899045.63;0
429760.25;4898581.31;0
621173.15;4899533.58;0
607106.53;4899633.09;0
580193.90;4899482.32;0
435870.07;4899407.32;0
435870.83;4899485.07;0
549162.85;4899465.42;0
694389.40;4902228.72;0
592036.34;4900137.65;0
617198.28;4900694.70;0
706712.20;4903028.26;0
577190.07;4900257.26;0
567146.21;4900169.02;0
577445.16;4900293.59;0
577516.48;4900338.87;0
577275.66;4900447.12;0
604800.07;4901017.97;0
604627.46;4901326.30;0
456114.00;4900850.95;0
404740.84;4901641.44;0
633785.88;4902345.55;0
685918.47;4903650.49;0
344428.21;4902919.04;0
611697.02;4902020.87;0
662584.37;4903085.56;0
738985.40;4905616.25;0
381815.09;4902448.49;0
558908.57;4901689.52;0
655495.13;4903624.81;0
534377.14;4902148.33;0
407222.58;4903238.92;0
552721.35;4902792.13;0
547781.08;4902809.83;0
705839.70;4905869.41;0
733394.22;4906860.45;0
412478.31;4903510.90;0
604038.77;4904205.60;0
568984.42;4903798.40;0
436671.95;4903876.22;0
449925.92;4903827.92;0
449926.01;4903839.03;0
603890.74;4904481.01;0
416615.73;4904378.92;0
436451.66;4904200.51;0
668967.31;4906148.05;0
444281.91;4904484.55;0
375159.31;4905561.05;0
444069.82;4904875.15;0
625732.45;4905886.30;0
722104.26;4908513.85;0
538486.98;4904959.19;0
529878.29;4905092.06;0
529886.22;4905103.21;0
605232.86;4905891.23;0
748241.46;4909842.81;0
554128.02;4905447.34;0
391481.30;4906136.48;0
598863.01;4906047.50;0
563898.45;4905701.96;0
349698.48;4907396.90;0
613859.51;4906691.30;0
589379.66;4906388.92;0
597139.85;4906566.10;0
561164.72;4906275.72;0
458846.02;4906209.40;0
458854.00;4906209.35;0
399924.63;4907268.34;0
578602.55;4906983.90;0
608287.54;4907429.85;0
365583.16;4907973.31;0
535254.57;4906696.06;0
543834.88;4906947.76;0
433075.08;4907200.21;0
433059.24;4907211.48;0
752097.04;4911792.44;0
697705.90;4910165.97;0
644559.02;4908864.24;0
526382.29;4907531.87;0
527616.88;4907881.29;0
527632.68;4907914.68;0
549105.76;4908151.50;0
352678.79;4909673.96;0
513565.48;4908414.82;0
629469.61;4909814.97;0
741774.12;4913204.41;0
450884.30;4909241.41;0
582478.55;4909575.61;0
427311.05;4909594.67;0
448087.10;4909407.47;0
385169.43;4910222.03;0
719409.38;4912893.29;0
458635.27;4909454.26;0
516855.86;4909433.22;0
565617.83;4910062.43;0
602204.50;4910754.01;0
357259.87;4911583.70;0
590979.77;4910654.87;0
528476.30;4910128.73;0
637981.03;4911689.25;0
666475.69;4912441.92;0
716315.81;4914002.22;0
455246.90;4910609.65;0
512779.81;4910623.65;0
625169.38;4911953.60;0
555802.60;4911148.85;0
538403.03;4911112.48;0
546634.68;4911377.01;0
560979.96;4911550.54;0
516762.98;4911465.68;0
653428.41;4913422.87;0
735898.70;4916281.85;0
571529.16;4912646.11;0
462415.12;4912374.98;0
595769.57;4912967.48;0
588181.34;4913016.21;0
616554.25;4913527.63;0
457589.41;4912904.47;0
576248.33;4913232.70;0
446100.03;4913044.90;0
571115.51;4913308.14;0
417568.56;4913476.49;0
570436.57;4913456.31;0
570452.50;4913456.48;0
686436.36;4915737.99;0
571217.15;4913486.99;0
435625.17;4913439.86;0
571200.97;4913509.03;0
382762.28;4914287.07;0
466078.72;4913510.10;0
679076.70;4916021.04;0
536546.79;4913812.19;0
429492.03;4914414.23;0
464682.58;4914639.42;0
546618.33;4914787.10;0
504917.75;4914722.91;0
421848.79;4915545.66;0
384365.76;4916169.57;0
698824.80;4918505.12;0
405678.73;4916259.58;0
335990.55;4917729.69;0
521665.85;4915823.16;0
601452.27;4916575.22;0
521665.82;4915834.27;0
354969.20;4917957.61;0
442769.09;4916661.34;0
495774.45;4916544.20;0
442127.11;4917011.38;0
507504.17;4916824.69;0
696234.27;4919816.41;0
472029.18;4916947.46;0
549491.21;4917274.26;0
580879.56;4917643.25;0
554403.46;4917402.21;0
470191.21;4917277.76;0
462340.33;4917351.80;0
542586.45;4917392.21;0
453280.10;4917566.07;0
514534.17;4917447.40;0
621353.03;4918659.66;0
341834.32;4919463.57;0
366668.53;4918907.84;0
706845.52;4921011.76;0
490854.82;4917771.15;0
453251.84;4918066.14;0
434065.55;4918376.64;0
754848.17;4923146.43;0
458883.02;4918383.57;0
714216.08;4921805.88;0
714213.89;4921872.53;0
500807.10;4918364.47;0
395945.07;4919340.92;0
642381.14;4920185.07;0
525707.67;4918892.45;0
497901.54;4919131.23;0
522761.06;4919225.87;0
532727.10;4919279.29;0
593459.15;4920133.29;0
494853.16;4919610.59;0
611563.21;4920595.94;0
505136.95;4919665.99;0
486122.48;4920101.09;0
658727.88;4922074.21;0
582193.45;4920814.76;0
479517.18;4920340.75;0
496986.68;4920320.12;0
669934.10;4922668.14;0
587050.19;4921333.31;0
508629.73;4920780.41;0
678430.39;4923317.78;0
503838.75;4921031.37;0
538168.35;4921263.85;0
487732.36;4921230.83;0
513602.41;4921366.44;0
562500.15;4921762.67;0
426565.71;4921978.53;0
549328.36;4921960.76;0
555733.45;4922045.68;0
728182.42;4925861.25;0
373662.36;4923435.46;0
688268.21;4925195.67;0
491776.66;4922646.21;0
348125.39;4924470.68;0
479047.52;4922774.87;0
565574.76;4923070.40;0
498459.75;4923118.74;0
530924.66;4923358.25;0
466743.37;4923503.86;0
531520.44;4923538.83;0
531528.39;4923538.86;0
411205.65;4924314.31;0
476608.58;4923749.60;0
466673.32;4923804.14;0
427545.96;4924244.92;0
573303.01;4924285.90;0
507670.96;4924033.80;0
470446.08;4924285.72;0
536573.41;4924698.23;0
620797.91;4925827.46;0
478855.15;4924774.92;0
681402.42;4927268.46;0
478855.18;4924786.02;0
500647.31;4924840.27;0
620062.71;4926002.76;0
584247.83;4925684.80;0
459101.89;4925324.82;0
682882.99;4927832.42;0
484074.18;4925426.45;0
459184.21;4925768.63;0
519390.43;4925757.54;0
681794.77;4928324.38;0
681784.33;4928413.03;0
615121.79;4926924.60;0
339590.01;4927954.47;0
498373.00;4926006.79;0
676588.00;4928403.21;0
479090.06;4926096.00;0
514562.36;4926244.85;0
527133.55;4926329.43;0
492139.18;4926333.55;0
435529.22;4927060.23;0
605827.83;4927722.10;0
686551.06;4929537.48;0
418924.04;4927590.76;0
674990.08;4929527.19;0
593843.68;4928249.21;0
627787.03;4928894.58;0
659440.19;4930049.65;0
550360.59;4928422.67;0
578665.85;4928825.59;0
666015.71;4930469.97;0
361291.86;4930110.83;0
434461.15;4929170.53;0
567012.28;4929506.04;0
512449.25;4929372.91;0
601549.97;4930220.46;0
512766.94;4929484.60;0
412778.89;4930081.26;0
508300.35;4929521.85;0
474102.46;4929624.15;0
474102.50;4929635.26;0
609890.85;4930511.90;0
498962.09;4929838.87;0
635007.03;4931263.07;0
495902.47;4929873.45;0
333791.51;4932079.52;0
463391.82;4930120.16;0
451297.06;4930255.31;0
543650.69;4930873.60;0
618426.78;4931950.82;0
488815.56;4930959.35;0
488815.58;4930970.45;0
516633.49;4931026.21;0
421827.63;4932310.03;0
495173.02;4932084.43;0
403212.58;4933050.07;0
475765.89;4932383.62;0
582055.97;4932966.97;0
548651.25;4932697.56;0
348248.64;4934503.78;0
433754.08;4933099.22;0
535955.15;4932948.20;0
350834.67;4934632.69;0
496444.63;4933005.55;0
535604.79;4933101.79;0
496659.22;4933227.60;0
651727.32;4935055.26;0
459774.16;4933685.18;0
522655.15;4933665.86;0
380507.27;4935095.60;0
441264.57;4934326.52;0
481642.92;4934608.08;0
725923.38;4938572.21;0
554033.56;4935084.03;0
495913.71;4934983.09;0
616564.12;4936083.97;0
473060.41;4935126.93;0
506260.39;4935195.75;0
570491.23;4935608.48;0
717056.96;4938858.61;0
447302.10;4935452.09;0
370146.87;4936684.01;0
506029.91;4935417.69;0
701255.42;4938593.27;0
496025.22;4935527.31;0
472911.91;4935694.07;0
422121.33;4936250.40;0
339747.27;4937853.89;0
522090.61;4936185.46;0
522558.92;4936220.39;0
605606.41;4937418.33;0
546500.41;4936847.53;0
538383.61;4937372.10;0
490382.70;4937488.31;0
678721.18;4940222.75;0
561000.00;4938289.59;0
588533.45;4938640.42;0
633150.46;4939592.63;0
600017.28;4939396.31;0
744336.48;4943534.16;0
480687.76;4939176.30;0
518834.46;4939263.28;0
518842.40;4939263.30;0
444650.11;4940128.84;0
514959.69;4940208.51;0
345584.54;4942102.28;0
550459.80;4941220.61;0
681783.54;4944321.19;0
558098.45;4942306.62;0
568941.37;4942446.28;0
379383.98;4943450.38;0
532238.11;4942426.31;0
694980.48;4945328.13;0
617095.55;4943593.95;0
546036.75;4942887.32;0
643264.91;4944342.74;0
424762.41;4943473.72;0
660854.61;4945156.36;0
526254.17;4943232.45;0
607691.10;4944330.44;0
539734.50;4943623.21;0
483540.33;4943700.52;0
471225.89;4943988.14;0
599862.05;4944827.08;0
565168.34;4944506.87;0
362570.13;4945730.87;0
707571.47;4947599.26;0
652064.03;4946766.47;0
546241.21;4945354.91;0
348522.14;4947189.84;0
398633.82;4946608.59;0
424223.98;4946257.44;0
507350.97;4946893.71;0
439312.94;4947242.15;0
515957.86;4947309.02;0
457546.06;4947551.79;0
501913.43;4947445.29;0
517470.69;4947679.49;0
339971.74;4949796.97;0
490905.39;4947818.12;0
362561.22;4949409.55;0
602927.59;4949063.99;0
655859.90;4950224.64;0
428168.64;4948767.54;0
351723.93;4950171.90;0
754561.64;4953518.59;0
592619.91;4949307.98;0
619782.15;4949754.74;0
546967.06;4949126.01;0
646912.84;4950726.18;0
481684.64;4949259.67;0
554333.75;4949461.45;0
670012.53;4951504.41;0
589167.97;4950192.69;0
629510.07;4950875.96;0
409034.60;4950375.63;0
353651.38;4951606.05;0
595632.30;4950874.04;0
423002.96;4950904.69;0
729104.52;4954688.80;0
545208.39;4951324.13;0
563312.57;4951798.36;0
433417.11;4952021.82;0
511937.46;4952732.34;0
574076.93;4953268.27;0
387093.67;4954178.28;0
361512.76;4954855.34;0
581108.61;4954008.31;0
590904.44;4955183.29;0
640429.23;4956138.70;0
434771.00;4955085.28;0
717494.77;4958646.26;0
657421.98;4957042.66;0
414768.21;4956096.83;0
561491.38;4955880.10;0
492674.23;4956058.20;0
448194.10;4956507.36;0
556223.35;4957220.69;0
656420.78;4959130.12;0
531087.52;4957361.62;0
474142.76;4957439.20;0
519011.30;4957414.77;0
346051.09;4960619.27;0
423387.39;4959232.54;0
582252.73;4959300.13;0
481799.04;4958857.01;0
687644.97;4961687.71;0
465914.48;4959266.11;0
499441.83;4959175.43;0
429922.11;4959857.88;0
550173.94;4960636.81;0
494656.98;4960810.62;0
667643.95;4962991.90;0
605047.44;4961976.11;0
605525.32;4962261.72;0
502257.43;4961419.66;0
514269.48;4961779.31;0
600686.50;4962617.51;0
361063.49;4963755.90;0
381298.44;4963350.03;0
577880.30;4962945.43;0
757056.88;4967736.71;0
351093.74;4964723.99;0
539503.32;4963239.80;0
553584.13;4963374.93;0
515744.37;4963382.36;0
557531.49;4964053.35;0
668119.42;4965994.54;0
487940.82;4964307.86;0
694077.04;4967382.25;0
707267.09;4967883.36;0
442775.11;4964829.74;0
489981.28;4964948.63;0
624813.04;4966241.04;0
526448.85;4965394.71;0
680676.38;4967914.05;0
427491.72;4966028.62;0
414372.31;4967368.06;0
710073.15;4970876.99;0
518867.04;4968856.17;0
453517.13;4969075.44;0
358056.46;4970867.93;0
596886.13;4970203.57;0
538934.73;4969657.30;0
370609.63;4971491.22;0
437867.22;4970663.51;0
364454.21;4971840.77;0
609111.36;4971333.33;0
396297.64;4971335.02;0
659296.61;4972472.36;0
648200.25;4972239.65;0
396544.43;4971453.25;0
706610.33;4974022.75;0
330086.33;4973304.93;0
585954.24;4971847.78;0
335782.09;4973556.53;0
346794.47;4974495.13;0
621359.01;4974531.53;0
515475.12;4973446.13;0
722753.36;4977699.95;0
569800.98;4974329.22;0
766002.17;4979484.70;0
436238.19;4974423.51;0
325114.21;4976718.29;0
691620.07;4977315.17;0
408028.79;4975266.88;0
477504.66;4975044.88;0
323067.46;4978964.66;0
521842.45;4976608.39;0
534930.81;4976788.48;0
606541.21;4977768.11;0
403352.95;4977702.51;0
355171.36;4978868.15;0
365251.35;4978925.55;0
333553.55;4979916.97;0
599410.19;4978609.01;0
332722.92;4980149.86;0
335313.34;4980204.86;0
398676.48;4978886.08;0
348080.68;4980422.11;0
638758.91;4980241.59;0
373106.15;4980242.83;0
553968.30;4979731.18;0
329459.95;4981814.68;0
333640.44;4981737.78;0
437907.61;4981317.36;0
530301.25;4981430.72;0
501470.03;4982059.27;0
336365.23;4984290.79;0
465966.16;4982316.86;0
338273.43;4984575.63;0
579265.58;4983916.47;0
756070.20;4988804.24;0
592112.86;4984577.61;0
429292.48;4984462.30;0
333722.31;4986393.40;0
338080.10;4986281.28;0
680513.40;4987409.64;0
395619.70;4985913.47;0
453485.96;4985384.14;0
416087.35;4986011.23;0
488217.53;4985624.98;0
323134.49;4988501.48;0
330599.99;4988487.69;0
681456.92;4989170.78;0
722685.48;4990744.03;0
361694.49;4988504.03;0
375654.19;4988316.37;0
348435.71;4989050.11;0
402988.32;4988486.07;0
546526.92;4987915.99;0
317828.64;4990718.85;0
331095.93;4990542.23;0
411817.50;4988946.62;0
318118.61;4991488.82;0
336055.14;4991246.38;0
553649.24;4989549.42;0
570940.82;4990395.93;0
335280.72;4992378.01;0
319339.19;4992843.81;0
396938.98;4991947.95;0
321234.31;4994113.32;0
396099.35;4992606.10;0
382025.00;4993218.21;0
396508.44;4993555.06;0
373113.14;4994845.55;0
443121.33;4993867.26;0
319558.83;4997529.35;0
363825.12;4997104.88;0
395525.71;4996504.69;0
340144.07;4997812.03;0
641051.39;4997518.93;0
421650.79;4996895.52;0
319427.74;4999011.76;0
484203.42;4996687.20;0
594091.67;4997362.30;0
324473.03;4999859.83;0
460370.13;4997624.58;0
392451.34;4998956.22;0
339951.94;5000807.09;0
757615.07;5004444.42;0
346733.41;5001139.97;0
361502.16;5001011.75;0
412323.33;5000484.10;0
742716.58;5005726.48;0
556732.95;5001385.92;0
538500.35;5002360.39;0
582187.85;5003608.47;0
726443.88;5007216.20;0
409840.77;5003941.19;0
422440.74;5004241.16;0
538317.77;5003970.18;0
723881.04;5007837.10;0
648381.54;5005799.73;0
511512.21;5004365.18;0
341799.14;5006418.86;0
394186.73;5005383.27;0
379901.09;5005793.47;0
715745.40;5008389.27;0
371290.48;5006273.68;0
354798.99;5007797.18;0
611246.84;5008218.38;0
657766.95;5009272.03;0
708458.60;5011415.15;0
339276.39;5010150.72;0
364578.71;5009903.44;0
371762.65;5010187.27;0
447490.69;5009283.53;0
531893.71;5009767.22;0
693840.97;5013241.64;0
476586.70;5010619.67;0
575737.64;5012050.29;0
356134.68;5013668.76;0
630557.33;5013776.81;0
676688.90;5015141.21;0
381314.65;5014123.93;0
544208.51;5013207.33;0
499165.02;5014497.73;0
395627.45;5015549.35;0
409923.25;5015796.01;0
381889.21;5016313.59;0
354183.09;5017881.68;0
360679.58;5018290.74;0
386208.69;5019201.46;0
686877.71;5021071.30;0
367165.09;5019729.19;0
539937.38;5018733.90;0
521047.92;5018820.70;0
452887.19;5019217.79;0
413792.44;5019986.60;0
375718.55;5021655.42;0
759444.00;5026062.36;0
490649.73;5021092.61;0
384083.57;5022174.02;0
709816.81;5024705.70;0
731350.39;5025970.47;0
552670.28;5022993.44;0
589783.57;5023767.67;0
360630.96;5024960.72;0
393303.28;5025156.13;0
643580.20;5026152.07;0
618464.58;5025830.27;0
407500.96;5026042.81;0
686352.49;5029283.91;0
633643.39;5028156.53;0
569747.69;5027892.19;0
386116.24;5029693.92;0
678897.01;5031669.49;0
484629.35;5029303.39;0
424532.99;5030004.50;0
405829.40;5030512.41;0
468355.24;5031064.20;0
760560.47;5036435.50;0
376469.30;5032343.26;0
581367.99;5031842.70;0
743917.41;5036312.88;0
451918.57;5031935.18;0
376811.33;5033025.61;0
360173.14;5033618.35;0
471403.60;5032249.43;0
395068.55;5033305.40;0
540835.03;5032627.17;0
708240.68;5036542.45;0
770576.14;5038962.24;0
691241.61;5036235.75;0
368242.91;5034866.61;0
772653.24;5040020.41;0
669861.21;5036577.76;0
404311.76;5035169.13;0
609743.48;5035907.53;0
354491.86;5036981.99;0
693087.68;5038560.69;0
435453.70;5036560.51;0
519620.54;5036780.53;0
374632.94;5038347.89;0
687014.58;5040467.38;0
753745.42;5042989.05;0
727714.07;5042323.89;0
520138.83;5038448.65;0
381942.93;5041284.55;0
406891.83;5040930.89;0
412102.10;5040888.98;0
638002.00;5042210.90;0
573321.69;5041588.43;0
598588.31;5042278.94;0
696981.55;5044619.99;0
399722.83;5043075.12;0
516133.46;5043469.92;0
476514.63;5043704.77;0
734612.31;5048240.77;0
768804.12;5049771.17;0
650215.62;5045815.19;0
488155.04;5044105.09;0
388884.28;5045858.56;0
441401.07;5045635.19;0
413587.33;5046046.49;0
426591.53;5046069.26;0
360236.88;5047344.25;0
418086.16;5046852.68;0
464991.79;5046480.72;0
705326.42;5049747.91;0
353673.83;5049161.70;0
359004.68;5049139.26;0
758138.76;5052983.56;0
512463.27;5047905.58;0
370918.25;5049659.99;0
372691.50;5049745.89;0
684930.92;5051436.07;0
373926.31;5050610.02;0
869994.53;5060544.96;0
789173.58;5056846.94;0
397145.90;5051173.76;0
353593.29;5052387.22;0
430097.25;5051062.53;0
670179.80;5053063.12;0
603181.76;5051732.08;0
402172.51;5051882.02;0
348603.57;5053184.26;0
386664.10;5052588.74;0
659014.01;5053980.94;0
391386.04;5053238.30;0
486355.21;5052752.37;0
421161.35;5053669.10;0
411029.54;5053894.22;0
876742.16;5065062.87;0
817841.44;5062494.95;0
448150.03;5054741.96;0
382023.42;5055886.62;0
871330.68;5066098.27;0
359969.20;5056642.78;0
356156.89;5056985.19;0
363785.19;5056813.94;0
753055.78;5060977.06;0
698564.60;5059494.17;0
551414.22;5056748.05;0
428083.91;5057041.16;0
505255.45;5056627.97;0
564132.67;5057198.96;0
368346.79;5058349.89;0
529770.22;5057029.75;0
574701.66;5057494.19;0
692039.13;5060457.57;0
727547.60;5061707.64;0
439463.56;5058309.14;0
471069.89;5058082.06;0
434319.13;5058727.93;0
840715.09;5068093.10;0
750958.32;5063841.16;0
337740.49;5061172.56;0
392080.65;5060027.63;0
766294.42;5064778.19;0
353799.10;5060830.60;0
383108.82;5060556.27;0
411032.95;5060139.30;0
485046.89;5059754.79;0
485117.02;5059776.84;0
822820.21;5068342.63;0
592496.74;5060677.21;0
419021.46;5060574.80;0
870162.49;5071145.92;0
729586.83;5064574.74;0
592581.93;5061234.11;0
523329.20;5060835.48;0
672489.11;5063522.11;0
670155.44;5063680.32;0
545855.03;5061571.30;0
458109.48;5061611.22;0
341576.37;5064008.78;0
497942.15;5062092.39;0
443871.37;5062523.39;0
508075.97;5062397.13;0
716151.00;5066507.87;0
774330.07;5068855.81;0
342291.07;5064857.78;0
506759.98;5062984.42;0
555205.42;5063258.11;0
616743.68;5064696.05;0
428890.53;5064898.92;0
652384.83;5066677.74;0
652329.82;5066698.63;0
372489.52;5066177.48;0
378659.54;5066476.38;0
696377.77;5068499.67;0
392567.27;5066553.93;0
792656.65;5072852.98;0
462209.82;5066373.63;0
486167.15;5066273.93;0
408687.42;5066951.91;0
668623.58;5068753.04;0
447823.71;5066933.39;0
672317.43;5069721.51;0
340656.21;5069435.32;0
345253.38;5069674.88;0
519088.25;5067820.63;0
466412.88;5068293.83;0
864520.19;5078894.70;0
332320.43;5070555.25;0
842550.16;5077732.33;0
423627.24;5069094.98;0
810833.73;5076709.27;0
497967.86;5069036.30;0
456629.44;5069276.70;0
489952.10;5069133.08;0
398923.66;5070803.71;0
523854.57;5070036.90;0
563970.99;5070664.30;0
742058.55;5075071.99;0
775167.56;5076529.01;0
725087.00;5074522.67;0
572698.64;5070904.62;0
663733.77;5072958.39;0
598670.67;5071606.98;0
663350.93;5073615.39;0
346055.54;5073468.08;0
850681.13;5081529.89;0
682176.72;5074839.54;0
382878.36;5073530.79;0
606937.70;5074177.56;0
567374.12;5073711.48;0
344372.93;5075522.26;0
589669.26;5074215.46;0
679419.12;5076338.21;0
620154.57;5075097.26;0
832223.10;5083020.25;0
443715.72;5074536.02;0
505287.39;5074304.44;0
732503.70;5078912.37;0
371335.39;5076204.75;0
461742.60;5075109.56;0
823158.78;5083420.95;0
795243.91;5082206.13;0
357126.44;5077093.97;0
842109.51;5085006.88;0
408545.36;5076310.90;0
486382.31;5075650.64;0
819534.39;5083934.73;0
431071.19;5076263.85;0
551704.78;5076161.42;0
518123.57;5075983.95;0
450744.47;5076231.72;0
551835.50;5076318.06;0
767219.59;5081880.60;0
539796.02;5076562.62;0
712016.69;5080102.55;0
720668.68;5080582.48;0
522989.87;5076844.42;0
853167.22;5086875.97;0
780991.53;5083269.09;0
393143.75;5077879.85;0
683898.74;5079716.35;0
491588.01;5077152.36;0
410689.43;5078468.84;0
791788.29;5085004.21;0
622170.91;5080049.27;0
440978.53;5079161.62;0
706498.03;5082407.72;0
627856.94;5080352.89;0
669005.96;5081571.83;0
758250.16;5084861.36;0
347006.15;5081415.48;0
668617.77;5081850.33;0
392677.10;5080532.99;0
407533.14;5080315.45;0
356775.17;5081392.96;0
549693.79;5079967.25;0
589857.22;5080552.44;0
400268.42;5080917.23;0
400378.50;5081004.36;0
417405.83;5080753.67;0
414845.20;5080821.72;0
788227.67;5086952.88;0
591465.32;5080998.24;0
454232.78;5080582.72;0
612364.86;5081686.51;0
642718.50;5082500.30;0
423211.61;5081356.75;0
698176.10;5084104.44;0
457185.51;5081094.90;0
754777.94;5086297.79;0
368212.80;5082472.73;0
656975.94;5083056.43;0
694921.33;5084357.00;0
643158.05;5082966.22;0
349937.67;5083166.89;0
457709.23;5081646.84;0
573538.17;5082059.80;0
462149.03;5081862.49;0
559654.47;5082188.44;0
561289.15;5082448.84;0
544064.91;5082369.17;0
771112.76;5088205.26;0
658666.77;5084644.87;0
856922.30;5093077.01;0
434965.23;5083166.56;0
382948.84;5084243.68;0
664097.97;5085342.37;0
657537.06;5085416.48;0
850159.28;5093358.69;0
480132.22;5083533.92;0
520722.66;5083758.40;0
446610.17;5084043.91;0
470600.74;5083905.31;0
472572.28;5084218.45;0
625640.77;5085476.04;0
463592.34;5084509.34;0
836130.78;5093537.68;0
426428.84;5084962.41;0
538665.98;5084677.59;0
822836.86;5093162.72;0
671202.35;5087536.21;0
646100.57;5087236.99;0
711285.82;5089209.67;0
780302.03;5091954.75;0
582597.89;5086463.34;0
800116.33;5093286.57;0
391780.57;5087416.98;0
396411.15;5087459.83;0
399796.98;5087748.49;0
820814.07;5096176.43;0
849397.64;5097740.17;0
771598.15;5093959.23;0
599828.43;5089006.69;0
552230.04;5088477.16;0
566347.68;5089012.47;0
567060.35;5089053.49;0
416237.64;5089626.11;0
811698.41;5096956.72;0
416132.17;5089849.80;0
802535.77;5096723.30;0
741630.29;5094193.67;0
782892.46;5096125.33;0
463748.38;5089941.71;0
662158.43;5092695.87;0
488485.01;5091112.34;0
455382.13;5091407.73;0
419064.91;5091844.23;0
541831.06;5091453.72;0
845065.43;5100962.20;0
585622.41;5092060.82;0
840298.53;5101454.87;0
597767.17;5092863.44;0
756260.80;5097944.49;0
751492.25;5097881.69;0
426178.54;5093210.67;0
434721.40;5093114.25;0
755671.00;5098509.85;0
832778.56;5102325.44;0
479181.26;5093625.66;0
421274.44;5094371.50;0
778062.35;5100269.73;0
705675.86;5097985.33;0
679582.16;5097203.44;0
704849.24;5098135.77;0
443321.71;5095062.58;0
680063.46;5097439.87;0
460619.06;5094994.28;0
529565.53;5095060.70;0
588298.56;5095643.52;0
573486.37;5095549.39;0
786551.76;5101927.99;0
678530.19;5097940.16;0
717838.53;5099526.68;0
551322.34;5096036.48;0
812759.11;5103760.29;0
799429.15;5103108.63;0
724149.72;5100120.16;0
603992.38;5097710.74;0
544888.34;5097186.39;0
633649.38;5098682.58;0
650743.80;5099788.49;0
644782.71;5100079.08;0
510977.61;5098544.20;0
548784.72;5098760.45;0
561766.05;5099154.58;0
678876.28;5101497.43;0
678751.52;5101527.17;0
558584.78;5099245.77;0
475152.99;5099051.68;0
635483.47;5100490.07;0
833514.30;5108092.40;0
847338.22;5109013.98;0
808122.90;5107235.35;0
686120.02;5102423.84;0
690377.92;5103210.19;0
820268.08;5108903.16;0
827765.30;5109398.71;0
476552.29;5100768.38;0
454107.21;5101206.24;0
837154.31;5110341.28;0
580434.90;5101870.24;0
766377.48;5107111.06;0
778749.09;5107715.24;0
535357.19;5101780.05;0
689941.75;5104798.15;0
663704.73;5104233.08;0
691215.97;5105393.69;0
676104.96;5105253.84;0
702714.63;5106229.11;0
600362.81;5103796.48;0
606614.34;5104123.89;0
432001.13;5104189.15;0
793124.14;5111023.02;0
508671.26;5104407.12;0
841806.07;5114153.31;0
662518.60;5106947.88;0
466652.44;5105292.03;0
705673.33;5108952.37;0
634518.98;5107071.85;0
816430.39;5113995.57;0
544088.97;5106136.46;0
773012.81;5112289.13;0
800118.58;5113610.45;0
446203.81;5106737.35;0
847067.04;5116688.81;0
769885.09;5112985.69;0
826844.93;5115755.93;0
821955.00;5115775.79;0
770960.81;5113344.79;0
765887.58;5113234.17;0
854333.23;5117717.49;0
693216.18;5110705.58;0
832980.76;5116921.71;0
436451.10;5108308.54;0
795164.42;5115318.91;0
588791.46;5109241.96;0
756419.26;5114033.24;0
800815.17;5116306.24;0
455329.77;5109753.11;0
663720.44;5111771.89;0
811020.78;5118452.86;0
531852.40;5110983.32;0
825471.15;5119738.25;0
561276.58;5111772.97;0
635809.34;5113058.54;0
809999.31;5119514.94;0
858393.16;5122256.50;0
846494.54;5121738.65;0
712622.28;5115640.79;0
711991.53;5115774.68;0
750575.85;5117664.64;0
828926.31;5121438.13;0
820147.83;5121151.03;0
565763.40;5113208.41;0
458094.61;5113067.05;0
671307.54;5115492.69;0
603632.24;5114008.92;0
633326.64;5114615.93;0
763665.96;5118993.13;0
782360.67;5119826.49;0
633342.55;5114949.76;0
787174.93;5120261.92;0
718523.99;5117494.77;0
613609.39;5114741.40;0
603019.30;5114643.22;0
437584.47;5114130.79;0
525226.84;5114663.75;0
774243.15;5120782.37;0
768769.72;5120762.26;0
849496.94;5125175.08;0
763050.38;5121081.52;0
824437.28;5124195.55;0
662359.02;5117939.90;0
779716.83;5122332.64;0
782413.11;5122545.56;0
820556.78;5124425.43;0
836669.74;5125358.13;0
706774.92;5119645.39;0
456240.32;5117180.24;0
721570.06;5121097.45;0
826200.71;5126239.11;0
849059.79;5127813.99;0
567012.68;5118289.18;0
438824.10;5118440.93;0
791070.54;5125367.67;0
721729.28;5122671.86;0
448580.35;5119151.13;0
792802.56;5126163.06;0
566255.61;5119814.47;0
569548.44;5119850.97;0
566378.27;5119882.47;0
820968.89;5128067.73;0
802203.15;5127233.22;0
813466.32;5127834.12;0
837837.56;5129568.03;0
783489.26;5127015.57;0
532982.44;5120567.35;0
668571.46;5122833.39;0
658498.14;5122719.75;0
548848.42;5120895.50;0
531507.32;5121037.39;0
789207.69;5127818.06;0
714273.10;5124786.76;0
807920.42;5128821.85;0
693053.41;5124202.23;0
775514.73;5127396.70;0
546060.52;5121485.06;0
437531.18;5121754.37;0
767679.05;5127482.50;0
601775.37;5122591.28;0
601000.47;5122822.95;0
774760.67;5128876.81;0
564375.85;5123283.73;0
785284.46;5129604.39;0
795336.54;5130182.63;0
680335.66;5125826.74;0
565582.66;5123596.58;0
623148.81;5124562.69;0
769845.40;5129492.53;0
565793.07;5124098.91;0
833689.72;5133017.19;0
772854.43;5130405.55;0
818649.11;5132959.42;0
433952.08;5125159.13;0
640839.83;5126423.22;0
765393.63;5130844.66;0
759760.67;5130635.68;0
733766.81;5129607.00;0
734391.73;5130009.28;0
793143.43;5132582.49;0
688985.07;5128746.15;0
691125.87;5128835.04;0
691116.08;5128901.46;0
570756.94;5126721.35;0
835197.47;5135673.99;0
786303.74;5133393.38;0
568033.00;5127123.82;0
566752.10;5127320.83;0
616140.22;5128249.16;0
777466.13;5133574.93;0
803766.57;5134951.18;0
828854.18;5136275.54;0
572391.41;5127918.45;0
564473.77;5127885.34;0
451290.20;5128174.07;0
838889.07;5137638.93;0
812369.51;5136566.77;0
635703.85;5130331.20;0
635725.71;5130387.27;0
443062.79;5129578.87;0
674316.93;5131857.06;0
655118.72;5131838.97;0
761328.69;5135466.64;0
558806.11;5130172.88;0
838373.60;5141076.12;0
776368.78;5138880.20;0
745123.43;5137697.82;0
677420.00;5135371.62;0
456268.94;5132981.10;0
792334.76;5139937.89;0
647320.58;5134825.29;0
768286.06;5138952.76;0
604293.94;5134037.14;0
783042.52;5139955.14;0
728318.48;5137678.75;0
802487.65;5140957.57;0
822712.04;5142152.84;0
720843.68;5137736.81;0
524723.19;5134262.36;0
830756.98;5144033.62;0
843870.73;5145563.84;0
768402.02;5142264.12;0
602439.14;5137695.70;0
785669.34;5144598.66;0
824334.69;5146584.42;0
705100.00;5141401.98;0
758133.41;5143522.54;0
705344.32;5141688.31;0
821895.63;5147223.42;0
807605.99;5146649.88;0
836390.63;5148310.05;0
775831.24;5145457.88;0
831371.39;5148323.73;0
677698.84;5141907.51;0
800412.20;5147370.13;0
615190.01;5141413.85;0
756166.03;5145798.95;0
668951.74;5143048.14;0
620260.64;5141978.87;0
620256.46;5142189.99;0
809105.22;5148987.23;0
723260.11;5145980.18;0
710048.74;5146087.34;0
749173.59;5147934.28;0
836562.84;5152153.19;0
451386.25;5143052.50;0
851721.65;5153203.15;0
729756.63;5147524.33;0
749381.20;5148499.28;0
746357.70;5148498.21;0
749726.10;5149092.21;0
778602.78;5150850.70;0
773422.12;5150893.25;0
826333.93;5153699.97;0
809992.02;5152886.65;0
841999.21;5154809.06;0
595493.33;5146040.73;0
761949.30;5151110.39;0
603230.41;5146356.26;0
607516.90;5146675.23;0
708565.60;5149406.83;0
858000.43;5156636.58;0
782762.42;5152746.83;0
851228.84;5156518.73;0
526806.96;5146738.57;0
710759.30;5150650.72;0
591346.69;5148021.95;0
604100.66;5148460.70;0
676819.04;5150188.96;0
817932.13;5156072.01;0
785814.79;5154749.59;0
676576.15;5150615.59;0
821597.75;5156755.81;0
592724.62;5149798.88;0
623956.39;5150356.79;0
831134.51;5158295.13;0
859723.43;5160049.95;0
852814.31;5159709.93;0
720766.61;5153821.64;0
715524.93;5153666.26;0
801750.16;5157471.70;0
796524.51;5157703.46;0
840742.29;5160032.20;0
632553.17;5152206.13;0
791848.07;5157888.18;0
789538.02;5157799.48;0
692330.30;5154331.47;0
601558.60;5152163.29;0
601337.68;5152526.37;0
622474.69;5153016.78;0
800538.36;5159416.21;0
817096.84;5160261.69;0
792405.90;5159073.30;0
732335.34;5156502.03;0
743585.43;5157745.61;0
807775.22;5160749.23;0
830248.11;5162124.54;0
740432.01;5158431.87;0
739886.45;5158632.78;0
846412.71;5163954.61;0
653073.17;5156114.20;0
652683.35;5156360.08;0
843168.84;5164326.77;0
712317.59;5158592.53;0
762679.04;5161761.55;0
772377.86;5162291.12;0
805393.97;5163903.29;0
807297.26;5164100.07;0
827759.80;5165320.81;0
722804.80;5161061.48;0
744285.92;5162269.99;0
819534.99;5165782.43;0
787169.84;5164434.83;0
784233.03;5164340.43;0
807725.20;5165503.12;0
789313.29;5165060.54;0
721843.87;5162361.26;0
749112.54;5163424.23;0
794502.98;5166358.33;0
808758.33;5167382.74;0
798784.85;5167660.29;0
622151.49;5163692.89;0
629818.58;5164097.42;0
629800.40;5164230.43;0
643056.78;5165052.51;0
626352.36;5165013.27;0
703907.43;5167168.94;0
681095.21;5167708.89;0
611934.29;5166118.17;0
652423.96;5168150.42;0
762070.17;5172410.53;0
664221.18;5169672.22;0
757889.60;5173376.61;0
672572.82;5171873.93;0
721699.41;5173793.71;0
616356.96;5173794.05;0
703179.96;5176232.72;0
703959.49;5177616.26;0
746696.15;5180052.95;0
616779.10;5181583.54;0
719905.19;5184520.34;0
670258.73;5183573.67;0
659432.08;5184821.92;0
723731.81;5187677.21;0
671602.48;5187070.54;0
685312.30;5195331.14;0
685853.22;5195347.93;0
724578.21;5198502.19;0
685203.57;5197363.20;0
724725.38;5200265.84;0
734628.46;5203618.20;0
435135.53;4532225.42;0
439585.36;4494016.19;0
446129.41;4501582.43;0
447453.67;4513428.96;0
447447.52;4500296.35;0
447727.27;4495831.78;0
451584.89;4352418.92;0
454331.07;4488783.72;0
455301.45;4505084.89;0
455494.78;4483776.39;0
456785.33;4366263.34;0
457447.09;4459360.45;0
456994.69;4365518.67;0
457684.69;4461066.84;0
459642.44;4456573.34;0
460334.57;4351408.94;0
463011.86;4448786.11;0
463334.48;4449087.07;0
464785.77;4480779.06;0
466644.36;4414047.76;0
466835.13;4436780.72;0
467094.34;4436927.31;0
467385.80;4453305.73;0
468224.30;4409517.83;0
469077.14;4353774.55;0
469708.29;4434804.06;0
469550.12;4347113.88;0
470514.23;4443747.17;0
470647.17;4444212.76;0
471034.19;4371648.56;0
472251.53;4335373.40;0
476249.04;4382649.08;0
476680.04;4479344.88;0
477729.28;4334345.98;0
478053.25;4368204.79;0
478521.64;4501351.27;0
479616.35;4313078.17;0
480123.37;4437744.17;0
480554.76;4469965.36;0
481350.17;4490287.63;0
481448.14;4366864.11;0
483886.64;4452197.82;0
484650.67;4478236.40;0
484803.70;4401827.99;0
485011.88;4439986.05;0
486181.15;4349885.40;0
487381.13;4413365.97;0
487383.61;4320809.50;0
488563.56;4423177.58;0
491011.41;4459544.95;0
491139.38;4397500.54;0
491273.47;4431507.41;0
491303.47;4389188.22;0
491783.45;4328219.37;0
492006.12;4404303.06;0
493140.36;4316217.38;0
493343.26;4470142.78;0
496816.04;4384932.53;0
497270.05;4463313.91;0
497583.24;4350068.96;0
497583.24;4336299.21;0
498015.73;4321840.90;0
498892.27;4377629.24;0
500333.14;4318069.55;0
500397.37;4405042.43;0
500413.14;4492756.21;0
500908.39;4453268.25;0
501263.11;4366028.67;0
505350.18;4406475.97;0
505551.48;4419428.49;0
506342.92;4421817.61;0
507255.41;4428575.53;0
507909.58;4435679.67;0
508882.83;4528165.50;0
509173.02;4430952.81;0
509532.81;4415427.72;0
509684.34;4401541.24;0
509678.08;4508719.11;0
510591.52;4412718.91;0
511322.75;4390228.21;0
512004.00;4522720.44;0
512298.87;4434997.31;0
512217.17;4531468.28;0
512435.65;4406839.28;0
514285.41;4430261.39;0
515062.61;4430857.43;0
515750.33;4421684.63;0
515547.67;4530264.51;0
516172.58;4351278.94;0
516333.30;4386380.66;0
519594.23;4429218.73;0
519722.44;4429537.45;0
519907.90;4397054.76;0
521512.99;4407858.19;0
522014.04;4404441.16;0
521923.42;4491328.41;0
522091.19;4436096.02;0
522141.47;4551839.84;0
524312.28;4351438.93;0
524065.37;4466592.78;0
525382.22;4538065.30;0
527362.16;4463486.79;0
527582.14;4517315.72;0
528022.15;4409877.83;0
527962.14;4500146.06;0
528935.26;4482860.48;0
528753.51;4545279.63;0
530231.12;4368542.85;0
530771.21;4355282.63;0
531062.04;4377968.44;0
531493.99;4407903.73;0
531107.85;4512130.24;0
531129.45;4507778.83;0
531505.58;4506714.74;0
531861.93;4558868.65;0
534141.94;4350818.95;0
533813.78;4441566.77;0
534221.77;4406727.81;0
534521.91;4429837.45;0
534096.78;4528994.68;0
537911.79;4392678.16;0
537727.57;4470178.64;0
539735.49;4393435.56;0
539950.34;4544144.11;0
541421.64;4480206.46;0
542288.62;4340065.48;0
541877.54;4462585.86;0
542391.63;4417257.70;0
542491.61;4432567.40;0
543001.62;4343249.09;0
543359.51;4366562.88;0
543357.54;4423878.05;0
543361.58;4445657.14;0
543911.58;4406207.91;0
544121.54;4513075.80;0
544872.52;4439548.41;0
545653.36;4456624.80;0
548571.42;4364118.70;0
551003.30;4469957.24;0
559080.99;4506965.92;0