"Field 0","Points:0","Points:1","Points:2"
nan,477560,5014200,863
nan,477560,5014200,854.9730225
nan,477560,5014200,846.9459839
nan,477560,5014200,838.9190063
nan,477560,5014200,830.8920288
nan,477560,5014200,822.8649902
nan,477560,5014200,814.8380127
nan,477560,5014200,806.8109741
nan,477560,5014200,798.7839966
nan,477560,5014200,790.757019
nan,477560,5014200,782.7299805
nan,477560,5014200,774.7030029
nan,477560,5014200,766.6760254
nan,477560,5014200,758.6489868
nan,477560,5014200,750.6220093
nan,477560,5014200,742.5949707
nan,477560,5014200,734.5679932
nan,477560,5014200,726.5410156
nan,477560,5014200,718.5139771
nan,477560,5014200,710.4869995
nan,477560,5014200,702.460022
nan,477560,5014200,694.4329834
nan,477560,5014200,686.4060059
nan,477560,5014200,678.3790283
nan,477560,5014200,670.3519897
nan,477560,5014200,662.3250122
nan,477560,5014200,654.2979736
nan,477560,5014200,646.2709961
nan,477560,5014200,638.2440186
nan,477560,5014200,630.21698
nan,477560,5014200,622.1900024
nan,477560,5014200,614.1630249
nan,477560,5014200,606.1359863
nan,477560,5014200,598.1090088
nan,477560,5014200,590.0819702
nan,477560,5014200,582.0549927
nan,477560,5014200,574.0280151
nan,477560,5014200,566.0009766
nan,477560,5014200,557.973999
nan,477560,5014200,549.9470215
nan,477560,5014200,541.9199829
nan,477560,5014200,533.8930054
nan,477560,5014200,525.8660278
nan,477560,5014200,517.8389893
nan,477560,5014200,509.8120117
nan,477560,5014200,501.7850037
nan,477560,5014200,493.7579956
nan,477560,5014200,485.7309875
nan,477560,5014200,477.70401
nan,477560,5014200,469.677002
nan,477560,5014200,461.6499939
nan,477560,5014200,453.6229858
nan,477560,5014200,445.5960083
nan,477560,5014200,437.5690002
nan,477560,5014200,429.5419922
nan,477560,5014200,421.5150146
nan,477560,5014200,413.4880066
nan,477560,5014200,405.4609985
nan,477560,5014200,397.4339905
nan,477560,5014200,389.4070129
nan,477560,5014200,381.3800049
nan,477560,5014200,373.3529968
nan,477560,5014200,365.3259888
nan,477560,5014200,357.2990112
nan,477560,5014200,349.2720032
nan,477560,5014200,341.2449951
0.31,477560,5014200,333.2179871
0.31,477560,5014200,325.1910095
0.31,477560,5014200,317.1640015
0.31,477560,5014200,309.1369934
0.31,477560,5014200,301.1099854
0.31,477560,5014200,293.0830078
0.31,477560,5014200,285.0559998
0.31,477560,5014200,277.0289917
0.31,477560,5014200,269.0020142
0.31,477560,5014200,260.9750061
0.31,477560,5014200,252.947998
0.31,477560,5014200,244.9210052
0.31,477560,5014200,236.8939972
0.31,477560,5014200,228.8670044
0.31,477560,5014200,220.8399963
0.31,477560,5014200,212.8130035
0.31,477560,5014200,204.7859955
0.31,477560,5014200,196.7590027
0.31,477560,5014200,188.7319946
0.31,477560,5014200,180.7050018
0.31,477560,5014200,172.6779938
0.31,477560,5014200,164.651001
0.31,477560,5014200,156.6239929
0.31,477560,5014200,148.5970001
0.31,477560,5014200,140.5700073
0.31,477560,5014200,132.5429993
0.31,477560,5014200,124.5159988
0.31,477560,5014200,116.4889984
0.31,477560,5014200,108.461998
0.31,477560,5014200,100.4349976
0.31,477560,5014200,92.40799713
0.31,477560,5014200,84.3809967
0.31,477560,5014200,76.35399628
0.31,477560,5014200,68.32700348
0.31,477560,5014200,60.29999924
0.31,477560,5014200,52.27299881
0.31,477560,5014200,44.24599838
0.31,477560,5014200,36.21900177
0.31,477560,5014200,28.19199944
0.31,477560,5014200,20.16500092
0.31,477560,5014200,12.13799953
0.31,477560,5014200,4.111000061
0.31,477560,5014200,-3.915999889
0.31,477560,5014200,-11.94299984
0.31,477560,5014200,-19.96999931
0.31,477560,5014200,-27.99699974
0.31,477560,5014200,-36.02399826
0.31,477560,5014200,-44.05099869
0.31,477560,5014200,-52.07799911
0.31,477560,5014200,-60.10499954
0.31,477560,5014200,-68.13200378
0.31,477560,5014200,-76.15899658
0.31,477560,5014200,-84.18599701
0.31,477560,5014200,-92.21299744
0.31,477560,5014200,-100.2399979
0.31,477560,5014200,-108.2669983
0.31,477560,5014200,-116.2939987
0.31,477560,5014200,-124.3209991
0.31,477560,5014200,-132.3480072
0.31,477560,5014200,-140.375
0.31,477560,5014200,-148.4019928
0.31,477560,5014200,-156.4290009
5.06,477560,5014200,-164.4559937
5.06,477560,5014200,-172.4830017
5.06,477560,5014200,-180.5099945
5.06,477560,5014200,-188.5370026
5.06,477560,5014200,-196.5639954
5.06,477560,5014200,-204.5910034
5.06,477560,5014200,-212.6179962
5.06,477560,5014200,-220.6450043
5.06,477560,5014200,-228.6719971
5.06,477560,5014200,-236.6990051
5.06,477560,5014200,-244.7259979
5.06,477560,5014200,-252.753006
5.06,477560,5014200,-260.7799988
5.06,477560,5014200,-268.8070068
5.06,477560,5014200,-276.8340149
5.06,477560,5014200,-284.8609924
5.06,477560,5014200,-292.8880005
5.06,477560,5014200,-300.9150085
5.06,477560,5014200,-308.9419861
5.06,477560,5014200,-316.9689941
5.06,477560,5014200,-324.9960022
5.06,477560,5014200,-333.0230103
5.06,477560,5014200,-341.0499878
5.06,477560,5014200,-349.0769958
5.06,477560,5014200,-357.1040039
5.06,477560,5014200,-365.131012
5.06,477560,5014200,-373.1579895
5.06,477560,5014200,-381.1849976
5.06,477560,5014200,-389.2120056
5.06,477560,5014200,-397.2390137
5.06,477560,5014200,-405.2659912
5.06,477560,5014200,-413.2929993
5.06,477560,5014200,-421.3200073
5.06,477560,5014200,-429.3469849
5.06,477560,5014200,-437.3739929
5.06,477560,5014200,-445.401001
5.06,477560,5014200,-453.428009
5.06,477560,5014200,-461.4549866
5.06,477560,5014200,-469.4819946
5.06,477560,5014200,-477.5090027
5.06,477560,5014200,-485.5360107
5.06,477560,5014200,-493.5629883
5.06,477560,5014200,-501.5899963
5.06,477560,5014200,-509.6170044
5.06,477560,5014200,-517.6439819
5.06,477560,5014200,-525.6710205
5.06,477560,5014200,-533.697998
5.06,477560,5014200,-541.7249756
5.06,477560,5014200,-549.7520142
5.06,477560,5014200,-557.7789917
5.06,477560,5014200,-565.8060303
5.06,477560,5014200,-573.8330078
5.06,477560,5014200,-581.8599854
5.06,477560,5014200,-589.8870239
5.06,477560,5014200,-597.9140015
5.06,477560,5014200,-605.940979
5.06,477560,5014200,-613.9680176
5.06,477560,5014200,-621.9949951
5.06,477560,5014200,-630.0219727
5.06,477560,5014200,-638.0490112
5.06,477560,5014200,-646.0759888
5.06,477560,5014200,-654.1030273
5.06,477560,5014200,-662.1300049
12.4,477560,5014200,-670.1569824
12.4,477560,5014200,-678.184021
12.4,477560,5014200,-686.2109985
12.4,477560,5014200,-694.2379761
12.4,477560,5014200,-702.2650146
12.4,477560,5014200,-710.2919922
12.4,477560,5014200,-718.3189697
12.4,477560,5014200,-726.3460083
12.4,477560,5014200,-734.3729858
12.4,477560,5014200,-742.4000244
12.4,477560,5014200,-750.427002
12.4,477560,5014200,-758.4539795
12.4,477560,5014200,-766.4810181
12.4,477560,5014200,-774.5079956
12.4,477560,5014200,-782.5349731
12.4,477560,5014200,-790.5620117
12.4,477560,5014200,-798.5889893
12.4,477560,5014200,-806.6160278
12.4,477560,5014200,-814.6430054
12.4,477560,5014200,-822.6699829
12.4,477560,5014200,-830.6970215
12.4,477560,5014200,-838.723999
12.4,477560,5014200,-846.7509766
12.4,477560,5014200,-854.7780151
12.4,477560,5014200,-862.8049927
12.4,477560,5014200,-870.8319702
12.4,477560,5014200,-878.8590088
12.4,477560,5014200,-886.8859863
12.4,477560,5014200,-894.9130249
12.4,477560,5014200,-902.9400024
12.4,477560,5014200,-910.96698
12.4,477560,5014200,-918.9940186
12.4,477560,5014200,-927.0209961
12.4,477560,5014200,-935.0479736
12.4,477560,5014200,-943.0750122
12.4,477560,5014200,-951.1019897
12.4,477560,5014200,-959.1290283
12.4,477560,5014200,-967.1560059
12.4,477560,5014200,-975.1829834
12.4,477560,5014200,-983.210022
12.4,477560,5014200,-991.2369995
12.4,477560,5014200,-999.2639771
12.4,477560,5014200,-1007.291016
12.4,477560,5014200,-1015.317993
12.4,477560,5014200,-1023.344971
12.4,477560,5014200,-1031.371948
12.4,477560,5014200,-1039.399048
12.4,477560,5014200,-1047.426025
12.4,477560,5014200,-1055.453003
12.4,477560,5014200,-1063.47998
12.4,477560,5014200,-1071.506958
12.4,477560,5014200,-1079.534058
12.4,477560,5014200,-1087.561035
12.4,477560,5014200,-1095.588013
12.4,477560,5014200,-1103.61499
12.4,477560,5014200,-1111.641968
12.4,477560,5014200,-1119.668945
12.4,477560,5014200,-1127.696045
12.4,477560,5014200,-1135.723022
12.4,477560,5014200,-1143.75
12.4,477560,5014200,-1151.776978
12.4,477560,5014200,-1159.803955
33.03,477560,5014200,-1167.831055
33.03,477560,5014200,-1175.858032
33.03,477560,5014200,-1183.88501
33.03,477560,5014200,-1191.911987
33.03,477560,5014200,-1199.938965
33.03,477560,5014200,-1207.965942
33.03,477560,5014200,-1215.993042
33.03,477560,5014200,-1224.02002
33.03,477560,5014200,-1232.046997
33.03,477560,5014200,-1240.073975
33.03,477560,5014200,-1248.100952
33.03,477560,5014200,-1256.128052
33.03,477560,5014200,-1264.155029
33.03,477560,5014200,-1272.182007
33.03,477560,5014200,-1280.208984
33.03,477560,5014200,-1288.235962
33.03,477560,5014200,-1296.262939
33.03,477560,5014200,-1304.290039
33.03,477560,5014200,-1312.317017
33.03,477560,5014200,-1320.343994
33.03,477560,5014200,-1328.370972
33.03,477560,5014200,-1336.397949
33.03,477560,5014200,-1344.425049
33.03,477560,5014200,-1352.452026
33.03,477560,5014200,-1360.479004
33.03,477560,5014200,-1368.505981
33.03,477560,5014200,-1376.532959
33.03,477560,5014200,-1384.560059
33.03,477560,5014200,-1392.587036
33.03,477560,5014200,-1400.614014
33.03,477560,5014200,-1408.640991
33.03,477560,5014200,-1416.667969
33.03,477560,5014200,-1424.694946
33.03,477560,5014200,-1432.722046
33.03,477560,5014200,-1440.749023
33.03,477560,5014200,-1448.776001
33.03,477560,5014200,-1456.802979
33.03,477560,5014200,-1464.829956
33.03,477560,5014200,-1472.857056
33.03,477560,5014200,-1480.884033
33.03,477560,5014200,-1488.911011
33.03,477560,5014200,-1496.937988
33.03,477560,5014200,-1504.964966
33.03,477560,5014200,-1512.991943
33.03,477560,5014200,-1521.019043
33.03,477560,5014200,-1529.046021
33.03,477560,5014200,-1537.072998
33.03,477560,5014200,-1545.099976
33.03,477560,5014200,-1553.126953
33.03,477560,5014200,-1561.154053
33.03,477560,5014200,-1569.18103
33.03,477560,5014200,-1577.208008
33.03,477560,5014200,-1585.234985
33.03,477560,5014200,-1593.261963
33.03,477560,5014200,-1601.28894
33.03,477560,5014200,-1609.31604
33.03,477560,5014200,-1617.343018
33.03,477560,5014200,-1625.369995
33.03,477560,5014200,-1633.396973
33.03,477560,5014200,-1641.42395
33.03,477560,5014200,-1649.45105
33.03,477560,5014200,-1657.478027
12.06,477560,5014200,-1665.505005
12.06,477560,5014200,-1673.531982
12.06,477560,5014200,-1681.55896
12.06,477560,5014200,-1689.58606
12.06,477560,5014200,-1697.613037
12.06,477560,5014200,-1705.640015
12.06,477560,5014200,-1713.666992
12.06,477560,5014200,-1721.69397
12.06,477560,5014200,-1729.720947
12.06,477560,5014200,-1737.748047
12.06,477560,5014200,-1745.775024
12.06,477560,5014200,-1753.802002
12.06,477560,5014200,-1761.828979
12.06,477560,5014200,-1769.855957
12.06,477560,5014200,-1777.883057
12.06,477560,5014200,-1785.910034
12.06,477560,5014200,-1793.937012
12.06,477560,5014200,-1801.963989
12.06,477560,5014200,-1809.990967
12.06,477560,5014200,-1818.017944
12.06,477560,5014200,-1826.045044
12.06,477560,5014200,-1834.072021
12.06,477560,5014200,-1842.098999
12.06,477560,5014200,-1850.125977
12.06,477560,5014200,-1858.152954
12.06,477560,5014200,-1866.180054
12.06,477560,5014200,-1874.207031
12.06,477560,5014200,-1882.234009
12.06,477560,5014200,-1890.260986
12.06,477560,5014200,-1898.287964
12.06,477560,5014200,-1906.314941
12.06,477560,5014200,-1914.342041
12.06,477560,5014200,-1922.369019
12.06,477560,5014200,-1930.395996
12.06,477560,5014200,-1938.422974
12.06,477560,5014200,-1946.449951
12.06,477560,5014200,-1954.477051
12.06,477560,5014200,-1962.504028
12.06,477560,5014200,-1970.531006
12.06,477560,5014200,-1978.557983
12.06,477560,5014200,-1986.584961
12.06,477560,5014200,-1994.612061
12.06,477560,5014200,-2002.639038
12.06,477560,5014200,-2010.666016
12.06,477560,5014200,-2018.692993
12.06,477560,5014200,-2026.719971
12.06,477560,5014200,-2034.746948
12.06,477560,5014200,-2042.774048
12.06,477560,5014200,-2050.801025
12.06,477560,5014200,-2058.827881
12.06,477560,5014200,-2066.85498
12.06,477560,5014200,-2074.88208
12.06,477560,5014200,-2082.908936
12.06,477560,5014200,-2090.936035
12.06,477560,5014200,-2098.962891
12.06,477560,5014200,-2106.98999
12.06,477560,5014200,-2115.01709
12.06,477560,5014200,-2123.043945
12.06,477560,5014200,-2131.071045
12.06,477560,5014200,-2139.0979
12.06,477560,5014200,-2147.125
12.06,477560,5014200,-2155.1521
12.06,477560,5014200,-2163.178955
8.34,477560,5014200,-2171.206055
8.34,477560,5014200,-2179.23291
8.34,477560,5014200,-2187.26001
8.34,477560,5014200,-2195.287109
8.34,477560,5014200,-2203.313965
8.34,477560,5014200,-2211.341064
8.34,477560,5014200,-2219.36792
8.34,477560,5014200,-2227.39502
8.34,477560,5014200,-2235.422119
8.34,477560,5014200,-2243.448975
8.34,477560,5014200,-2251.476074
8.34,477560,5014200,-2259.50293
8.34,477560,5014200,-2267.530029
8.34,477560,5014200,-2275.556885
8.34,477560,5014200,-2283.583984
8.34,477560,5014200,-2291.611084
8.34,477560,5014200,-2299.637939
8.34,477560,5014200,-2307.665039
8.34,477560,5014200,-2315.691895
8.34,477560,5014200,-2323.718994
8.34,477560,5014200,-2331.746094
8.34,477560,5014200,-2339.772949
8.34,477560,5014200,-2347.800049
8.34,477560,5014200,-2355.826904
8.34,477560,5014200,-2363.854004
8.34,477560,5014200,-2371.881104
8.34,477560,5014200,-2379.907959
8.34,477560,5014200,-2387.935059
8.34,477560,5014200,-2395.961914
8.34,477560,5014200,-2403.989014
8.34,477560,5014200,-2412.016113
8.34,477560,5014200,-2420.042969
8.34,477560,5014200,-2428.070068
8.34,477560,5014200,-2436.096924
8.34,477560,5014200,-2444.124023
8.34,477560,5014200,-2452.150879
8.34,477560,5014200,-2460.177979
8.34,477560,5014200,-2468.205078
8.34,477560,5014200,-2476.231934
8.34,477560,5014200,-2484.259033
8.34,477560,5014200,-2492.285889
8.34,477560,5014200,-2500.312988
8.34,477560,5014200,-2508.340088
8.34,477560,5014200,-2516.366943
8.34,477560,5014200,-2524.394043
8.34,477560,5014200,-2532.420898
8.34,477560,5014200,-2540.447998
8.34,477560,5014200,-2548.475098
8.34,477560,5014200,-2556.501953
8.34,477560,5014200,-2564.529053
8.34,477560,5014200,-2572.555908
8.34,477560,5014200,-2580.583008
8.34,477560,5014200,-2588.610107
8.34,477560,5014200,-2596.636963
8.34,477560,5014200,-2604.664062
8.34,477560,5014200,-2612.690918
8.34,477560,5014200,-2620.718018
8.34,477560,5014200,-2628.745117
8.34,477560,5014200,-2636.771973
8.34,477560,5014200,-2644.799072
8.34,477560,5014200,-2652.825928
8.34,477560,5014200,-2660.853027
7.78,477560,5014200,-2668.879883
7.78,477560,5014200,-2676.906982
7.78,477560,5014200,-2684.934082
7.78,477560,5014200,-2692.960938
7.78,477560,5014200,-2700.988037
7.78,477560,5014200,-2709.014893
7.78,477560,5014200,-2717.041992
7.78,477560,5014200,-2725.069092
7.78,477560,5014200,-2733.095947
7.78,477560,5014200,-2741.123047
7.78,477560,5014200,-2749.149902
7.78,477560,5014200,-2757.177002
7.78,477560,5014200,-2765.204102
7.78,477560,5014200,-2773.230957
7.78,477560,5014200,-2781.258057
7.78,477560,5014200,-2789.284912
7.78,477560,5014200,-2797.312012
7.78,477560,5014200,-2805.339111
7.78,477560,5014200,-2813.365967
7.78,477560,5014200,-2821.393066
7.78,477560,5014200,-2829.419922
7.78,477560,5014200,-2837.447021
7.78,477560,5014200,-2845.474121
7.78,477560,5014200,-2853.500977
7.78,477560,5014200,-2861.528076
7.78,477560,5014200,-2869.554932
7.78,477560,5014200,-2877.582031
7.78,477560,5014200,-2885.608887
7.78,477560,5014200,-2893.635986
7.78,477560,5014200,-2901.663086
7.78,477560,5014200,-2909.689941
7.78,477560,5014200,-2917.717041
7.78,477560,5014200,-2925.743896
7.78,477560,5014200,-2933.770996
7.78,477560,5014200,-2941.798096
7.78,477560,5014200,-2949.824951
7.78,477560,5014200,-2957.852051
7.78,477560,5014200,-2965.878906
7.78,477560,5014200,-2973.906006
7.78,477560,5014200,-2981.933105
7.78,477560,5014200,-2989.959961
7.78,477560,5014200,-2997.987061
7.78,477560,5014200,-3006.013916
7.78,477560,5014200,-3014.041016
7.78,477560,5014200,-3022.068115
7.78,477560,5014200,-3030.094971
7.78,477560,5014200,-3038.12207
7.78,477560,5014200,-3046.148926
7.78,477560,5014200,-3054.176025
7.78,477560,5014200,-3062.202881
7.78,477560,5014200,-3070.22998
7.78,477560,5014200,-3078.25708
7.78,477560,5014200,-3086.283936
7.78,477560,5014200,-3094.311035
7.78,477560,5014200,-3102.337891
7.78,477560,5014200,-3110.36499
7.78,477560,5014200,-3118.39209
7.78,477560,5014200,-3126.418945
7.78,477560,5014200,-3134.446045
7.78,477560,5014200,-3142.4729
7.78,477560,5014200,-3150.5
7.78,477560,5014200,-3158.5271
9.43,477560,5014200,-3166.553955
9.43,477560,5014200,-3174.581055
9.43,477560,5014200,-3182.60791
9.43,477560,5014200,-3190.63501
9.43,477560,5014200,-3198.662109
9.43,477560,5014200,-3206.688965
9.43,477560,5014200,-3214.716064
9.43,477560,5014200,-3222.74292
9.43,477560,5014200,-3230.77002
9.43,477560,5014200,-3238.797119
9.43,477560,5014200,-3246.823975
9.43,477560,5014200,-3254.851074
9.43,477560,5014200,-3262.87793
9.43,477560,5014200,-3270.905029
9.43,477560,5014200,-3278.931885
9.43,477560,5014200,-3286.958984
9.43,477560,5014200,-3294.986084
9.43,477560,5014200,-3303.012939
9.43,477560,5014200,-3311.040039
9.43,477560,5014200,-3319.066895
9.43,477560,5014200,-3327.093994
9.43,477560,5014200,-3335.121094
9.43,477560,5014200,-3343.147949
9.43,477560,5014200,-3351.175049
9.43,477560,5014200,-3359.201904
9.43,477560,5014200,-3367.229004
9.43,477560,5014200,-3375.256104
9.43,477560,5014200,-3383.282959
9.43,477560,5014200,-3391.310059
9.43,477560,5014200,-3399.336914
9.43,477560,5014200,-3407.364014
9.43,477560,5014200,-3415.391113
9.43,477560,5014200,-3423.417969
9.43,477560,5014200,-3431.445068
9.43,477560,5014200,-3439.471924
9.43,477560,5014200,-3447.499023
9.43,477560,5014200,-3455.525879
9.43,477560,5014200,-3463.552979
9.43,477560,5014200,-3471.580078
9.43,477560,5014200,-3479.606934
9.43,477560,5014200,-3487.634033
9.43,477560,5014200,-3495.660889
9.43,477560,5014200,-3503.687988
9.43,477560,5014200,-3511.715088
9.43,477560,5014200,-3519.741943
9.43,477560,5014200,-3527.769043
9.43,477560,5014200,-3535.795898
9.43,477560,5014200,-3543.822998
9.43,477560,5014200,-3551.850098
9.43,477560,5014200,-3559.876953
9.43,477560,5014200,-3567.904053
9.43,477560,5014200,-3575.930908
9.43,477560,5014200,-3583.958008
9.43,477560,5014200,-3591.985107
9.43,477560,5014200,-3600.011963
9.43,477560,5014200,-3608.039062
9.43,477560,5014200,-3616.065918
9.43,477560,5014200,-3624.093018
9.43,477560,5014200,-3632.120117
9.43,477560,5014200,-3640.146973
9.43,477560,5014200,-3648.174072
9.43,477560,5014200,-3656.200928
9.68,477560,5014200,-3664.228027
9.68,477560,5014200,-3672.254883
9.68,477560,5014200,-3680.281982
9.68,477560,5014200,-3688.309082
9.68,477560,5014200,-3696.335938
9.68,477560,5014200,-3704.363037
9.68,477560,5014200,-3712.389893
9.68,477560,5014200,-3720.416992
9.68,477560,5014200,-3728.444092
9.68,477560,5014200,-3736.470947
9.68,477560,5014200,-3744.498047
9.68,477560,5014200,-3752.524902
9.68,477560,5014200,-3760.552002
9.68,477560,5014200,-3768.579102
9.68,477560,5014200,-3776.605957
9.68,477560,5014200,-3784.633057
9.68,477560,5014200,-3792.659912
9.68,477560,5014200,-3800.687012
9.68,477560,5014200,-3808.714111
9.68,477560,5014200,-3816.740967
9.68,477560,5014200,-3824.768066
9.68,477560,5014200,-3832.794922
9.68,477560,5014200,-3840.822021
9.68,477560,5014200,-3848.849121
9.68,477560,5014200,-3856.875977
9.68,477560,5014200,-3864.903076
9.68,477560,5014200,-3872.929932
9.68,477560,5014200,-3880.957031
9.68,477560,5014200,-3888.983887
9.68,477560,5014200,-3897.010986
9.68,477560,5014200,-3905.038086
9.68,477560,5014200,-3913.064941
9.68,477560,5014200,-3921.092041
9.68,477560,5014200,-3929.118896
9.68,477560,5014200,-3937.145996
9.68,477560,5014200,-3945.173096
9.68,477560,5014200,-3953.199951
9.68,477560,5014200,-3961.227051
9.68,477560,5014200,-3969.253906
9.68,477560,5014200,-3977.281006
9.68,477560,5014200,-3985.308105
9.68,477560,5014200,-3993.334961
9.68,477560,5014200,-4001.362061
9.68,477560,5014200,-4009.388916
9.68,477560,5014200,-4017.416016
9.68,477560,5014200,-4025.443115
9.68,477560,5014200,-4033.469971
9.68,477560,5014200,-4041.49707
9.68,477560,5014200,-4049.523926
9.68,477560,5014200,-4057.551025
9.68,477560,5014200,-4065.577881
9.68,477560,5014200,-4073.60498
9.68,477560,5014200,-4081.63208
9.68,477560,5014200,-4089.658936
9.68,477560,5014200,-4097.686035
9.68,477560,5014200,-4105.712891
9.68,477560,5014200,-4113.740234
9.68,477560,5014200,-4121.76709
9.68,477560,5014200,-4129.793945
9.68,477560,5014200,-4137.820801
9.68,477560,5014200,-4145.848145
9.68,477560,5014200,-4153.875
9.68,477560,5014200,-4161.901855
10.16,477560,5014200,-4169.929199
10.16,477560,5014200,-4177.956055
10.16,477560,5014200,-4185.98291
10.16,477560,5014200,-4194.009766
10.16,477560,5014200,-4202.037109
10.16,477560,5014200,-4210.063965
10.16,477560,5014200,-4218.09082
10.16,477560,5014200,-4226.118164
10.16,477560,5014200,-4234.14502
10.16,477560,5014200,-4242.171875
10.16,477560,5014200,-4250.199219
10.16,477560,5014200,-4258.226074
10.16,477560,5014200,-4266.25293
10.16,477560,5014200,-4274.279785
10.16,477560,5014200,-4282.307129
10.16,477560,5014200,-4290.333984
10.16,477560,5014200,-4298.36084
10.16,477560,5014200,-4306.388184
10.16,477560,5014200,-4314.415039
10.16,477560,5014200,-4322.441895
10.16,477560,5014200,-4330.469238
10.16,477560,5014200,-4338.496094
10.16,477560,5014200,-4346.522949
10.16,477560,5014200,-4354.549805
10.16,477560,5014200,-4362.577148
10.16,477560,5014200,-4370.604004
10.16,477560,5014200,-4378.630859
10.16,477560,5014200,-4386.658203
10.16,477560,5014200,-4394.685059
10.16,477560,5014200,-4402.711914
10.16,477560,5014200,-4410.73877
10.16,477560,5014200,-4418.766113
10.16,477560,5014200,-4426.792969
10.16,477560,5014200,-4434.819824
10.16,477560,5014200,-4442.847168
10.16,477560,5014200,-4450.874023
10.16,477560,5014200,-4458.900879
10.16,477560,5014200,-4466.928223
10.16,477560,5014200,-4474.955078
10.16,477560,5014200,-4482.981934
10.16,477560,5014200,-4491.008789
10.16,477560,5014200,-4499.036133
10.16,477560,5014200,-4507.062988
10.16,477560,5014200,-4515.089844
10.16,477560,5014200,-4523.117188
10.16,477560,5014200,-4531.144043
10.16,477560,5014200,-4539.170898
10.16,477560,5014200,-4547.198242
10.16,477560,5014200,-4555.225098
10.16,477560,5014200,-4563.251953
10.16,477560,5014200,-4571.278809
10.16,477560,5014200,-4579.306152
10.16,477560,5014200,-4587.333008
10.16,477560,5014200,-4595.359863
10.16,477560,5014200,-4603.387207
10.16,477560,5014200,-4611.414062
10.16,477560,5014200,-4619.440918
10.16,477560,5014200,-4627.467773
10.16,477560,5014200,-4635.495117
10.16,477560,5014200,-4643.521973
10.16,477560,5014200,-4651.548828
10.16,477560,5014200,-4659.576172
7.17,477560,5014200,-4667.603027
7.17,477560,5014200,-4675.629883
7.17,477560,5014200,-4683.657227
7.17,477560,5014200,-4691.684082
7.17,477560,5014200,-4699.710938
7.17,477560,5014200,-4707.737793
7.17,477560,5014200,-4715.765137
7.17,477560,5014200,-4723.791992
7.17,477560,5014200,-4731.818848
7.17,477560,5014200,-4739.846191
7.17,477560,5014200,-4747.873047
7.17,477560,5014200,-4755.899902
7.17,477560,5014200,-4763.926758
7.17,477560,5014200,-4771.954102
7.17,477560,5014200,-4779.980957
7.17,477560,5014200,-4788.007812
7.17,477560,5014200,-4796.035156
7.17,477560,5014200,-4804.062012
7.17,477560,5014200,-4812.088867
7.17,477560,5014200,-4820.116211
7.17,477560,5014200,-4828.143066
7.17,477560,5014200,-4836.169922
7.17,477560,5014200,-4844.196777
7.17,477560,5014200,-4852.224121
7.17,477560,5014200,-4860.250977
7.17,477560,5014200,-4868.277832
7.17,477560,5014200,-4876.305176
7.17,477560,5014200,-4884.332031
7.17,477560,5014200,-4892.358887
7.17,477560,5014200,-4900.38623
7.17,477560,5014200,-4908.413086
7.17,477560,5014200,-4916.439941
7.17,477560,5014200,-4924.466797
7.17,477560,5014200,-4932.494141
7.17,477560,5014200,-4940.520996
7.17,477560,5014200,-4948.547852
7.17,477560,5014200,-4956.575195
7.17,477560,5014200,-4964.602051
7.17,477560,5014200,-4972.628906
7.17,477560,5014200,-4980.655762
7.17,477560,5014200,-4988.683105
7.17,477560,5014200,-4996.709961
7.17,477560,5014200,-5004.736816
7.17,477560,5014200,-5012.76416
7.17,477560,5014200,-5020.791016
7.17,477560,5014200,-5028.817871
7.17,477560,5014200,-5036.845215
7.17,477560,5014200,-5044.87207
7.17,477560,5014200,-5052.898926
7.17,477560,5014200,-5060.925781
7.17,477560,5014200,-5068.953125
7.17,477560,5014200,-5076.97998
7.17,477560,5014200,-5085.006836
7.17,477560,5014200,-5093.03418
7.17,477560,5014200,-5101.061035
7.17,477560,5014200,-5109.087891
7.17,477560,5014200,-5117.115234
7.17,477560,5014200,-5125.14209
7.17,477560,5014200,-5133.168945
7.17,477560,5014200,-5141.195801
7.17,477560,5014200,-5149.223145
7.17,477560,5014200,-5157.25
7.76,477560,5014200,-5165.276855
7.76,477560,5014200,-5173.304199
7.76,477560,5014200,-5181.331055
7.76,477560,5014200,-5189.35791
7.76,477560,5014200,-5197.384766
7.76,477560,5014200,-5205.412109
7.76,477560,5014200,-5213.438965
7.76,477560,5014200,-5221.46582
7.76,477560,5014200,-5229.493164
7.76,477560,5014200,-5237.52002
7.76,477560,5014200,-5245.546875
7.76,477560,5014200,-5253.574219
7.76,477560,5014200,-5261.601074
7.76,477560,5014200,-5269.62793
7.76,477560,5014200,-5277.654785
7.76,477560,5014200,-5285.682129
7.76,477560,5014200,-5293.708984
7.76,477560,5014200,-5301.73584
7.76,477560,5014200,-5309.763184
7.76,477560,5014200,-5317.790039
7.76,477560,5014200,-5325.816895
7.76,477560,5014200,-5333.844238
7.76,477560,5014200,-5341.871094
7.76,477560,5014200,-5349.897949
7.76,477560,5014200,-5357.924805
7.76,477560,5014200,-5365.952148
7.76,477560,5014200,-5373.979004
7.76,477560,5014200,-5382.005859
7.76,477560,5014200,-5390.033203
7.76,477560,5014200,-5398.060059
7.76,477560,5014200,-5406.086914
7.76,477560,5014200,-5414.11377
7.76,477560,5014200,-5422.141113
7.76,477560,5014200,-5430.167969
7.76,477560,5014200,-5438.194824
7.76,477560,5014200,-5446.222168
7.76,477560,5014200,-5454.249023
7.76,477560,5014200,-5462.275879
7.76,477560,5014200,-5470.303223
7.76,477560,5014200,-5478.330078
7.76,477560,5014200,-5486.356934
7.76,477560,5014200,-5494.383789
7.76,477560,5014200,-5502.411133
7.76,477560,5014200,-5510.437988
7.76,477560,5014200,-5518.464844
7.76,477560,5014200,-5526.492188
7.76,477560,5014200,-5534.519043
7.76,477560,5014200,-5542.545898
7.76,477560,5014200,-5550.573242
7.76,477560,5014200,-5558.600098
7.76,477560,5014200,-5566.626953
7.76,477560,5014200,-5574.653809
7.76,477560,5014200,-5582.681152
7.76,477560,5014200,-5590.708008
7.76,477560,5014200,-5598.734863
7.76,477560,5014200,-5606.762207
7.76,477560,5014200,-5614.789062
7.76,477560,5014200,-5622.815918
7.76,477560,5014200,-5630.842773
7.76,477560,5014200,-5638.870117
7.76,477560,5014200,-5646.896973
7.76,477560,5014200,-5654.923828
7.76,477560,5014200,-5662.951172
12.12,477560,5014200,-5670.978027
12.12,477560,5014200,-5679.004883
12.12,477560,5014200,-5687.032227
12.12,477560,5014200,-5695.059082
12.12,477560,5014200,-5703.085938
12.12,477560,5014200,-5711.112793
12.12,477560,5014200,-5719.140137
12.12,477560,5014200,-5727.166992
12.12,477560,5014200,-5735.193848
12.12,477560,5014200,-5743.221191
12.12,477560,5014200,-5751.248047
12.12,477560,5014200,-5759.274902
12.12,477560,5014200,-5767.301758
12.12,477560,5014200,-5775.329102
12.12,477560,5014200,-5783.355957
12.12,477560,5014200,-5791.382812
12.12,477560,5014200,-5799.410156
12.12,477560,5014200,-5807.437012
12.12,477560,5014200,-5815.463867
12.12,477560,5014200,-5823.491211
12.12,477560,5014200,-5831.518066
12.12,477560,5014200,-5839.544922
12.12,477560,5014200,-5847.571777
12.12,477560,5014200,-5855.599121
12.12,477560,5014200,-5863.625977
12.12,477560,5014200,-5871.652832
12.12,477560,5014200,-5879.680176
12.12,477560,5014200,-5887.707031
12.12,477560,5014200,-5895.733887
12.12,477560,5014200,-5903.76123
12.12,477560,5014200,-5911.788086
12.12,477560,5014200,-5919.814941
12.12,477560,5014200,-5927.841797
12.12,477560,5014200,-5935.869141
12.12,477560,5014200,-5943.895996
12.12,477560,5014200,-5951.922852
12.12,477560,5014200,-5959.950195
12.12,477560,5014200,-5967.977051
12.12,477560,5014200,-5976.003906
12.12,477560,5014200,-5984.030762
12.12,477560,5014200,-5992.058105
12.12,477560,5014200,-6000.084961
12.12,477560,5014200,-6008.111816
12.12,477560,5014200,-6016.13916
12.12,477560,5014200,-6024.166016
12.12,477560,5014200,-6032.192871
12.12,477560,5014200,-6040.220215
12.12,477560,5014200,-6048.24707
12.12,477560,5014200,-6056.273926
12.12,477560,5014200,-6064.300781
12.12,477560,5014200,-6072.328125
12.12,477560,5014200,-6080.35498
12.12,477560,5014200,-6088.381836
12.12,477560,5014200,-6096.40918
12.12,477560,5014200,-6104.436035
12.12,477560,5014200,-6112.462891
12.12,477560,5014200,-6120.490234
12.12,477560,5014200,-6128.51709
12.12,477560,5014200,-6136.543945
12.12,477560,5014200,-6144.570801
12.12,477560,5014200,-6152.598145
12.12,477560,5014200,-6160.625
17.51,477560,5014200,-6168.651855
17.51,477560,5014200,-6176.679199
17.51,477560,5014200,-6184.706055
17.51,477560,5014200,-6192.73291
17.51,477560,5014200,-6200.759766
17.51,477560,5014200,-6208.787109
17.51,477560,5014200,-6216.813965
17.51,477560,5014200,-6224.84082
17.51,477560,5014200,-6232.868164
17.51,477560,5014200,-6240.89502
17.51,477560,5014200,-6248.921875
17.51,477560,5014200,-6256.949219
17.51,477560,5014200,-6264.976074
17.51,477560,5014200,-6273.00293
17.51,477560,5014200,-6281.029785
17.51,477560,5014200,-6289.057129
17.51,477560,5014200,-6297.083984
17.51,477560,5014200,-6305.11084
17.51,477560,5014200,-6313.138184
17.51,477560,5014200,-6321.165039
17.51,477560,5014200,-6329.191895
17.51,477560,5014200,-6337.219238
17.51,477560,5014200,-6345.246094
17.51,477560,5014200,-6353.272949
17.51,477560,5014200,-6361.299805
17.51,477560,5014200,-6369.327148
17.51,477560,5014200,-6377.354004
17.51,477560,5014200,-6385.380859
17.51,477560,5014200,-6393.408203
17.51,477560,5014200,-6401.435059
17.51,477560,5014200,-6409.461914
17.51,477560,5014200,-6417.48877
17.51,477560,5014200,-6425.516113
17.51,477560,5014200,-6433.542969
17.51,477560,5014200,-6441.569824
17.51,477560,5014200,-6449.597168
17.51,477560,5014200,-6457.624023
17.51,477560,5014200,-6465.650879
17.51,477560,5014200,-6473.678223
17.51,477560,5014200,-6481.705078
17.51,477560,5014200,-6489.731934
17.51,477560,5014200,-6497.758789
17.51,477560,5014200,-6505.786133
17.51,477560,5014200,-6513.812988
17.51,477560,5014200,-6521.839844
17.51,477560,5014200,-6529.867188
17.51,477560,5014200,-6537.894043
17.51,477560,5014200,-6545.920898
17.51,477560,5014200,-6553.948242
17.51,477560,5014200,-6561.975098
17.51,477560,5014200,-6570.001953
17.51,477560,5014200,-6578.028809
17.51,477560,5014200,-6586.056152
17.51,477560,5014200,-6594.083008
17.51,477560,5014200,-6602.109863
17.51,477560,5014200,-6610.137207
17.51,477560,5014200,-6618.164062
17.51,477560,5014200,-6626.190918
17.51,477560,5014200,-6634.217773
17.51,477560,5014200,-6642.245117
17.51,477560,5014200,-6650.271973
17.51,477560,5014200,-6658.298828
19.43,477560,5014200,-6666.326172
19.43,477560,5014200,-6674.353027
19.43,477560,5014200,-6682.379883
19.43,477560,5014200,-6690.407227
19.43,477560,5014200,-6698.434082
19.43,477560,5014200,-6706.460938
19.43,477560,5014200,-6714.487793
19.43,477560,5014200,-6722.515137
19.43,477560,5014200,-6730.541992
19.43,477560,5014200,-6738.568848
19.43,477560,5014200,-6746.596191
19.43,477560,5014200,-6754.623047
19.43,477560,5014200,-6762.649902
19.43,477560,5014200,-6770.676758
19.43,477560,5014200,-6778.704102
19.43,477560,5014200,-6786.730957
19.43,477560,5014200,-6794.757812
19.43,477560,5014200,-6802.785156
19.43,477560,5014200,-6810.812012
19.43,477560,5014200,-6818.838867
19.43,477560,5014200,-6826.866211
19.43,477560,5014200,-6834.893066
19.43,477560,5014200,-6842.919922
19.43,477560,5014200,-6850.946777
19.43,477560,5014200,-6858.974121
19.43,477560,5014200,-6867.000977
19.43,477560,5014200,-6875.027832
19.43,477560,5014200,-6883.055176
19.43,477560,5014200,-6891.082031
19.43,477560,5014200,-6899.108887
19.43,477560,5014200,-6907.13623
19.43,477560,5014200,-6915.163086
19.43,477560,5014200,-6923.189941
19.43,477560,5014200,-6931.216797
19.43,477560,5014200,-6939.244141
19.43,477560,5014200,-6947.270996
19.43,477560,5014200,-6955.297852
19.43,477560,5014200,-6963.325195
19.43,477560,5014200,-6971.352051
19.43,477560,5014200,-6979.378906
19.43,477560,5014200,-6987.405762
19.43,477560,5014200,-6995.433105
19.43,477560,5014200,-7003.459961
19.43,477560,5014200,-7011.486816
19.43,477560,5014200,-7019.51416
19.43,477560,5014200,-7027.541016
19.43,477560,5014200,-7035.567871
19.43,477560,5014200,-7043.595215
19.43,477560,5014200,-7051.62207
19.43,477560,5014200,-7059.648926
19.43,477560,5014200,-7067.675781
19.43,477560,5014200,-7075.703125
19.43,477560,5014200,-7083.72998
19.43,477560,5014200,-7091.756836
19.43,477560,5014200,-7099.78418
19.43,477560,5014200,-7107.811035
19.43,477560,5014200,-7115.837891
19.43,477560,5014200,-7123.865234
19.43,477560,5014200,-7131.89209
19.43,477560,5014200,-7139.918945
19.43,477560,5014200,-7147.945801
19.43,477560,5014200,-7155.973145
19.43,477560,5014200,-7164
