id;date;east_UTM;north_UTM;forecast
;;m;m; 
V;V;R;R;R+
;;;; 
id_pluv;date;x_coord_UTM;y_coord_UTM;cumulative
;;;; 
4378780076121;080320181100;388411.71;4849436.97;0.058
4379330076189;080320181100;388969.04;4850038.69;0.073
4382270077862;080320181100;402476.81;4853093.05;0.082
4382760076985;080320181100;395433.07;4853744.48;0.195
4383100075432;080320181100;382952.42;4854330.3;0.144
4384600076210;080320181100;389235.56;4855889.08;0.108
4385260079286;080320181100;413970.76;4856255.79;0.108
4387180102403;080320181100;599737.63;4858578.04;0.128
4387320075448;080320181100;383163.55;4859015.08;0.11
4387960080165;080320181100;421071.27;4859166.82;0.263
4387970077739;080320181100;401581.59;4859438.45;0.045
4388860076018;080320181100;387772.24;4860646.47;0.119
4389590102419;080320181100;599825.96;4861256.7;0.184
4390460077333;080320181100;398362.29;4862253.23;0.06
4390590079515;080320181100;415886.42;4862152.08;0.305
4391860076945;080320181100;395271.07;4863856.69;0.165
4391990080677;080320181100;425235.05;4863595.16;0.193
4393070078420;080320181100;407131.97;4865024;0.086
4393330080007;080320181100;419874.09;4865146.37;0.07
4393960076081;080320181100;388373.75;4866302.42;0.05
4396140076850;080320181100;394584.09;4868622.53;0.145
4397240101848;080320181100;595118.02;4869686.08;0.268
4397710079532;080320181100;416123.2;4870058.41;0.276
4397920081036;080320181100;428188.73;4870149.6;0.054
4398130078667;080320181100;409191.77;4870616.57;0.121
4398150076998;080320181100;395806.64;4870836.21;0.261
4399180102519;080320181100;600467.59;4871920.31;0.217
4399290102094;080320181100;597057.87;4871991.63;0.17
4399450077624;080320181100;400848.85;4872202.89;0.028
4400620081693;080320181100;433488.28;4873093.31;0.047
4400650080352;080320181100;422738.3;4873243.67;0.144
4402370102285;080320181100;598538.43;4875435.22;0.222
4403010101718;080320181100;593984.19;4876079.91;0.217
4403910102463;080320181100;599939.12;4877167.12;0.303
4404200077934;080320181100;403411.74;4877441.88;0.308
4404420077211;080320181100;397622.93;4877773.6;0.042
4404520100601;080320181100;585011.56;4877635.88;0.574
4404630101118;080320181100;589151.82;4877812.64;0.468
4404780101100;080320181100;589005.38;4877977.3;0.049
4404880082108;080320181100;436860.49;4877792.21;0.131
4404950079147;080320181100;413141.12;4878139.76;0.497
4405020100141;080320181100;581319.46;4878144.85;0.331
4405200098359;080320181100;567042.27;4878184.52;0.279
4405690101742;080320181100;594134.1;4879059.33;0.007
4405720080413;080320181100;423292.81;4878869.21;0.266
4405760102075;080320181100;596800.24;4879175.64;0.253
4405830101682;080320181100;593651.3;4879208;0.363
4406390078664;080320181100;409293.88;4879791.28;0.42
4406390099723;080320181100;577953.01;4879626.15;0.014
4406390100817;080320181100;586714.76;4879735.39;0.06
4406510100767;080320181100;586312.57;4879863.43;0.063
4406540080043;080320181100;420340.19;4879815.14;0.268
4406880081796;080320181100;434383.2;4880038.02;0.049
4406940077306;080320181100;398427.16;4880560.81;0.172
4407130099384;080320181100;575228.62;4880416.59;0.258
4407490100090;080320181100;580877.31;4880883.28;0.305
4407680081342;080320181100;430756.8;4880963.8;0.119
4408050081582;080320181100;432682.72;4881354.84;0.088
4408320078733;080320181100;409875.82;4881927.37;0.306
4408380101288;080320181100;590456.67;4881996.31;0.027
4408940101794;080320181100;594498.92;4882675.09;0.008
4409110101034;080320181100;588412.22;4882779.57;0.203
4409400101707;080320181100;593795.17;4883176.08;0.413
4409450098097;080320181100;564897.11;4882884.06;0.27
4409470098094;080320181100;564872.88;4882906.04;0.008
4410330099305;080320181100;574555.83;4883963.68;0.013
4410380100070;080320181100;580677.9;4884091.27;0.366
4410630097348;080320181100;558889.84;4884138.46;0.242
4410700098282;080320181100;566364.03;4884287.18;0.243
4411230099655;080320181100;577345.37;4884995.58;0.352
4411600101040;080320181100;588423.16;4885545.89;0.223
4411780078675;080320181100;409464.32;4885776.81;0.01
4412280079965;080320181100;419793.22;4886198.21;0.305
4412750077292;080320181100;398414.67;4887015.8;0.007
4412780100003;080320181100;580109.27;4886750.45;0.075
4412950098689;080320181100;569594.9;4886819.87;0.03
4413200081189;080320181100;429597.33;4887107.93;0.027
4413250097903;080320181100;563303.66;4887089.68;0.27
4413490101972;080320181100;595850.38;4887749.42;0.294
4413800099062;080320181100;572568.52;4887796.17;0.309
4414440081634;080320181100;433171.21;4888448.06;0.05
4414660082624;080320181100;441091.46;4888616.65;0.108
4414820081645;080320181100;433263.48;4888869.24;0.086
4414830096402;080320181100;551282.55;4888740.23;0.248
4415320097637;080320181100;561154.41;4889368.77;0.267
4415590100333;080320181100;582710.16;4889904.2;0.379
4416170075908;080320181100;387407.26;4890994.82;0.001
4416400082200;080320181100;437718.75;4890580.59;0.06
4416910101500;080320181100;592021.57;4891494.24;0.502
4417090102082;080320181100;596671.56;4891760.9;0.483
4417140096068;080320181100;548592.46;4891285.75;0.24
4417750080444;080320181100;423696.27;4892228.24;0.011
4417890096187;080320181100;549537.52;4892125.88;0.181
4418990097150;080320181100;557224.5;4893410.12;0.261
4419310077331;080320181100;398838.95;4894297.36;0.073
4419320083788;080320181100;450439.92;4893715.73;0.079
4419420074894;080320181100;379365.9;4894748.67;0.123
4419510097710;080320181100;561694.54;4894028.16;0.269
4419570083020;080320181100;444304.86;4894042.67;0.044
4419800098490;080320181100;567924.33;4894411.7;0.277
4420310082933;080320181100;443616.7;4894870.55;0.103
4421090101163;080320181100;589264.29;4896099.96;0.378
4421110079444;080320181100;415750.63;4896058.07;0.034
4421360095403;080320181100;543245.38;4895935.93;0.274
4422000078328;080320181100;406848.9;4897167.24;0.008
4422200099000;080320181100;571970.44;4897120.83;0.351
4422670099667;080320181100;577291.99;4897703.41;0.08
4422890100683;080320181100;585403.53;4898048.3;0.038
4423130097155;080320181100;557224.42;4898008.9;0.248
4423230082024;080320181100;436385.19;4898180.37;0.05
4423230082025;080320181100;436393.17;4898180.29;0.014
4423360076572;080320181100;392846.94;4898892.16;0.035
4423410081182;080320181100;429662.99;4898449.05;0.013
4423530081194;080320181100;429760.25;4898581.31;0.198
4424240100033;080320181100;580193.9;4899482.32;0.004
4424330081958;080320181100;435870.07;4899407.32;0.017
4424400081958;080320181100;435870.83;4899485.07;0.027
4424500096147;080320181100;549162.85;4899465.42;0.231
4424690101517;080320181100;592036.34;4900137.65;0.092
4424970099658;080320181100;577190.07;4900257.26;0.237
4424990098400;080320181100;567146.21;4900169.02;0.309
4425000099690;080320181100;577445.16;4900293.59;0.171
4425780084492;080320181100;456114;4900850.95;0.08
4426000078056;080320181100;404740.84;4901641.44;0.006
4426390075183;080320181100;381815.09;4902448.49;0.045
4426430097370;080320181100;558908.57;4901689.52;0.258
4427000094297;080320181100;534377.14;4902148.33;0.159
4427470078364;080320181100;407222.58;4903238.92;0.178
4427470096596;080320181100;552721.35;4902792.13;0.24
4427520095977;080320181100;547781.08;4902809.83;0.259
4427780079022;080320181100;412478.31;4903510.9;0.002
4428240098635;080320181100;568984.42;4903798.4;0.046
4428360082053;080320181100;436671.95;4903876.22;0.035
4428420083714;080320181100;449925.92;4903827.92;0.072
4428430083714;080320181100;449926.01;4903839.03;0.078
4428610079539;080320181100;416615.73;4904378.92;0.117
4428650082025;080320181100;436451.66;4904200.51;0.013
4428970083006;080320181100;444281.91;4904484.55;0.087
4429320082979;080320181100;444069.82;4904875.15;0.017
4429510094814;080320181100;538486.98;4904959.19;0.242
4429670093735;080320181100;529878.29;4905092.06;0.014
4429680093736;080320181100;529886.22;4905103.21;0.007
4429850096775;080320181100;554128.02;4905447.34;0.223
4429860076386;080320181100;391481.3;4906136.48;0.035
4430000098000;080320181100;563898.45;4905701.96;0.038
4430350101195;080320181100;589379.66;4906388.92;0.338
4430410102168;080320181100;597139.85;4906566.1;0.368
4430540097658;080320181100;561164.72;4906275.72;0.275
4430620084830;080320181100;458846.02;4906209.4;0.049
4430620084831;080320181100;458854;4906209.35;0.014
4431000077442;080320181100;399924.63;4907268.34;0.022
4431010099845;080320181100;578602.55;4906983.9;0.027
4431090094410;080320181100;535254.57;4906696.06;0.091
4431270095486;080320181100;543834.88;4906947.76;0.116
4431320081598;080320181100;433075.08;4907200.21;0.013
4431330081596;080320181100;433059.24;4907211.48;0.029
4431880093298;080320181100;526382.29;4907531.87;0.176
4432190093453;080320181100;527616.88;4907881.29;0.142
4432220093455;080320181100;527632.68;4907914.68;0.008
4432320096148;080320181100;549105.76;4908151.5;0.267
4432710091691;080320181100;513565.48;4908414.82;0.249
4433300083829;080320181100;450884.3;4909241.41;0.071
4433300100335;080320181100;582478.55;4909575.61;0.005
4433420080872;080320181100;427311.05;4909594.67;0.014
4433430083478;080320181100;448087.1;4909407.47;0.092
4433440075586;080320181100;385169.43;4910222.03;0.007
4433540084801;080320181100;458635.27;4909454.26;0.061
4433620092104;080320181100;516855.86;4909433.22;0.197
4433910098221;080320181100;565617.83;4910062.43;0.294
4434170101403;080320181100;590979.77;4910654.87;0.261
4434210093562;080320181100;528476.3;4910128.73;0.025
4434560084375;080320181100;455246.9;4910609.65;0.067
4434700091593;080320181100;512779.81;4910623.65;0.098
4434970096991;080320181100;555802.6;4911148.85;0.304
4435050094808;080320181100;538403.03;4911112.48;0.15
4435240095841;080320181100;546634.68;4911377.01;0.008
4435290097641;080320181100;560979.96;4911550.54;0.322
4435450092093;080320181100;516762.98;4911465.68;0.112
4436180098966;080320181100;571529.16;4912646.11;0.048
4436190085273;080320181100;462415.12;4912374.98;0.04
4436190102008;080320181100;595769.57;4912967.48;0.1
4436330101056;080320181100;588181.34;4913016.21;0.076
4436640084667;080320181100;457589.41;4912904.47;0.05
4436660099559;080320181100;576248.33;4913232.7;0.013
4436690083225;080320181100;446100.03;4913044.9;0.057
4436810079644;080320181100;417568.56;4913476.49;0.034
4436920098830;080320181100;570436.57;4913456.31;0.012
4436920098832;080320181100;570452.5;4913456.48;0.298
4436940098928;080320181100;571217.15;4913486.99;0.014
4436960081910;080320181100;435625.17;4913439.86;0.08
4437060075275;080320181100;382762.28;4914287.07;0.007
4437230085732;080320181100;466078.72;4913510.1;0.118
4437490094577;080320181100;536546.79;4913812.19;0.032
4437780081139;080320181100;429492.03;4914414.23;0.185
4438240085556;080320181100;464682.58;4914639.42;0.014
4438310095842;080320181100;546618.33;4914787.1;0.292
4438400090607;080320181100;504917.75;4914722.91;0.028
4438720080178;080320181100;421848.79;4915545.66;0.031
4438780075472;080320181100;384365.76;4916169.57;0.008
4439170078147;080320181100;405678.73;4916259.58;0.011
4439360092710;080320181100;521665.85;4915823.16;0.079
4439370092710;080320181100;521665.82;4915834.27;0.052
4439920082803;080320181100;442769.09;4916661.34;0.029
4440040089459;080320181100;495774.45;4916544.2;0.035
4440230082722;080320181100;442127.11;4917011.38;0.011
4440290090932;080320181100;507504.17;4916824.69;0.087
4440350086477;080320181100;472029.18;4916947.46;0.05
4440530096205;080320181100;549491.21;4917274.26;0.259
4440580100147;080320181100;580879.56;4917643.25;0.32
4440610096822;080320181100;554403.46;4917402.21;0.226
4440640086246;080320181100;470191.21;4917277.76;0.067
4440670085260;080320181100;462340.33;4917351.8;0.098
4440680095338;080320181100;542586.45;4917392.21;0.229
4440810084122;080320181100;453280.1;4917566.07;0.229
4440840091815;080320181100;514534.17;4917447.4;0.01
4441140088841;080320181100;490854.82;4917771.15;0.054
4441260084118;080320181100;453251.84;4918066.14;0.015
4441390081708;080320181100;434065.55;4918376.64;0.016
4441580084825;080320181100;458883.02;4918383.57;0.069
4441680090091;080320181100;500807.1;4918364.47;0.031
4441810076919;080320181100;395945.07;4919340.92;0.012
4442110093219;080320181100;525707.67;4918892.45;0.03
4442370089726;080320181100;497901.54;4919131.23;0.101
4442420092849;080320181100;522761.06;4919225.87;0.199
4442430094101;080320181100;532727.1;4919279.29;0.099
4442670101731;080320181100;593459.15;4920133.29;0.1052
4442800089343;080320181100;494853.16;4919610.59;0.041
4442850090635;080320181100;505136.95;4919665.99;0.062
4443230088246;080320181100;486122.48;4920101.09;0.04
4443420100317;080320181100;582193.45;4920814.76;0.004
4443430087416;080320181100;479517.18;4920340.75;0.047
4443440089611;080320181100;496986.68;4920320.12;0.058
4443830100928;080320181100;587050.19;4921333.31;0.203
4443850091074;080320181100;508629.73;4920780.41;0.292
4444080090472;080320181100;503838.75;4921031.37;0.061
4444190094786;080320181100;538168.35;4921263.85;0.014
4444250088448;080320181100;487732.36;4921230.83;0.048
4444370091699;080320181100;513602.41;4921366.44;0.318
4444470097844;080320181100;562500.15;4921762.67;0.141
4444560080761;080320181100;426565.71;4921978.53;0.016
4444750096189;080320181100;549328.36;4921960.76;0.202
4444780096994;080320181100;555733.45;4922045.68;0.148
4445530088956;080320181100;491776.66;4922646.21;0.047
4445620087356;080320181100;479047.52;4922774.87;0.032
4445620098232;080320181100;565574.76;4923070.4;0.383
4445960089796;080320181100;498459.75;4923118.74;0.121
4446110093877;080320181100;530924.66;4923358.25;0.188
4446230085809;080320181100;466743.37;4923503.86;0.01
4446270093952;080320181100;531520.44;4923538.83;0.172
4446270093953;080320181100;531528.39;4923538.86;0.008
4446490078827;080320181100;411205.65;4924314.31;0.019
4446490087049;080320181100;476608.58;4923749.6;0.062
4446500085800;080320181100;466673.32;4923804.14;0.22
4446640099205;080320181100;573303.01;4924285.9;0.004
4446780090954;080320181100;507670.96;4924033.8;0.305
4446950086274;080320181100;470446.08;4924285.72;0.525
4447290094588;080320181100;536573.41;4924698.23;0.029
4447420087331;080320181100;478855.15;4924774.92;0.122
4447430087331;080320181100;478855.18;4924786.02;0.011
4447510090071;080320181100;500647.31;4924840.27;0.15
4447780100583;080320181100;584247.83;4925684.8;0.146
4447830084847;080320181100;459101.89;4925324.82;0.041
4448020087987;080320181100;484074.18;4925426.45;0.103
4448230084857;080320181100;459184.21;4925768.63;0.012
4448310092428;080320181100;519390.43;4925757.54;0.11
4448560089785;080320181100;498373;4926006.79;0.065
4448610087360;080320181100;479090.06;4926096;0.11
4448760091821;080320181100;514562.36;4926244.85;0.288
4448800093402;080320181100;527133.55;4926329.43;0.09
4448850089001;080320181100;492139.18;4926333.55;0.292
4449220081881;080320181100;435529.22;4927060.23;0.015
4449530079792;080320181100;418924.04;4927590.76;0.065
4449970101794;080320181100;593843.68;4928249.21;0.129
4450560096325;080320181100;550360.59;4928422.67;0.001
4450670099886;080320181100;578665.85;4928825.59;0.1019
4451110081744;080320181100;434461.15;4929170.53;0.029
4451400098421;080320181100;567012.28;4929506.04;0.002
4451580091556;080320181100;512449.25;4929372.91;0.066
4451680091596;080320181100;512766.94;4929484.6;0.013
4451700079015;080320181100;412778.89;4930081.26;0.028
4451720091034;080320181100;508300.35;4929521.85;0.04
4451770086731;080320181100;474102.46;4929624.15;0.099
4451780086731;080320181100;474102.5;4929635.26;0.167
4452010089859;080320181100;498962.09;4929838.87;0.248
4452040089474;080320181100;495902.47;4929873.45;0.06
4452170085383;080320181100;463391.82;4930120.16;0.053
4452220083861;080320181100;451297.06;4930255.31;0.026
4452810095483;080320181100;543650.69;4930873.6;0.256
4453010088582;080320181100;488815.56;4930959.35;0.03
4453020088582;080320181100;488815.58;4930970.45;0.009
4453060092083;080320181100;516633.49;4931026.21;0.058
4453810080150;080320181100;421827.63;4932310.03;0.009
4454030089382;080320181100;495173.02;4932084.43;0.051
4454250077806;080320181100;403212.58;4933050.07;0.0991
4454260086939;080320181100;475765.89;4932383.62;0.252
4454360100319;080320181100;582055.97;4932966.97;0.207
4454420096114;080320181100;548651.25;4932697.56;0.005
4454640081650;080320181100;433754.08;4933099.22;0.03
4454720094516;080320181100;535955.15;4932948.2;0.01
4454860089542;080320181100;496444.63;4933005.55;0.064
4454860094472;080320181100;535604.79;4933101.79;0.141
4455060089569;080320181100;496659.22;4933227.6;0.01
4455360084925;080320181100;459774.16;4933685.18;0.025
4455420092842;080320181100;522655.15;4933665.86;0.224
4455750074944;080320181100;380507.27;4935095.6;0.006
4455810082594;080320181100;441264.57;4934326.52;0.009
4456280087678;080320181100;481642.92;4934608.08;0.001
4456530096794;080320181100;554033.56;4935084.03;0.083
4456640089475;080320181100;495913.71;4934983.09;0.018
4456720086597;080320181100;473060.41;4935126.93;0.213
4456830090778;080320181100;506260.39;4935195.75;0.164
4456860098867;080320181100;570491.23;4935608.48;0.006
4456870083353;080320181100;447302.1;4935452.09;0.025
4457030090749;080320181100;506029.91;4935417.69;0.01
4457130089489;080320181100;496025.22;4935527.31;0.006
4457230086578;080320181100;472911.91;4935694.07;0.015
4457360080181;080320181100;422121.33;4936250.4;0.016
4457690092772;080320181100;522090.61;4936185.46;0.056
4457720092831;080320181100;522558.92;4936220.39;0.011
4458170095847;080320181100;546500.41;4936847.53;0.171
4458690094825;080320181100;538383.61;4937372.1;0.345
4458890088778;080320181100;490382.7;4937488.31;0.202
4459360097675;080320181100;561000;4938289.59;0.1018
4459390101144;080320181100;588533.45;4938640.42;0.009
4459920102592;080320181100;600017.28;4939396.31;0.001
4460390087556;080320181100;480687.76;4939176.3;0.014
4460470092363;080320181100;518834.46;4939263.28;0.01
4460470092364;080320181100;518842.4;4939263.3;0.066
4461060083014;080320181100;444650.11;4940128.84;0.025
4461330091875;080320181100;514959.69;4940208.51;0.018
4462080096350;080320181100;550459.8;4941220.61;0.017
4463000097314;080320181100;558098.45;4942306.62;0.1034
4463030098681;080320181100;568941.37;4942446.28;0.1039
4463250074783;080320181100;379383.98;4943450.38;0.008
4463270094054;080320181100;532238.11;4942426.31;0.025
4463610095794;080320181100;546036.75;4942887.32;0.008
4463890080503;080320181100;424762.41;4943473.72;0.02
4464020093300;080320181100;526254.17;4943232.45;0.01
4464310095000;080320181100;539734.5;4943623.21;0.002
4464470087914;080320181100;483540.33;4943700.52;0.035
4464690086361;080320181100;471225.89;4943988.14;0.018
4464920098208;080320181100;565168.34;4944506.87;0.003
4466390077203;080320181100;398633.82;4946608.59;0.001
4467360090917;080320181100;507350.97;4946893.71;0.013
4467420082333;080320181100;439312.94;4947242.15;0.007
4467720092003;080320181100;515957.86;4947309.02;0.001
4467830084633;080320181100;457546.06;4947551.79;0.017
4467860090231;080320181100;501913.43;4947445.29;0.082
4468050092194;080320181100;517470.69;4947679.49;0.042
4468190088842;080320181100;490905.39;4947818.12;0.012
4468690080925;080320181100;428168.64;4948767.54;0.001
4468940101678;080320181100;592619.91;4949307.98;0.174
4469220095917;080320181100;546967.06;4949126.01;0.001
4469470087678;080320181100;481684.64;4949259.67;0.035
4469470096847;080320181100;554333.75;4949461.45;0.002
4469780101244;080320181100;589167.97;4950192.69;0.234
4469920078508;080320181100;409034.6;4950375.63;0.007
4470560080270;080320181100;423002.96;4950904.69;0.009
4471210095697;080320181100;545208.39;4951324.13;0.002
4471500097983;080320181100;563312.57;4951798.36;0.1004
4471670081583;080320181100;433417.11;4952021.82;0.001
4472610091497;080320181100;511937.46;4952732.34;0.0993
4472720099344;080320181100;574076.93;4953268.27;0.02
4473030075731;080320181100;387093.67;4954178.28;0.1038
4473310100233;080320181100;581108.61;4954008.31;0.015
4474440081750;080320181100;434771;4955085.28;0.002
