X;Y;Z;phi
m;m;m;
R+;R+;D;R+
;;;
Longitude;Latitude;Depth;
;;;
5.7;1;7.02;0.44
5.7;1;6.82;0.76
5.7;1;6.62;0.57
5.7;1;6.42;0.79
5.7;1;6.22;0.33
5.7;1;6.02;0.43
5.7;1;5.82;0.58
5.7;1;5.62;0.38
5.7;1;5.42;0.46
5.7;1;5.22;0.48
5.7;1;5.05;0.46
5.7;1;5.02;0.47
5.7;1;4.99;0.4
5.7;1;4.96;0.42
5.7;1;4.93;0.43
5.7;1;4.90;0.49
5.7;1;4.87;0.49
5.7;1;4.84;0.47
5.7;1;4.81;0.47
5.7;1;4.78;0.45
5.7;1;4.75;0.41
5.7;1;4.72;0.45
5.7;1;4.69;0.4
5.7;1;4.66;0.48
5.7;1;4.63;0.45
5.7;1;4.57;0.43
5.7;1;4.54;0.4
5.7;1;4.51;0.42
5.7;1;4.48;0.41
5.7;1;4.45;0.41
5.7;1;4.42;0.48
5.7;1;4.39;0.47
5.7;1;4.36;0.42
5.7;1;4.33;0.46
5.7;1;4.30;0.43
5.7;1;4.27;0.47
5.7;1;4.24;0.44
5.7;1;4.21;0.5
5.7;1;4.18;0.47
5.7;1;4.15;0.41
5.7;1;4.12;0.48
5.7;1;4.09;0.47
5.7;1;4.06;0.44
5.7;1;4.03;0.46
5.7;1;4.00;0.46
5.7;1;3.97;0.45
5.7;1;3.94;0.43
5.7;1;3.91;0.4
5.7;1;3.88;0.43
5.7;1;3.85;0.48
5.7;1;3.82;0.46
5.7;1;3.79;0.49
5.7;1;3.76;0.43
5.7;1;3.73;0.41
5.7;1;3.67;0.41
5.7;1;3.64;0.49
5.7;1;3.61;0.44
5.7;1;3.58;0.47
5.7;1;3.55;0.46
5.7;1;3.52;0.49
5.7;1;3.49;0.43
5.7;1;3.46;0.4
5.7;1;3.43;0.47
5.7;1;3.40;0.46
5.7;1;3.37;0.48
5.7;1;3.34;0.44
5.7;1;3.31;0.41
5.7;1;3.28;0.45
5.7;1;3.25;0.48
5.7;1;3.22;0.41
5.7;1;3.19;0.48
5.7;1;3.16;0.49
5.7;1;3.13;0.45
5.7;1;3.10;0.48
5.7;1;3.07;0.42
5.7;1;3.04;0.41
5.7;1;3.01;0.46
5.7;1;2.98;0.41
5.7;1;2.95;0.42
5.7;1;2.92;0.48
5.7;1;2.89;0.41
5.7;1;2.83;0.41
5.7;1;2.80;0.43
5.7;1;2.77;0.42
5.7;1;2.74;0.47
5.7;1;2.71;0.46
5.7;1;2.68;0.45
5.7;1;2.65;0.41
5.7;1;2.62;0.43
5.7;1;2.59;0.45
5.7;1;2.53;0.42
5.7;1;2.50;0.45
5.7;1;2.47;0.48
5.7;1;2.44;0.49
5.7;1;2.41;0.5
5.7;1;2.38;0.49
5.7;1;2.35;0.41
5.7;1;2.32;0.47
5.7;1;2.29;0.46
5.7;1;2.26;0.45
5.7;1;2.23;0.46
5.7;1;2.20;0.42
5.7;1;2.17;0.46
5.7;1;2.14;0.41
5.7;1;2.11;0.49
5.7;1;2.08;0.48
5.7;1;2.05;0.48
5.7;1;2.02;0.47
5.7;1;1.99;0.43
5.7;1;1.96;0.44
5.7;1;1.93;0.5
5.7;1;1.90;0.43
5.7;1;1.87;0.4
5.7;1;1.84;0.48
5.7;1;1.81;0.49
5.7;1;1.78;0.49
5.7;1;1.75;0.42
5.7;1;1.72;0.45
5.7;1;1.69;0.47
5.7;1;1.66;0.49
5.7;1;1.63;0.48
5.7;1;1.60;0.48
5.7;1;1.57;0.44
5.7;1;1.51;0.25
5.7;1;1.48;0.33
5.7;1;1.45;0.29
5.7;1;1.42;0.35
5.7;1;1.39;0.3
5.7;1;1.36;0.3
5.7;1;1.33;0.31
5.7;1;1.30;0.29
5.7;1;1.27;0.3
5.7;1;1.24;0.3
5.7;1;1.21;0.35
5.7;1;1.18;0.27
5.7;1;1.15;0.33
5.7;1;1.12;0.27
5.7;1;1.09;0.31
5.7;1;1.06;0.29
5.7;1;1.03;0.29
5.7;1;1.00;0.32
5.7;1;0.97;0.27
5.7;1;0.94;0.31
5.7;1;0.91;0.3
5.7;1;0.88;0.29
5.7;1;0.85;0.33
5.7;1;0.82;0.28
5.7;1;0.79;0.28
5.7;1;0.76;0.34
5.7;1;0.73;0.26
5.7;1;0.70;0.28
5.7;1;0.67;0.35
5.7;1;0.64;0.28
5.7;1;0.61;0.35
5.7;1;0.58;0.33
5.7;1;0.52;0.27
5.7;1;0.49;0.27
5.7;1;0.46;0.33
5.7;1;0.43;0.3
5.7;1;0.40;0.27
5.7;1;0.37;0.29
5.7;1;0.34;0.27
5.7;1;0.31;0.28
5.7;1;0.28;0.32
5.7;1;0.25;0.34
5.7;1;0.22;0.28
5.7;1;0.19;0.26
5.7;1;0.01;0.4
5.7;1;-0.02;0.44
5.7;1;-0.05;0.49
5.7;1;-0.08;0.42
5.7;1;-0.11;0.48
5.7;1;-0.14;0.48
5.7;1;-0.17;0.44
5.7;1;-0.20;0.47
5.7;1;-0.23;0.47
5.7;1;-0.29;0.45
5.7;1;-0.32;0.43
5.7;1;-0.35;0.49
5.7;1;-0.38;0.5
5.7;1;-0.41;0.4
5.7;1;-0.44;0.43
5.7;1;-0.47;0.47
5.7;1;-0.50;0.4
5.7;1;-0.53;0.41
5.7;1;-0.56;0.41
5.7;1;-0.59;0.44
5.7;1;-0.62;0.49
5.7;1;-0.65;0.45
5.7;1;-0.68;0.44
5.7;1;-0.71;0.47
5.7;1;-0.74;0.46
5.7;1;-0.77;0.48
5.7;1;-0.80;0.42
5.7;1;-0.83;0.47
5.7;1;-0.89;0.31
5.7;1;-0.92;0.26
5.7;1;-0.95;0.26
5.7;1;-0.98;0.25
5.7;1;-1.01;0.34
5.7;1;-1.04;0.26
5.7;1;-1.07;0.26
5.7;1;-1.10;0.32
5.7;1;-1.13;0.28
5.7;1;-1.16;0.28
5.7;1;-1.19;0.31
5.7;1;-1.22;0.27
5.7;1;-1.25;0.28
5.7;1;-1.28;0.25
5.7;1;-1.31;0.28
5.7;1;-1.34;0.31
5.7;1;-1.37;0.28
5.7;1;-1.40;0.32
5.7;1;-1.43;0.31
5.7;1;-1.46;0.35
5.7;1;-1.49;0.29
5.7;1;-1.52;0.26
5.7;1;-1.55;0.3
5.7;1;-1.58;0.31
5.7;1;-1.64;0.33
5.7;1;-1.67;0.27
5.7;1;-1.70;0.35
5.7;1;-1.73;0.34
5.7;1;-1.76;0.27
5.7;1;-1.79;0.32
5.7;1;-1.82;0.26
5.7;1;-1.85;0.27
5.7;1;-1.88;0.29
5.7;1;-1.91;0.3
5.7;1;-1.97;0.3
5.7;1;-2.00;0.26
5.7;1;-2.03;0.28
5.7;1;-2.06;0.3
5.7;1;-2.09;0.27
5.7;1;-2.12;0.28
5.7;1;-2.15;0.32
5.7;1;-2.18;0.32
5.7;1;-2.24;0.34
5.7;1;-2.27;0.35
5.7;1;-2.30;0.31
5.7;1;-2.33;0.32
5.7;1;-2.36;0.26
5.7;1;-2.39;0.29
5.7;1;-2.42;0.27
5.7;1;-2.48;0.29
5.7;1;-2.51;0.32
5.7;1;-2.54;0.25
5.7;1;-2.57;0.26
5.7;1;-2.60;0.31
5.7;1;-2.63;0.3
5.7;1;-2.66;0.25
5.7;1;-2.69;0.31
5.7;1;-2.72;0.26
5.7;1;-2.75;0.34
5.7;1;-2.78;0.28
5.7;1;-2.81;0.31
5.7;1;-2.84;0.3
5.7;1;-2.87;0.27
5.7;1;-2.90;0.26
5.7;1;-2.93;0.28
5.7;1;-2.96;0.3
5.7;1;-2.99;0.35
5.7;1;-3.05;0.29
5.7;1;-3.08;0.34
5.7;1;-3.11;0.33
5.7;1;-3.14;0.31
5.7;1;-3.17;0.31
5.7;1;-3.20;0.34
5.7;1;-3.23;0.27
5.7;1;-3.26;0.25
5.7;1;-3.29;0.34
5.7;1;-3.32;0.29
5.7;1;-3.35;0.34
5.7;1;-3.38;0.25
5.7;1;-3.41;0.31
5.7;1;-3.44;0.31
5.7;1;-3.47;0.3
5.7;1;-3.50;0.35
5.7;1;-3.53;0.32
5.7;1;-3.56;0.31
5.7;1;-3.59;0.3
5.7;1;-3.62;0.33
5.7;1;-3.65;0.31
5.7;1;-3.68;0.31
5.7;1;-3.71;0.26
5.7;1;-3.77;0.31
5.7;1;-3.80;0.33
5.7;1;-3.83;0.35
5.7;1;-3.86;0.3
5.7;1;-3.89;0.33
5.7;1;-3.92;0.32
5.7;1;-3.95;0.34
5.7;1;-3.98;0.34
5.7;1;-4.01;0.31
5.7;1;-4.04;0.35
5.7;1;-4.07;0.3
5.7;1;-4.10;0.34
5.7;1;-4.13;0.31
5.7;1;-4.16;0.35
5.7;1;-4.19;0.32
5.7;1;-4.22;0.33
5.7;1;-4.25;0.32
5.7;1;-4.28;0.35
5.7;1;-4.31;0.3
5.7;1;-4.37;0.32
5.7;1;-4.40;0.34
5.7;1;-4.43;0.31
5.7;1;-4.46;0.31
5.7;1;-4.49;0.35
5.7;1;-4.52;0.33
5.7;1;-4.55;0.33
5.7;1;-4.58;0.35
5.7;1;-4.61;0.35
5.7;1;-4.64;0.35
5.7;1;-4.67;0.34
5.7;1;-4.70;0.32
5.7;1;-4.73;0.31
5.7;1;-4.76;0.33
5.7;1;-4.79;0.34
5.7;1;-4.82;0.33
5.7;1;-4.85;0.34
5.7;1;-4.88;0.12
5.7;1;-4.91;0.12
5.7;1;-4.94;0.14
5.7;1;-4.97;0.12
5.7;1;-5.00;0.13
5.7;1;-5.03;0.14
5.7;1;-5.06;0.15
5.7;1;-5.09;0.14
5.7;1;-5.12;0.13
5.7;1;-5.15;0.11
5.7;1;-5.18;0.1
5.7;1;-5.21;0.14
5.7;1;-5.24;0.14
5.7;1;-5.27;0.12
5.7;1;-5.30;0.13
5.7;1;-5.33;0.12
5.7;1;-5.36;0.12
5.7;1;-5.39;0.12
5.7;1;-5.42;0.12
5.7;1;-5.45;0.15
5.7;1;-5.48;0.1
5.7;1;-5.51;0.12
5.7;1;-5.54;0.15
5.7;1;-5.57;0.14
5.7;1;-5.60;0.14
5.7;1;-5.63;0.13
5.7;1;-5.66;0.11
5.7;1;-5.69;0.12
5.7;1;-5.72;0.12
5.7;1;-5.75;0.11
5.7;1;-5.78;0.1
5.7;1;-5.81;0.13
5.7;1;-5.84;0.13
5.7;1;-5.87;0.13
5.7;1;-5.90;0.12
5.7;1;-5.93;0.12
5.7;1;-5.96;0.11
5.7;1;-5.99;0.13
5.7;1;-6.02;0.14
5.7;1;-6.05;0.15
5.7;1;-6.08;0.11
5.7;1;-6.11;0.15
5.7;1;-6.14;0.14
5.7;1;-6.17;0.11
5.7;1;-6.20;0.13
5.7;1;-6.23;0.14
5.7;1;-6.26;0.13
5.7;1;-6.29;0.15
5.7;1;-6.32;0.14
5.7;1;-6.35;0.14
5.7;1;-6.38;0.11
5.7;1;-6.41;0.15
5.7;1;-6.44;0.14
5.7;1;-6.47;0.13
5.7;1;-6.50;0.13
5.7;1;-6.53;0.12
5.7;1;-6.56;0.15
5.7;1;-6.59;0.11
5.7;1;-6.62;0.1
5.7;1;-6.65;0.13
5.7;1;-6.68;0.14
5.7;1;-6.71;0.13
5.7;1;-6.74;0.15
5.7;1;-6.77;0.1
5.7;1;-6.80;0.11
5.7;1;-6.83;0.14
5.7;1;-6.86;0.13
5.7;1;-6.89;0.1
5.7;1;-6.92;0.14
5.7;1;-6.95;0.11
5.7;1;-6.98;0.12
5.7;1;-7.01;0.13
5.7;1;-7.04;0.1
5.7;1;-7.07;0.12
5.7;1;-7.10;0.15
5.7;1;-7.13;0.12
5.7;1;-7.16;0.13
5.7;1;-7.19;0.13
5.7;1;-7.22;0.12
5.7;1;-7.25;0.11
5.7;1;-7.28;0.12
5.7;1;-7.31;0.13
5.7;1;-7.34;0.11
5.7;1;-7.37;0.14
5.7;1;-7.40;0.11
5.7;1;-7.43;0.12
5.7;1;-7.46;0.13
5.7;1;-7.49;0.14
5.7;1;-7.52;0.13
5.7;1;-7.55;0.11
5.7;1;-7.58;0.11
5.7;1;-7.61;0.15
5.7;1;-7.64;0.13
5.7;1;-7.67;0.15
5.7;1;-7.70;0.15
5.7;1;-7.73;0.11
5.7;1;-7.76;0.12
5.7;1;-7.79;0.14
5.7;1;-7.82;0.12
5.7;1;-7.85;0.14
5.7;1;-7.88;0.13
14.3;1;17.22;0.52
14.3;1;17.07;0.32
14.3;1;16.92;0.69
14.3;1;16.77;0.8
14.3;1;16.62;0.6
14.3;1;16.47;0.8
14.3;1;16.32;0.33
14.3;1;16.17;0.35
14.3;1;16.02;0.55
14.3;1;15.87;0.44
14.3;1;15.72;0.45
14.3;1;15.57;0.37
14.3;1;15.42;0.67
14.3;1;15.27;0.6
14.3;1;14.64;0.42
14.3;1;14.61;0.46
14.3;1;14.58;0.5
14.3;1;14.55;0.49
14.3;1;14.52;0.49
14.3;1;14.49;0.47
14.3;1;14.46;0.47
14.3;1;14.43;0.41
14.3;1;14.40;0.47
14.3;1;14.37;0.4
14.3;1;14.34;0.45
14.3;1;14.28;0.43
14.3;1;14.25;0.48
14.3;1;14.22;0.49
14.3;1;14.19;0.44
14.3;1;14.16;0.48
14.3;1;14.13;0.44
14.3;1;14.10;0.45
14.3;1;14.07;0.5
14.3;1;14.04;0.44
14.3;1;14.01;0.42
14.3;1;13.98;0.45
14.3;1;13.95;0.43
14.3;1;13.92;0.42
14.3;1;13.89;0.48
14.3;1;13.86;0.48
14.3;1;13.83;0.41
14.3;1;13.80;0.42
14.3;1;13.77;0.42
14.3;1;13.74;0.42
14.3;1;13.71;0.49
14.3;1;13.68;0.41
14.3;1;13.65;0.49
14.3;1;13.62;0.41
14.3;1;13.56;0.49
14.3;1;13.53;0.49
14.3;1;13.50;0.42
14.3;1;13.47;0.44
14.3;1;13.44;0.48
14.3;1;13.41;0.44
14.3;1;13.38;0.44
14.3;1;13.35;0.45
14.3;1;13.32;0.41
14.3;1;13.29;0.43
14.3;1;13.26;0.44
14.3;1;13.23;0.43
14.3;1;13.20;0.49
14.3;1;13.17;0.45
14.3;1;13.14;0.48
14.3;1;13.11;0.49
14.3;1;13.08;0.41
14.3;1;13.05;0.41
14.3;1;13.02;0.46
14.3;1;12.99;0.44
14.3;1;12.96;0.48
14.3;1;12.93;0.42
14.3;1;12.90;0.45
14.3;1;12.87;0.47
14.3;1;12.84;0.41
14.3;1;12.81;0.48
14.3;1;12.78;0.45
14.3;1;12.75;0.45
14.3;1;12.72;0.42
14.3;1;12.69;0.46
14.3;1;12.66;0.45
14.3;1;12.63;0.45
14.3;1;12.60;0.46
14.3;1;12.57;0.41
14.3;1;12.51;0.43
14.3;1;12.48;0.43
14.3;1;12.45;0.4
14.3;1;12.42;0.46
14.3;1;12.27;0.43
14.3;1;12.24;0.45
14.3;1;12.21;0.49
14.3;1;12.18;0.48
14.3;1;12.15;0.42
14.3;1;12.12;0.41
14.3;1;12.09;0.42
14.3;1;12.06;0.46
14.3;1;12.03;0.44
14.3;1;11.97;0.27
14.3;1;11.94;0.31
14.3;1;11.91;0.3
14.3;1;11.88;0.26
14.3;1;11.85;0.3
14.3;1;11.82;0.33
14.3;1;11.79;0.25
14.3;1;11.76;0.32
14.3;1;11.73;0.32
14.3;1;11.70;0.34
14.3;1;11.67;0.34
14.3;1;11.64;0.31
14.3;1;11.61;0.31
14.3;1;11.58;0.26
14.3;1;11.55;0.3
14.3;1;11.52;0.29
14.3;1;11.49;0.28
14.3;1;11.46;0.3
14.3;1;11.43;0.29
14.3;1;11.40;0.32
14.3;1;11.37;0.34
14.3;1;11.34;0.33
14.3;1;11.31;0.32
14.3;1;11.28;0.29
14.3;1;11.25;0.26
14.3;1;11.22;0.31
14.3;1;11.19;0.27
14.3;1;11.16;0.34
14.3;1;11.13;0.33
14.3;1;11.10;0.3
14.3;1;11.07;0.27
14.3;1;11.04;0.31
14.3;1;10.98;0.29
14.3;1;10.95;0.33
14.3;1;10.92;0.35
14.3;1;10.89;0.33
14.3;1;10.86;0.28
14.3;1;10.83;0.32
14.3;1;10.80;0.3
14.3;1;10.77;0.25
14.3;1;10.74;0.33
14.3;1;10.71;0.32
14.3;1;10.68;0.32
14.3;1;10.65;0.25
14.3;1;10.62;0.29
14.3;1;10.44;0.47
14.3;1;10.41;0.44
14.3;1;10.38;0.48
14.3;1;10.35;0.43
14.3;1;10.32;0.46
14.3;1;10.29;0.49
14.3;1;10.26;0.46
14.3;1;10.23;0.49
14.3;1;10.20;0.43
14.3;1;10.17;0.44
14.3;1;10.14;0.49
14.3;1;10.11;0.42
14.3;1;10.05;0.49
14.3;1;10.02;0.42
14.3;1;9.99;0.49
14.3;1;9.96;0.46
14.3;1;9.93;0.4
14.3;1;9.90;0.5
14.3;1;9.87;0.42
14.3;1;9.84;0.4
14.3;1;9.81;0.49
14.3;1;9.78;0.47
14.3;1;9.75;0.48
14.3;1;9.72;0.42
14.3;1;9.69;0.46
14.3;1;9.63;0.32
14.3;1;9.60;0.34
14.3;1;9.57;0.28
14.3;1;9.54;0.26
14.3;1;9.51;0.26
14.3;1;9.48;0.34
14.3;1;9.45;0.28
14.3;1;9.42;0.27
14.3;1;9.39;0.3
14.3;1;9.36;0.32
14.3;1;9.33;0.31
14.3;1;9.30;0.35
14.3;1;9.27;0.25
14.3;1;9.24;0.29
14.3;1;9.21;0.28
14.3;1;9.18;0.31
14.3;1;9.15;0.34
14.3;1;9.12;0.33
14.3;1;9.09;0.34
14.3;1;9.06;0.28
14.3;1;9.03;0.27
14.3;1;9.00;0.35
14.3;1;8.97;0.25
14.3;1;8.91;0.34
14.3;1;8.88;0.31
14.3;1;8.85;0.33
14.3;1;8.82;0.33
14.3;1;8.79;0.27
14.3;1;8.76;0.32
14.3;1;8.73;0.26
14.3;1;8.70;0.31
14.3;1;8.67;0.3
14.3;1;8.64;0.32
14.3;1;8.58;0.31
14.3;1;8.55;0.25
14.3;1;8.52;0.35
14.3;1;8.49;0.26
14.3;1;8.46;0.31
14.3;1;8.43;0.33
14.3;1;8.40;0.3
14.3;1;8.37;0.27
14.3;1;8.34;0.31
14.3;1;8.31;0.32
14.3;1;8.28;0.32
14.3;1;8.25;0.25
14.3;1;8.22;0.31
14.3;1;8.19;0.27
14.3;1;8.16;0.29
14.3;1;8.01;0.46
14.3;1;7.98;0.4
14.3;1;7.95;0.48
14.3;1;7.92;0.42
14.3;1;7.89;0.4
14.3;1;7.86;0.42
14.3;1;7.83;0.48
14.3;1;7.80;0.41
14.3;1;7.77;0.45
14.3;1;7.74;0.48
14.3;1;7.71;0.48
14.3;1;7.68;0.43
14.3;1;7.65;0.48
14.3;1;7.62;0.47
14.3;1;7.59;0.46
14.3;1;7.56;0.43
14.3;1;7.53;0.47
14.3;1;7.50;0.5
14.3;1;7.47;0.41
14.3;1;7.44;0.5
14.3;1;7.38;0.49
14.3;1;7.35;0.44
14.3;1;7.32;0.46
14.3;1;7.29;0.46
14.3;1;7.26;0.48
14.3;1;7.23;0.5
14.3;1;7.20;0.45
14.3;1;7.17;0.41
14.3;1;7.11;0.29
14.3;1;7.08;0.31
14.3;1;7.05;0.32
14.3;1;7.02;0.33
14.3;1;6.99;0.28
14.3;1;6.93;0.32
14.3;1;6.90;0.28
14.3;1;6.87;0.32
14.3;1;6.84;0.31
14.3;1;6.81;0.32
14.3;1;6.78;0.34
14.3;1;6.75;0.32
14.3;1;6.72;0.34
14.3;1;6.69;0.28
14.3;1;6.66;0.34
14.3;1;6.63;0.31
14.3;1;6.60;0.33
14.3;1;6.57;0.31
14.3;1;6.54;0.35
14.3;1;6.51;0.26
14.3;1;6.48;0.28
14.3;1;6.45;0.31
14.3;1;6.42;0.31
14.3;1;6.39;0.34
14.3;1;6.36;0.31
14.3;1;6.33;0.35
14.3;1;6.30;0.28
14.3;1;6.27;0.27
14.3;1;6.24;0.3
14.3;1;6.21;0.32
14.3;1;6.15;0.34
14.3;1;6.12;0.35
14.3;1;6.09;0.31
14.3;1;6.06;0.26
14.3;1;6.03;0.34
14.3;1;6.00;0.28
14.3;1;5.97;0.33
14.3;1;5.94;0.25
14.3;1;5.91;0.34
14.3;1;5.88;0.33
14.3;1;5.85;0.32
14.3;1;5.82;0.26
14.3;1;5.79;0.25
14.3;1;5.76;0.31
14.3;1;5.73;0.31
14.3;1;5.67;0.32
14.3;1;5.64;0.33
14.3;1;5.61;0.35
14.3;1;5.58;0.32
14.3;1;5.55;0.33
14.3;1;5.52;0.3
14.3;1;5.49;0.35
14.3;1;5.46;0.33
14.3;1;5.43;0.31
14.3;1;5.40;0.33
14.3;1;5.37;0.34
14.3;1;5.34;0.3
14.3;1;5.31;0.31
14.3;1;5.28;0.32
14.3;1;5.25;0.34
14.3;1;5.22;0.35
14.3;1;5.19;0.3
14.3;1;5.16;0.34
14.3;1;5.10;0.35
14.3;1;5.07;0.31
14.3;1;5.04;0.33
14.3;1;5.01;0.34
14.3;1;4.98;0.32
14.3;1;4.95;0.34
14.3;1;4.92;0.34
14.3;1;4.89;0.3
14.3;1;4.86;0.33
14.3;1;4.83;0.31
14.3;1;4.80;0.33
14.3;1;4.77;0.35
14.3;1;4.74;0.3
14.3;1;4.71;0.34
14.3;1;4.68;0.1
14.3;1;4.65;0.14
14.3;1;4.62;0.14
14.3;1;4.59;0.12
14.3;1;4.56;0.11
14.3;1;4.53;0.14
14.3;1;4.50;0.11
14.3;1;4.47;0.11
14.3;1;4.44;0.1
14.3;1;4.41;0.12
14.3;1;4.38;0.13
14.3;1;4.35;0.13
14.3;1;4.32;0.15
14.3;1;4.29;0.15
14.3;1;4.26;0.15
14.3;1;4.23;0.12
14.3;1;4.20;0.13
14.3;1;4.17;0.1
14.3;1;4.14;0.14
14.3;1;4.11;0.13
14.3;1;4.08;0.11
14.3;1;4.05;0.13
14.3;1;4.02;0.12
14.3;1;3.99;0.12
14.3;1;3.96;0.11
14.3;1;3.93;0.14
14.3;1;3.90;0.13
14.3;1;3.87;0.13
14.3;1;3.84;0.14
14.3;1;3.81;0.13
14.3;1;3.78;0.14
14.3;1;3.75;0.11
14.3;1;3.72;0.13
14.3;1;3.69;0.11
14.3;1;3.66;0.13
14.3;1;3.63;0.14
14.3;1;3.60;0.12
14.3;1;3.57;0.1
14.3;1;3.54;0.1
14.3;1;3.51;0.13
14.3;1;3.48;0.13
14.3;1;3.45;0.13
14.3;1;3.42;0.11
14.3;1;3.39;0.1
14.3;1;3.36;0.11
14.3;1;3.33;0.15
14.3;1;3.30;0.11
14.3;1;3.27;0.14
14.3;1;3.24;0.12
14.3;1;3.21;0.11
14.3;1;3.18;0.12
14.3;1;3.15;0.11
14.3;1;3.12;0.13
14.3;1;3.09;0.14
14.3;1;3.06;0.15
14.3;1;3.03;0.13
14.3;1;3.00;0.13
14.3;1;2.97;0.11
14.3;1;2.94;0.11
14.3;1;2.91;0.14
14.3;1;2.88;0.14
14.3;1;2.85;0.13
14.3;1;2.82;0.12
14.3;1;2.79;0.13
14.3;1;2.76;0.13
14.3;1;2.73;0.1
14.3;1;2.70;0.15
14.3;1;2.67;0.14
14.3;1;2.64;0.11
14.3;1;2.61;0.12
14.3;1;2.58;0.13
14.3;1;2.55;0.11
14.3;1;2.52;0.12
14.3;1;2.49;0.12
14.3;1;2.46;0.14
14.3;1;2.43;0.14
14.3;1;2.40;0.11
14.3;1;2.37;0.1
22.4;1;25.78;0.79
22.4;1;25.58;0.6
22.4;1;25.38;0.69
22.4;1;25.18;0.75
22.4;1;24.98;0.41
22.4;1;24.78;0.73
22.4;1;24.58;0.51
22.4;1;24.38;0.63
22.4;1;24.18;0.72
22.4;1;23.98;0.68
22.4;1;23.72;0.44
22.4;1;23.69;0.47
22.4;1;23.66;0.4
22.4;1;23.63;0.5
22.4;1;23.60;0.46
22.4;1;23.57;0.4
22.4;1;23.54;0.5
22.4;1;23.51;0.41
22.4;1;23.48;0.48
22.4;1;23.45;0.43
22.4;1;23.42;0.42
22.4;1;23.39;0.45
22.4;1;23.33;0.43
22.4;1;23.30;0.5
22.4;1;23.27;0.4
22.4;1;23.24;0.46
22.4;1;23.21;0.44
22.4;1;23.18;0.5
22.4;1;23.15;0.46
22.4;1;23.12;0.46
22.4;1;23.09;0.49
22.4;1;23.06;0.4
22.4;1;23.03;0.44
22.4;1;23.00;0.49
22.4;1;22.97;0.43
22.4;1;22.94;0.46
22.4;1;22.91;0.45
22.4;1;22.88;0.45
22.4;1;22.85;0.4
22.4;1;22.82;0.48
22.4;1;22.79;0.48
22.4;1;22.76;0.48
22.4;1;22.73;0.41
22.4;1;22.70;0.45
22.4;1;22.67;0.44
22.4;1;22.64;0.4
22.4;1;22.61;0.46
22.4;1;22.58;0.43
22.4;1;22.55;0.45
22.4;1;22.52;0.42
22.4;1;22.49;0.44
22.4;1;22.46;0.49
22.4;1;22.43;0.45
22.4;1;22.40;0.43
22.4;1;22.37;0.41
22.4;1;22.34;0.48
22.4;1;22.28;0.49
22.4;1;22.25;0.46
22.4;1;22.22;0.5
22.4;1;22.19;0.47
22.4;1;22.16;0.41
22.4;1;22.13;0.43
22.4;1;22.10;0.49
22.4;1;22.07;0.45
22.4;1;22.04;0.48
22.4;1;22.01;0.5
22.4;1;21.98;0.49
22.4;1;21.95;0.49
22.4;1;21.92;0.45
22.4;1;21.89;0.4
22.4;1;21.86;0.44
22.4;1;21.83;0.44
22.4;1;21.80;0.41
22.4;1;21.77;0.47
22.4;1;21.74;0.5
22.4;1;21.71;0.45
22.4;1;21.68;0.45
22.4;1;21.65;0.43
22.4;1;21.59;0.46
22.4;1;21.56;0.45
22.4;1;21.53;0.45
22.4;1;21.50;0.45
22.4;1;21.47;0.42
22.4;1;21.44;0.43
22.4;1;21.41;0.42
22.4;1;21.38;0.49
22.4;1;21.35;0.41
22.4;1;21.32;0.42
22.4;1;21.29;0.45
22.4;1;21.26;0.48
22.4;1;21.23;0.42
22.4;1;21.20;0.46
22.4;1;21.17;0.43
22.4;1;21.14;0.47
22.4;1;21.11;0.46
22.4;1;21.08;0.48
22.4;1;21.05;0.44
22.4;1;21.02;0.41
22.4;1;20.99;0.5
22.4;1;20.96;0.44
22.4;1;20.93;0.49
22.4;1;20.90;0.46
22.4;1;20.87;0.47
22.4;1;20.72;0.5
22.4;1;20.69;0.42
22.4;1;20.66;0.46
22.4;1;20.63;0.47
22.4;1;20.60;0.49
22.4;1;20.57;0.46
22.4;1;20.54;0.5
22.4;1;20.51;0.48
22.4;1;20.48;0.41
22.4;1;20.45;0.45
22.4;1;20.42;0.4
22.4;1;20.39;0.44
22.4;1;20.36;0.5
22.4;1;20.33;0.48
22.4;1;20.30;0.45
22.4;1;20.27;0.45
22.4;1;20.24;0.47
22.4;1;20.21;0.4
22.4;1;20.18;0.45
22.4;1;20.15;0.46
22.4;1;20.09;0.41
22.4;1;20.06;0.46
22.4;1;20.03;0.41
22.4;1;20.00;0.48
22.4;1;19.97;0.43
22.4;1;19.94;0.45
22.4;1;19.91;0.43
22.4;1;19.88;0.48
22.4;1;19.85;0.41
22.4;1;19.82;0.48
22.4;1;19.79;0.46
22.4;1;19.76;0.43
22.4;1;19.73;0.44
22.4;1;19.70;0.42
22.4;1;19.67;0.41
22.4;1;19.64;0.47
22.4;1;19.61;0.41
22.4;1;19.58;0.46
22.4;1;19.55;0.45
22.4;1;19.52;0.47
22.4;1;19.49;0.46
22.4;1;19.46;0.42
22.4;1;19.43;0.43
22.4;1;19.37;0.29
22.4;1;19.34;0.26
22.4;1;19.31;0.34
22.4;1;19.28;0.35
22.4;1;19.25;0.3
22.4;1;19.22;0.3
22.4;1;19.19;0.26
22.4;1;19.16;0.26
22.4;1;19.13;0.26
22.4;1;19.10;0.34
22.4;1;19.07;0.34
22.4;1;19.04;0.33
22.4;1;19.01;0.27
22.4;1;18.98;0.28
22.4;1;18.95;0.3
22.4;1;18.92;0.31
22.4;1;18.89;0.25
22.4;1;18.86;0.33
22.4;1;18.83;0.29
22.4;1;18.80;0.3
22.4;1;18.77;0.31
22.4;1;18.74;0.3
22.4;1;18.71;0.25
22.4;1;18.68;0.29
22.4;1;18.65;0.25
22.4;1;18.62;0.25
22.4;1;18.59;0.29
22.4;1;18.53;0.33
22.4;1;18.50;0.26
22.4;1;18.47;0.31
22.4;1;18.44;0.33
22.4;1;18.41;0.28
22.4;1;18.38;0.3
22.4;1;18.35;0.33
22.4;1;18.32;0.32
22.4;1;18.26;0.31
22.4;1;18.23;0.27
22.4;1;18.20;0.32
22.4;1;18.17;0.27
22.4;1;18.14;0.34
22.4;1;18.11;0.33
22.4;1;18.08;0.31
22.4;1;18.05;0.33
22.4;1;17.99;0.31
22.4;1;17.96;0.34
22.4;1;17.93;0.3
22.4;1;17.90;0.31
22.4;1;17.87;0.26
22.4;1;17.84;0.25
22.4;1;17.81;0.25
22.4;1;17.78;0.32
22.4;1;17.75;0.28
22.4;1;17.72;0.29
22.4;1;17.69;0.27
22.4;1;17.66;0.27
22.4;1;17.63;0.26
22.4;1;17.60;0.3
22.4;1;17.57;0.31
22.4;1;17.54;0.27
22.4;1;17.51;0.26
22.4;1;17.48;0.31
22.4;1;17.45;0.3
22.4;1;17.42;0.3
22.4;1;17.39;0.34
22.4;1;17.36;0.32
22.4;1;17.33;0.28
22.4;1;17.30;0.28
22.4;1;17.27;0.3
22.4;1;17.24;0.28
22.4;1;17.21;0.28
22.4;1;17.06;0.41
22.4;1;17.03;0.45
22.4;1;17.00;0.46
22.4;1;16.97;0.46
22.4;1;16.94;0.42
22.4;1;16.91;0.47
22.4;1;16.88;0.5
22.4;1;16.85;0.46
22.4;1;16.82;0.47
22.4;1;16.79;0.49
22.4;1;16.76;0.46
22.4;1;16.73;0.42
22.4;1;16.67;0.41
22.4;1;16.64;0.46
22.4;1;16.61;0.48
22.4;1;16.58;0.49
22.4;1;16.55;0.42
22.4;1;16.52;0.49
22.4;1;16.49;0.42
22.4;1;16.46;0.5
22.4;1;16.40;0.26
22.4;1;16.37;0.31
22.4;1;16.34;0.33
22.4;1;16.31;0.34
22.4;1;16.28;0.35
22.4;1;16.25;0.28
22.4;1;16.22;0.28
22.4;1;16.19;0.26
22.4;1;16.16;0.35
22.4;1;16.13;0.33
22.4;1;16.10;0.26
22.4;1;16.07;0.32
22.4;1;16.04;0.29
22.4;1;16.01;0.27
22.4;1;15.98;0.31
22.4;1;15.95;0.31
22.4;1;15.92;0.29
22.4;1;15.89;0.26
22.4;1;15.86;0.32
22.4;1;15.83;0.27
22.4;1;15.80;0.32
22.4;1;15.74;0.29
22.4;1;15.71;0.31
22.4;1;15.68;0.27
22.4;1;15.65;0.31
22.4;1;15.62;0.32
22.4;1;15.59;0.28
22.4;1;15.56;0.35
22.4;1;15.53;0.32
22.4;1;15.50;0.26
22.4;1;15.47;0.28
22.4;1;15.44;0.34
22.4;1;15.41;0.26
22.4;1;15.38;0.28
22.4;1;15.20;0.26
22.4;1;15.17;0.28
22.4;1;15.14;0.27
22.4;1;15.11;0.28
22.4;1;15.08;0.33
22.4;1;15.05;0.26
22.4;1;15.02;0.3
22.4;1;14.99;0.3
22.4;1;14.96;0.33
22.4;1;14.93;0.33
22.4;1;14.90;0.35
22.4;1;14.87;0.31
22.4;1;14.84;0.3
22.4;1;14.81;0.31
22.4;1;14.78;0.32
22.4;1;14.75;0.26
22.4;1;14.72;0.31
22.4;1;14.66;0.31
22.4;1;14.63;0.32
22.4;1;14.60;0.29
22.4;1;14.57;0.26
22.4;1;14.54;0.26
22.4;1;14.51;0.34
22.4;1;14.48;0.31
22.4;1;14.45;0.3
22.4;1;14.42;0.33
22.4;1;14.39;0.31
22.4;1;14.36;0.33
22.4;1;14.33;0.28
22.4;1;14.30;0.27
22.4;1;14.27;0.28
22.4;1;14.24;0.29
22.4;1;14.21;0.32
22.4;1;14.18;0.33
22.4;1;14.15;0.27
22.4;1;14.09;0.31
22.4;1;14.06;0.34
22.4;1;14.03;0.33
22.4;1;14.00;0.33
22.4;1;13.97;0.34
22.4;1;13.94;0.35
22.4;1;13.91;0.33
22.4;1;13.88;0.31
22.4;1;13.85;0.33
22.4;1;13.82;0.34
22.4;1;13.79;0.34
22.4;1;13.76;0.32
22.4;1;13.73;0.31
22.4;1;13.70;0.3
22.4;1;13.67;0.31
22.4;1;13.64;0.34
22.4;1;13.61;0.3
22.4;1;13.58;0.34
22.4;1;13.55;0.32
22.4;1;13.52;0.31
22.4;1;13.46;0.31
22.4;1;13.43;0.33
22.4;1;13.40;0.32
22.4;1;13.37;0.31
22.4;1;13.34;0.35
22.4;1;13.31;0.31
22.4;1;13.28;0.33
22.4;1;13.25;0.33
22.4;1;13.22;0.33
22.4;1;13.19;0.31
22.4;1;13.13;0.41
22.4;1;13.10;0.41
22.4;1;13.07;0.42
22.4;1;13.04;0.45
22.4;1;13.01;0.44
22.4;1;12.98;0.47
22.4;1;12.95;0.47
22.4;1;12.92;0.44
22.4;1;12.89;0.48
22.4;1;12.86;0.46
22.4;1;12.83;0.4
22.4;1;12.80;0.45
22.4;1;12.77;0.13
22.4;1;12.74;0.11
22.4;1;12.71;0.11
22.4;1;12.68;0.14
22.4;1;12.65;0.14
22.4;1;12.62;0.13
22.4;1;12.59;0.1
22.4;1;12.56;0.14
22.4;1;12.53;0.11
22.4;1;12.50;0.15
22.4;1;12.47;0.1
22.4;1;12.44;0.14
22.4;1;12.41;0.12
22.4;1;12.38;0.12
22.4;1;12.35;0.11
22.4;1;12.32;0.13
22.4;1;12.29;0.13
22.4;1;12.26;0.1
22.4;1;12.23;0.11
22.4;1;12.20;0.12
22.4;1;12.17;0.13
22.4;1;12.14;0.11
22.4;1;12.11;0.13
22.4;1;12.08;0.1
22.4;1;12.05;0.14
22.4;1;12.02;0.14
22.4;1;11.99;0.13
22.4;1;11.96;0.15
22.4;1;11.93;0.12
22.4;1;11.90;0.13
22.4;1;11.87;0.12
22.4;1;11.84;0.11
22.4;1;11.81;0.12
22.4;1;11.78;0.14
22.4;1;11.75;0.14
22.4;1;11.72;0.11
22.4;1;11.69;0.14
22.4;1;11.66;0.12
22.4;1;11.63;0.1
22.4;1;11.60;0.13
22.4;1;11.57;0.11
22.4;1;11.54;0.13
22.4;1;11.51;0.11
22.4;1;11.48;0.1
22.4;1;11.45;0.13
22.4;1;11.42;0.15
22.4;1;11.39;0.14
22.4;1;11.36;0.13
22.4;1;11.33;0.12
22.4;1;11.30;0.13
22.4;1;11.27;0.11
22.4;1;11.24;0.14
22.4;1;11.21;0.14
22.4;1;11.18;0.13
22.4;1;11.15;0.13
22.4;1;11.12;0.14
22.4;1;11.09;0.15
22.4;1;11.06;0.13
22.4;1;11.03;0.13
22.4;1;11.00;0.11
22.4;1;10.97;0.14
22.4;1;10.94;0.11
22.4;1;10.91;0.12
22.4;1;10.88;0.12
31.5;1;33.33;0.4
31.5;1;33.23;0.76
31.5;1;33.13;0.7
31.5;1;33.03;0.39
31.5;1;32.93;0.72
31.5;1;32.83;0.33
31.5;1;32.73;0.37
31.5;1;32.63;0.65
31.5;1;31.96;0.47
31.5;1;31.93;0.41
31.5;1;31.90;0.41
31.5;1;31.87;0.46
31.5;1;31.84;0.4
31.5;1;31.81;0.43
31.5;1;31.78;0.42
31.5;1;31.75;0.41
31.5;1;31.72;0.5
31.5;1;31.69;0.48
31.5;1;31.66;0.42
31.5;1;31.63;0.48
31.5;1;31.60;0.43
31.5;1;31.57;0.42
31.5;1;31.54;0.41
31.5;1;31.51;0.48
31.5;1;31.45;0.46
31.5;1;31.42;0.46
31.5;1;31.39;0.43
31.5;1;31.36;0.48
31.5;1;31.33;0.41
31.5;1;31.30;0.43
31.5;1;31.27;0.46
31.5;1;31.24;0.42
31.5;1;31.21;0.48
31.5;1;31.18;0.45
31.5;1;31.15;0.42
31.5;1;31.12;0.49
31.5;1;31.09;0.45
31.5;1;31.06;0.41
31.5;1;31.03;0.41
31.5;1;31.00;0.5
31.5;1;30.97;0.45
31.5;1;30.94;0.48
31.5;1;30.91;0.44
31.5;1;30.88;0.49
31.5;1;30.85;0.46
31.5;1;30.82;0.48
31.5;1;30.76;0.4
31.5;1;30.73;0.46
31.5;1;30.70;0.41
31.5;1;30.67;0.44
31.5;1;30.64;0.4
31.5;1;30.61;0.48
31.5;1;30.58;0.45
31.5;1;30.55;0.48
31.5;1;30.52;0.44
31.5;1;30.49;0.43
31.5;1;30.46;0.48
31.5;1;30.43;0.47
31.5;1;30.40;0.49
31.5;1;30.37;0.48
31.5;1;30.34;0.49
31.5;1;30.31;0.47
31.5;1;30.28;0.43
31.5;1;30.25;0.48
31.5;1;30.22;0.42
31.5;1;30.07;0.41
31.5;1;30.04;0.48
31.5;1;30.01;0.5
31.5;1;29.98;0.41
31.5;1;29.95;0.46
31.5;1;29.92;0.45
31.5;1;29.89;0.41
31.5;1;29.86;0.4
31.5;1;29.83;0.43
31.5;1;29.80;0.44
31.5;1;29.77;0.46
31.5;1;29.74;0.45
31.5;1;29.68;0.48
31.5;1;29.65;0.42
31.5;1;29.62;0.44
31.5;1;29.59;0.47
31.5;1;29.56;0.4
31.5;1;29.53;0.41
31.5;1;29.50;0.42
31.5;1;29.47;0.49
31.5;1;29.44;0.42
31.5;1;29.41;0.47
31.5;1;29.38;0.46
31.5;1;29.35;0.41
31.5;1;29.29;0.28
31.5;1;29.26;0.29
31.5;1;29.23;0.31
31.5;1;29.20;0.32
31.5;1;29.14;0.43
31.5;1;29.11;0.5
31.5;1;29.08;0.4
31.5;1;29.05;0.46
31.5;1;29.02;0.45
31.5;1;28.99;0.4
31.5;1;28.96;0.46
31.5;1;28.93;0.48
31.5;1;28.90;0.47
31.5;1;28.87;0.44
31.5;1;28.84;0.44
31.5;1;28.78;0.31
31.5;1;28.75;0.27
31.5;1;28.72;0.3
31.5;1;28.69;0.29
31.5;1;28.66;0.34
31.5;1;28.63;0.34
31.5;1;28.60;0.26
31.5;1;28.54;0.44
31.5;1;28.51;0.42
31.5;1;28.48;0.48
31.5;1;28.45;0.42
31.5;1;28.42;0.5
31.5;1;28.39;0.48
31.5;1;28.33;0.34
31.5;1;28.30;0.31
31.5;1;28.27;0.33
31.5;1;28.24;0.26
31.5;1;28.21;0.31
31.5;1;28.18;0.27
31.5;1;28.15;0.29
31.5;1;28.12;0.26
31.5;1;28.09;0.28
31.5;1;28.06;0.3
31.5;1;28.03;0.28
31.5;1;28.00;0.3
31.5;1;27.97;0.32
31.5;1;27.94;0.31
31.5;1;27.91;0.32
31.5;1;27.88;0.32
31.5;1;27.85;0.33
31.5;1;27.82;0.29
31.5;1;27.79;0.25
31.5;1;27.76;0.31
31.5;1;27.70;0.33
31.5;1;27.67;0.29
31.5;1;27.64;0.26
31.5;1;27.61;0.34
31.5;1;27.58;0.29
31.5;1;27.55;0.34
31.5;1;27.52;0.34
31.5;1;27.49;0.3
31.5;1;27.46;0.32
31.5;1;27.40;0.27
31.5;1;27.37;0.28
31.5;1;27.34;0.3
31.5;1;27.31;0.32
31.5;1;27.28;0.3
31.5;1;27.25;0.32
31.5;1;27.22;0.28
31.5;1;27.19;0.31
31.5;1;27.16;0.34
31.5;1;27.13;0.3
31.5;1;27.10;0.27
31.5;1;27.07;0.33
31.5;1;27.04;0.31
31.5;1;26.98;0.28
31.5;1;26.95;0.27
31.5;1;26.92;0.31
31.5;1;26.89;0.32
31.5;1;26.86;0.28
31.5;1;26.83;0.29
31.5;1;26.80;0.29
31.5;1;26.77;0.32
31.5;1;26.74;0.27
31.5;1;26.71;0.26
31.5;1;26.68;0.27
31.5;1;26.65;0.34
31.5;1;26.62;0.29
31.5;1;26.59;0.28
31.5;1;26.56;0.27
31.5;1;26.53;0.26
31.5;1;26.50;0.33
31.5;1;26.47;0.28
31.5;1;26.44;0.3
31.5;1;26.41;0.35
31.5;1;26.38;0.3
31.5;1;26.35;0.28
31.5;1;26.32;0.33
31.5;1;26.29;0.29
31.5;1;26.26;0.33
31.5;1;26.23;0.29
31.5;1;26.20;0.3
31.5;1;26.17;0.33
31.5;1;26.14;0.28
31.5;1;26.11;0.28
31.5;1;26.08;0.26
31.5;1;26.05;0.33
31.5;1;25.99;0.41
31.5;1;25.96;0.44
31.5;1;25.93;0.48
31.5;1;25.90;0.42
31.5;1;25.87;0.47
31.5;1;25.84;0.41
31.5;1;25.81;0.48
31.5;1;25.78;0.49
31.5;1;25.75;0.41
31.5;1;25.72;0.47
31.5;1;25.69;0.48
31.5;1;25.66;0.41
31.5;1;25.63;0.49
31.5;1;25.60;0.44
31.5;1;25.57;0.42
31.5;1;25.54;0.46
31.5;1;25.51;0.41
31.5;1;25.48;0.5
31.5;1;25.45;0.45
31.5;1;25.42;0.44
31.5;1;25.39;0.44
31.5;1;25.36;0.44
31.5;1;25.33;0.45
31.5;1;25.30;0.44
31.5;1;25.27;0.42
31.5;1;25.24;0.47
31.5;1;25.21;0.42
31.5;1;25.18;0.44
31.5;1;25.15;0.47
31.5;1;25.12;0.4
31.5;1;25.09;0.41
31.5;1;25.06;0.45
31.5;1;25.03;0.41
31.5;1;25.00;0.47
31.5;1;24.97;0.41
31.5;1;24.94;0.44
31.5;1;24.91;0.44
31.5;1;24.88;0.41
31.5;1;24.85;0.43
31.5;1;24.82;0.46
31.5;1;24.76;0.46
31.5;1;24.73;0.47
31.5;1;24.70;0.48
31.5;1;24.67;0.46
31.5;1;24.64;0.43
31.5;1;24.61;0.5
31.5;1;24.58;0.49
31.5;1;24.55;0.41
31.5;1;24.52;0.49
31.5;1;24.49;0.43
31.5;1;24.43;0.34
31.5;1;24.40;0.29
31.5;1;24.37;0.29
31.5;1;24.34;0.26
31.5;1;24.31;0.25
31.5;1;24.28;0.35
31.5;1;24.25;0.28
31.5;1;24.22;0.28
31.5;1;24.19;0.29
31.5;1;24.16;0.34
31.5;1;24.13;0.29
31.5;1;24.10;0.33
31.5;1;24.07;0.26
31.5;1;24.04;0.33
31.5;1;24.01;0.34
31.5;1;23.98;0.28
31.5;1;23.95;0.33
31.5;1;23.92;0.28
31.5;1;23.89;0.32
31.5;1;23.86;0.34
31.5;1;23.83;0.27
31.5;1;23.80;0.33
31.5;1;23.77;0.33
31.5;1;23.74;0.27
31.5;1;23.71;0.27
31.5;1;23.68;0.28
31.5;1;23.65;0.32
31.5;1;23.62;0.33
31.5;1;23.56;0.43
31.5;1;23.53;0.44
31.5;1;23.50;0.41
31.5;1;23.47;0.42
31.5;1;23.44;0.48
31.5;1;23.41;0.45
31.5;1;23.38;0.43
31.5;1;23.35;0.42
31.5;1;23.32;0.49
31.5;1;23.29;0.43
31.5;1;23.26;0.41
31.5;1;23.23;0.46
31.5;1;23.20;0.48
31.5;1;23.17;0.46
31.5;1;23.14;0.49
31.5;1;23.11;0.48
31.5;1;23.08;0.47
31.5;1;23.05;0.46
31.5;1;23.02;0.42
31.5;1;22.99;0.46
31.5;1;22.96;0.41
31.5;1;22.93;0.42
31.5;1;22.90;0.42
31.5;1;22.87;0.49
31.5;1;22.84;0.4
31.5;1;22.81;0.44
31.5;1;22.78;0.47
31.5;1;22.72;0.33
31.5;1;22.69;0.29
31.5;1;22.66;0.34
31.5;1;22.63;0.29
31.5;1;22.60;0.34
31.5;1;22.57;0.34
31.5;1;22.54;0.33
31.5;1;22.51;0.31
31.5;1;22.48;0.3
31.5;1;22.33;0.29
31.5;1;22.30;0.25
31.5;1;22.27;0.32
31.5;1;22.24;0.29
31.5;1;22.21;0.29
31.5;1;22.18;0.29
31.5;1;22.15;0.27
31.5;1;22.12;0.26
31.5;1;22.09;0.3
31.5;1;22.06;0.26
31.5;1;22.03;0.31
31.5;1;22.00;0.27
31.5;1;21.97;0.26
31.5;1;21.91;0.32
31.5;1;21.88;0.28
31.5;1;21.85;0.28
31.5;1;21.82;0.26
31.5;1;21.79;0.34
31.5;1;21.76;0.33
31.5;1;21.73;0.3
31.5;1;21.70;0.31
31.5;1;21.67;0.25
31.5;1;21.64;0.29
31.5;1;21.61;0.27
31.5;1;21.58;0.26
31.5;1;21.55;0.32
31.5;1;21.52;0.26
31.5;1;21.46;0.31
31.5;1;21.43;0.32
31.5;1;21.40;0.32
31.5;1;21.37;0.35
31.5;1;21.34;0.33
31.5;1;21.31;0.33
31.5;1;21.28;0.34
31.5;1;21.25;0.34
31.5;1;21.22;0.34
31.5;1;21.16;0.32
31.5;1;21.13;0.31
31.5;1;21.10;0.33
31.5;1;21.07;0.3
31.5;1;21.04;0.32
31.5;1;20.98;0.49
31.5;1;20.95;0.41
31.5;1;20.92;0.43
31.5;1;20.89;0.48
31.5;1;20.86;0.44
31.5;1;20.83;0.46
31.5;1;20.80;0.44
31.5;1;20.77;0.1
31.5;1;20.74;0.14
31.5;1;20.71;0.12
31.5;1;20.68;0.14
31.5;1;20.65;0.12
31.5;1;20.62;0.12
31.5;1;20.59;0.12
31.5;1;20.56;0.13
31.5;1;20.53;0.14
31.5;1;20.50;0.11
31.5;1;20.47;0.14
31.5;1;20.44;0.11
31.5;1;20.41;0.1
31.5;1;20.38;0.12
31.5;1;20.35;0.11
31.5;1;20.32;0.11
31.5;1;20.29;0.11
31.5;1;20.26;0.13
31.5;1;20.23;0.15
31.5;1;20.20;0.14
31.5;1;20.17;0.15
31.5;1;20.14;0.11
31.5;1;20.11;0.14
31.5;1;20.08;0.13
31.5;1;20.05;0.14
31.5;1;20.02;0.12
31.5;1;19.99;0.12
31.5;1;19.96;0.14
31.5;1;19.93;0.11
31.5;1;19.90;0.14
31.5;1;19.87;0.12
31.5;1;19.84;0.11
31.5;1;19.81;0.13
31.5;1;19.78;0.14
31.5;1;19.75;0.11
31.5;1;19.72;0.11
31.5;1;19.69;0.14
31.5;1;19.66;0.13
31.5;1;19.63;0.14
31.5;1;19.60;0.13
31.5;1;19.57;0.14
31.5;1;19.54;0.11
31.5;1;19.51;0.11
31.5;1;19.48;0.13
31.5;1;19.45;0.14
31.5;1;19.42;0.13
31.5;1;19.39;0.12
31.5;1;19.36;0.14
31.5;1;19.33;0.13
31.5;1;19.30;0.11
31.5;1;19.27;0.14
31.5;1;19.24;0.13
31.5;1;19.21;0.11
31.5;1;19.18;0.13
31.5;1;19.15;0.1
31.5;1;19.12;0.14
31.5;1;19.09;0.11
31.5;1;19.06;0.11
31.5;1;19.03;0.11
31.5;1;19.00;0.14
31.5;1;18.97;0.15
31.5;1;18.94;0.15
31.5;1;18.91;0.13
31.5;1;18.88;0.11
31.5;1;18.85;0.11
31.5;1;18.82;0.11
31.5;1;18.79;0.13
31.5;1;18.76;0.11
31.5;1;18.73;0.11
31.5;1;18.70;0.13
31.5;1;18.67;0.11
31.5;1;18.64;0.13
31.5;1;18.61;0.11
31.5;1;18.58;0.11
31.5;1;18.55;0.14
31.5;1;18.52;0.12
31.5;1;18.49;0.11
31.5;1;18.46;0.14
31.5;1;18.43;0.13
37;1;36.61;0.36
37;1;36.51;0.35
37;1;36.41;0.57
37;1;36.31;0.39
37;1;36.21;0.47
37;1;36.11;0.78
37;1;35.69;0.43
37;1;35.66;0.5
37;1;35.63;0.44
37;1;35.60;0.45
37;1;35.57;0.47
37;1;35.54;0.48
37;1;35.51;0.47
37;1;35.48;0.45
37;1;35.45;0.44
37;1;35.42;0.49
37;1;35.39;0.43
37;1;35.36;0.46
37;1;35.33;0.46
37;1;35.30;0.43
37;1;35.27;0.41
37;1;35.24;0.49
37;1;35.18;0.46
37;1;35.15;0.43
37;1;35.12;0.49
37;1;35.09;0.48
37;1;35.06;0.41
37;1;35.03;0.44
37;1;35.00;0.44
37;1;34.97;0.48
37;1;34.94;0.47
37;1;34.91;0.44
37;1;34.88;0.45
37;1;34.85;0.5
37;1;34.82;0.4
37;1;34.79;0.4
37;1;34.73;0.4
37;1;34.70;0.46
37;1;34.67;0.46
37;1;34.64;0.42
37;1;34.61;0.44
37;1;34.58;0.45
37;1;34.55;0.48
37;1;34.52;0.42
37;1;34.49;0.41
37;1;34.46;0.44
37;1;34.43;0.49
37;1;34.40;0.49
37;1;34.37;0.46
37;1;34.34;0.42
37;1;34.31;0.5
37;1;34.25;0.47
37;1;34.22;0.46
37;1;34.19;0.48
37;1;34.16;0.47
37;1;34.13;0.49
37;1;34.10;0.46
37;1;34.07;0.4
37;1;34.04;0.46
37;1;34.01;0.49
37;1;33.98;0.44
37;1;33.92;0.47
37;1;33.89;0.44
37;1;33.86;0.43
37;1;33.83;0.49
37;1;33.80;0.45
37;1;33.77;0.45
37;1;33.74;0.47
37;1;33.71;0.4
37;1;33.68;0.5
37;1;33.65;0.45
37;1;33.62;0.47
37;1;33.59;0.41
37;1;33.56;0.48
37;1;33.53;0.44
37;1;33.50;0.43
37;1;33.47;0.48
37;1;33.44;0.5
37;1;33.41;0.48
37;1;33.38;0.48
37;1;33.35;0.47
37;1;33.32;0.48
37;1;33.26;0.3
37;1;33.23;0.26
37;1;33.20;0.27
37;1;33.17;0.26
37;1;33.14;0.28
37;1;33.11;0.34
37;1;33.08;0.26
37;1;33.05;0.34
37;1;33.02;0.32
37;1;32.99;0.34
37;1;32.96;0.31
37;1;32.93;0.33
37;1;32.90;0.34
37;1;32.87;0.29
37;1;32.84;0.3
37;1;32.81;0.31
37;1;32.78;0.29
37;1;32.75;0.29
37;1;32.72;0.31
37;1;32.69;0.26
37;1;32.66;0.26
37;1;32.63;0.3
37;1;32.60;0.28
37;1;32.57;0.31
37;1;32.54;0.34
37;1;32.51;0.29
37;1;32.48;0.25
37;1;32.45;0.35
37;1;32.42;0.31
37;1;32.39;0.31
37;1;32.36;0.29
37;1;32.33;0.31
37;1;32.30;0.31
37;1;32.27;0.28
37;1;32.24;0.3
37;1;32.21;0.28
37;1;32.18;0.31
37;1;32.15;0.34
37;1;32.03;0.35
37;1;32.00;0.25
37;1;31.97;0.26
37;1;31.94;0.28
37;1;31.91;0.33
37;1;31.88;0.29
37;1;31.85;0.33
37;1;31.82;0.26
37;1;31.79;0.26
37;1;31.76;0.27
37;1;31.73;0.35
37;1;31.70;0.32
37;1;31.67;0.29
37;1;31.64;0.26
37;1;31.61;0.31
37;1;31.55;0.43
37;1;31.52;0.5
37;1;31.49;0.46
37;1;31.46;0.4
37;1;31.43;0.41
37;1;31.40;0.49
37;1;31.37;0.49
37;1;31.34;0.47
37;1;31.31;0.49
37;1;31.28;0.4
37;1;31.22;0.44
37;1;31.16;0.27
37;1;31.13;0.35
37;1;31.10;0.33
37;1;31.07;0.34
37;1;31.04;0.3
37;1;31.01;0.32
37;1;30.98;0.27
37;1;30.95;0.27
37;1;30.92;0.28
37;1;30.89;0.3
37;1;30.86;0.34
37;1;30.83;0.31
37;1;30.80;0.31
37;1;30.77;0.25
37;1;30.74;0.26
37;1;30.71;0.27
37;1;30.68;0.31
37;1;30.65;0.31
37;1;30.62;0.33
37;1;30.59;0.31
37;1;30.56;0.32
37;1;30.53;0.34
37;1;30.50;0.34
37;1;30.47;0.34
37;1;30.44;0.26
37;1;30.41;0.34
37;1;30.38;0.28
37;1;30.35;0.3
37;1;30.32;0.27
37;1;30.26;0.3
37;1;30.23;0.26
37;1;30.20;0.3
37;1;30.17;0.34
37;1;30.14;0.34
37;1;30.11;0.27
37;1;30.08;0.25
37;1;30.05;0.31
37;1;30.02;0.34
37;1;29.96;0.31
37;1;29.93;0.31
37;1;29.90;0.3
37;1;29.87;0.28
37;1;29.84;0.3
37;1;29.78;0.44
37;1;29.75;0.47
37;1;29.72;0.44
37;1;29.69;0.4
37;1;29.66;0.45
37;1;29.63;0.49
37;1;29.60;0.46
37;1;29.57;0.49
37;1;29.54;0.41
37;1;29.51;0.43
37;1;29.48;0.49
37;1;29.45;0.4
37;1;29.42;0.48
37;1;29.39;0.49
37;1;29.36;0.43
37;1;29.33;0.41
37;1;29.30;0.44
37;1;29.27;0.49
37;1;29.24;0.45
37;1;29.21;0.49
37;1;29.18;0.47
37;1;29.15;0.49
37;1;29.12;0.46
37;1;29.09;0.41
37;1;29.06;0.43
37;1;29.03;0.47
37;1;29.00;0.49
37;1;28.97;0.41
37;1;28.94;0.45
37;1;28.91;0.41
37;1;28.88;0.4
37;1;28.85;0.41
37;1;28.82;0.44
37;1;28.79;0.45
37;1;28.76;0.5
37;1;28.73;0.43
37;1;28.70;0.48
37;1;28.67;0.41
37;1;28.64;0.49
37;1;28.61;0.42
37;1;28.58;0.48
37;1;28.55;0.48
37;1;28.52;0.48
37;1;28.49;0.44
37;1;28.43;0.49
37;1;28.40;0.49
37;1;28.37;0.5
37;1;28.34;0.45
37;1;28.31;0.46
37;1;28.28;0.48
37;1;28.25;0.48
37;1;28.22;0.46
37;1;28.19;0.4
37;1;28.16;0.47
37;1;28.13;0.4
37;1;28.10;0.43
37;1;28.04;0.33
37;1;28.01;0.31
37;1;27.98;0.28
37;1;27.95;0.26
37;1;27.92;0.25
37;1;27.89;0.25
37;1;27.86;0.28
37;1;27.83;0.31
37;1;27.80;0.34
37;1;27.77;0.32
37;1;27.74;0.3
37;1;27.71;0.25
37;1;27.68;0.31
37;1;27.65;0.33
37;1;27.62;0.31
37;1;27.59;0.29
37;1;27.56;0.26
37;1;27.53;0.35
37;1;27.50;0.26
37;1;27.47;0.26
37;1;27.44;0.34
37;1;27.41;0.33
37;1;27.38;0.31
37;1;27.35;0.31
37;1;27.32;0.28
37;1;27.29;0.32
37;1;27.26;0.34
37;1;27.23;0.25
37;1;27.20;0.3
37;1;27.17;0.27
37;1;27.14;0.32
37;1;27.11;0.3
37;1;27.08;0.27
37;1;27.02;0.41
37;1;26.99;0.43
37;1;26.96;0.41
37;1;26.93;0.48
37;1;26.90;0.46
37;1;26.87;0.42
37;1;26.84;0.43
37;1;26.81;0.49
37;1;26.78;0.42
37;1;26.75;0.44
37;1;26.72;0.5
37;1;26.69;0.46
37;1;26.66;0.48
37;1;26.63;0.43
37;1;26.60;0.46
37;1;26.57;0.43
37;1;26.54;0.47
37;1;26.51;0.49
37;1;26.48;0.45
37;1;26.42;0.3
37;1;26.39;0.27
37;1;26.36;0.29
37;1;26.33;0.34
37;1;26.30;0.27
37;1;26.27;0.34
37;1;26.24;0.26
37;1;26.21;0.33
37;1;26.18;0.29
37;1;26.15;0.32
37;1;26.12;0.28
37;1;26.09;0.29
37;1;26.06;0.32
37;1;26.03;0.34
37;1;26.00;0.33
37;1;25.97;0.34
37;1;25.94;0.27
37;1;25.91;0.28
37;1;25.88;0.34
37;1;25.85;0.28
37;1;25.82;0.33
37;1;25.79;0.33
37;1;25.76;0.31
37;1;25.73;0.28
37;1;25.70;0.3
37;1;25.55;0.28
37;1;25.52;0.31
37;1;25.49;0.3
37;1;25.46;0.31
37;1;25.43;0.32
37;1;25.40;0.28
37;1;25.34;0.34
37;1;25.31;0.26
37;1;25.28;0.3
37;1;25.25;0.27
37;1;25.22;0.29
37;1;25.19;0.26
37;1;25.13;0.31
37;1;25.10;0.34
37;1;25.07;0.34
37;1;25.04;0.34
37;1;25.01;0.33
37;1;24.98;0.32
37;1;24.95;0.33
37;1;24.92;0.3
37;1;24.86;0.31
37;1;24.83;0.31
37;1;24.80;0.31
37;1;24.77;0.33
37;1;24.74;0.31
37;1;24.56;0.3
37;1;24.53;0.34
37;1;24.50;0.3
37;1;24.47;0.31
37;1;24.44;0.34
37;1;24.38;0.5
37;1;24.35;0.41
37;1;24.32;0.44
37;1;24.29;0.46
37;1;24.26;0.42
37;1;24.23;0.14
37;1;24.20;0.14
37;1;24.17;0.13
37;1;24.14;0.14
37;1;24.11;0.11
37;1;24.08;0.14
37;1;24.05;0.1
37;1;24.02;0.13
37;1;23.99;0.13
37;1;23.96;0.11
37;1;23.93;0.12
37;1;23.90;0.12
37;1;23.87;0.1
37;1;23.84;0.13
37;1;23.81;0.1
37;1;23.78;0.15
37;1;23.75;0.15
37;1;23.72;0.13
37;1;23.69;0.11
37;1;23.66;0.12
37;1;23.63;0.13
37;1;23.60;0.11
37;1;23.57;0.11
37;1;23.54;0.11
37;1;23.51;0.12
37;1;23.48;0.1
37;1;23.45;0.13
37;1;23.42;0.13
37;1;23.39;0.13
37;1;23.36;0.1
37;1;23.33;0.1
37;1;23.30;0.1
37;1;23.27;0.13
37;1;23.24;0.11
37;1;23.21;0.14
37;1;23.18;0.12
37;1;23.15;0.11
37;1;23.12;0.13
37;1;23.09;0.14
37;1;23.06;0.1
37;1;23.03;0.11
37;1;23.00;0.14
37;1;22.97;0.14
37;1;22.94;0.1
37;1;22.91;0.15
37;1;22.88;0.12
37;1;22.85;0.14
37;1;22.82;0.15
37;1;22.79;0.1
37;1;22.76;0.14
37;1;22.73;0.13
37;1;22.70;0.11
37;1;22.67;0.11
37;1;22.64;0.12
37;1;22.61;0.13
37;1;22.58;0.12
37;1;22.55;0.12
37;1;22.52;0.11
37;1;22.49;0.14
37;1;22.46;0.11
37;1;22.43;0.12
37;1;22.40;0.15
37;1;22.37;0.14
37;1;22.34;0.1
37;1;22.31;0.11
37;1;22.28;0.14
37;1;22.25;0.13
37;1;22.22;0.12
37;1;22.19;0.14
37;1;22.16;0.12
37;1;22.13;0.1
37;1;22.10;0.15
37;1;22.07;0.1
37;1;22.04;0.13
37;1;22.01;0.14
37;1;21.98;0.11
37;1;21.95;0.14
37;1;21.92;0.15
37;1;21.89;0.12
37;1;21.86;0.14
37;1;21.83;0.14
37;1;21.80;0.13
37;1;21.77;0.13
37;1;21.74;0.14
37;1;21.71;0.12
46.9;1;39.71;0.48
46.9;1;39.61;0.7
46.9;1;39.51;0.68
46.9;1;39.18;0.46
46.9;1;39.15;0.45
46.9;1;39.12;0.48
46.9;1;39.09;0.44
46.9;1;39.06;0.46
46.9;1;39.03;0.48
46.9;1;39.00;0.49
46.9;1;38.97;0.45
46.9;1;38.94;0.46
46.9;1;38.91;0.49
46.9;1;38.85;0.46
46.9;1;38.82;0.43
46.9;1;38.79;0.43
46.9;1;38.76;0.4
46.9;1;38.73;0.47
46.9;1;38.70;0.47
46.9;1;38.67;0.41
46.9;1;38.64;0.48
46.9;1;38.61;0.44
46.9;1;38.58;0.42
46.9;1;38.55;0.45
46.9;1;38.52;0.45
46.9;1;38.49;0.46
46.9;1;38.46;0.4
46.9;1;38.43;0.46
46.9;1;38.40;0.42
46.9;1;38.37;0.48
46.9;1;38.34;0.45
46.9;1;38.31;0.42
46.9;1;38.28;0.42
46.9;1;38.25;0.43
46.9;1;38.22;0.4
46.9;1;38.19;0.46
46.9;1;38.16;0.47
46.9;1;38.13;0.41
46.9;1;38.10;0.49
46.9;1;38.07;0.5
46.9;1;38.04;0.5
46.9;1;38.01;0.42
46.9;1;37.95;0.44
46.9;1;37.92;0.4
46.9;1;37.89;0.47
46.9;1;37.86;0.47
46.9;1;37.83;0.47
46.9;1;37.80;0.43
46.9;1;37.77;0.43
46.9;1;37.74;0.48
46.9;1;37.71;0.42
46.9;1;37.68;0.48
46.9;1;37.65;0.5
46.9;1;37.62;0.4
46.9;1;37.59;0.47
46.9;1;37.53;0.45
46.9;1;37.50;0.48
46.9;1;37.47;0.44
46.9;1;37.44;0.49
46.9;1;37.41;0.48
46.9;1;37.38;0.46
46.9;1;37.32;0.3
46.9;1;37.29;0.29
46.9;1;37.26;0.35
46.9;1;37.23;0.34
46.9;1;37.20;0.3
46.9;1;37.17;0.27
46.9;1;37.14;0.31
46.9;1;37.11;0.27
46.9;1;37.08;0.28
46.9;1;37.05;0.34
46.9;1;37.02;0.35
46.9;1;36.99;0.35
46.9;1;36.96;0.29
46.9;1;36.93;0.33
46.9;1;36.90;0.26
46.9;1;36.87;0.27
46.9;1;36.84;0.29
46.9;1;36.81;0.28
46.9;1;36.78;0.29
46.9;1;36.75;0.28
46.9;1;36.72;0.33
46.9;1;36.66;0.34
46.9;1;36.63;0.25
46.9;1;36.60;0.31
46.9;1;36.57;0.29
46.9;1;36.54;0.27
46.9;1;36.51;0.35
46.9;1;36.48;0.3
46.9;1;36.45;0.28
46.9;1;36.42;0.34
46.9;1;36.39;0.28
46.9;1;36.36;0.34
46.9;1;36.33;0.34
46.9;1;36.30;0.28
46.9;1;36.27;0.34
46.9;1;36.24;0.34
46.9;1;36.21;0.34
46.9;1;36.18;0.26
46.9;1;36.15;0.3
46.9;1;36.12;0.32
46.9;1;36.06;0.27
46.9;1;36.03;0.3
46.9;1;36.00;0.33
46.9;1;35.97;0.25
46.9;1;35.94;0.28
46.9;1;35.91;0.32
46.9;1;35.88;0.33
46.9;1;35.85;0.32
46.9;1;35.82;0.32
46.9;1;35.79;0.25
46.9;1;35.76;0.29
46.9;1;35.73;0.26
46.9;1;35.58;0.32
46.9;1;35.55;0.27
46.9;1;35.52;0.33
46.9;1;35.49;0.26
46.9;1;35.46;0.32
46.9;1;35.43;0.31
46.9;1;35.40;0.33
46.9;1;35.37;0.26
46.9;1;35.34;0.34
46.9;1;35.31;0.26
46.9;1;35.28;0.29
46.9;1;35.25;0.29
46.9;1;35.22;0.26
46.9;1;35.19;0.31
46.9;1;35.16;0.32
46.9;1;35.13;0.31
46.9;1;35.10;0.35
46.9;1;35.07;0.3
46.9;1;35.04;0.28
46.9;1;34.98;0.5
46.9;1;34.95;0.44
46.9;1;34.92;0.49
46.9;1;34.89;0.43
46.9;1;34.86;0.47
46.9;1;34.83;0.43
46.9;1;34.80;0.46
46.9;1;34.77;0.46
46.9;1;34.74;0.43
46.9;1;34.68;0.33
46.9;1;34.65;0.3
46.9;1;34.62;0.34
46.9;1;34.59;0.34
46.9;1;34.56;0.27
46.9;1;34.53;0.29
46.9;1;34.50;0.25
46.9;1;34.47;0.33
46.9;1;34.44;0.3
46.9;1;34.38;0.42
46.9;1;34.35;0.48
46.9;1;34.32;0.46
46.9;1;34.29;0.47
46.9;1;34.26;0.46
46.9;1;34.23;0.45
46.9;1;34.17;0.25
46.9;1;34.14;0.25
46.9;1;34.11;0.35
46.9;1;34.08;0.29
46.9;1;34.05;0.25
46.9;1;34.02;0.32
46.9;1;33.99;0.27
46.9;1;33.96;0.35
46.9;1;33.93;0.31
46.9;1;33.90;0.29
46.9;1;33.87;0.35
46.9;1;33.84;0.31
46.9;1;33.81;0.28
46.9;1;33.78;0.32
46.9;1;33.75;0.32
46.9;1;33.72;0.33
46.9;1;33.69;0.35
46.9;1;33.66;0.25
46.9;1;33.63;0.31
46.9;1;33.60;0.34
46.9;1;33.57;0.33
46.9;1;33.54;0.27
46.9;1;33.51;0.26
46.9;1;33.48;0.26
46.9;1;33.45;0.29
46.9;1;33.42;0.26
46.9;1;33.39;0.25
46.9;1;33.36;0.33
46.9;1;33.33;0.33
46.9;1;33.30;0.27
46.9;1;33.24;0.47
46.9;1;33.21;0.47
46.9;1;33.18;0.42
46.9;1;33.15;0.42
46.9;1;33.12;0.41
46.9;1;33.09;0.44
46.9;1;33.06;0.42
46.9;1;33.03;0.4
46.9;1;33.00;0.47
46.9;1;32.97;0.46
46.9;1;32.94;0.42
46.9;1;32.91;0.45
46.9;1;32.88;0.46
46.9;1;32.85;0.45
46.9;1;32.82;0.43
46.9;1;32.79;0.47
46.9;1;32.76;0.47
46.9;1;32.73;0.43
46.9;1;32.70;0.45
46.9;1;32.67;0.45
46.9;1;32.64;0.43
46.9;1;32.61;0.44
46.9;1;32.55;0.4
46.9;1;32.52;0.48
46.9;1;32.49;0.41
46.9;1;32.46;0.48
46.9;1;32.43;0.49
46.9;1;32.40;0.43
46.9;1;32.37;0.45
46.9;1;32.34;0.5
46.9;1;32.31;0.5
46.9;1;32.28;0.4
46.9;1;32.25;0.49
46.9;1;32.22;0.45
46.9;1;32.19;0.48
46.9;1;32.16;0.42
46.9;1;32.13;0.41
46.9;1;32.10;0.47
46.9;1;32.07;0.45
46.9;1;32.04;0.44
46.9;1;32.01;0.44
46.9;1;31.98;0.45
46.9;1;31.95;0.47
46.9;1;31.92;0.49
46.9;1;31.89;0.42
46.9;1;31.86;0.41
46.9;1;31.83;0.47
46.9;1;31.80;0.41
46.9;1;31.77;0.41
46.9;1;31.74;0.47
46.9;1;31.68;0.43
46.9;1;31.65;0.46
46.9;1;31.62;0.46
46.9;1;31.59;0.45
46.9;1;31.56;0.42
46.9;1;31.53;0.48
46.9;1;31.50;0.43
46.9;1;31.47;0.43
46.9;1;31.44;0.41
46.9;1;31.41;0.43
46.9;1;31.38;0.42
46.9;1;31.35;0.42
46.9;1;31.32;0.41
46.9;1;31.29;0.4
46.9;1;31.26;0.5
46.9;1;31.23;0.42
46.9;1;31.17;0.28
46.9;1;31.14;0.31
46.9;1;31.11;0.32
46.9;1;31.08;0.33
46.9;1;31.05;0.34
46.9;1;31.02;0.27
46.9;1;30.99;0.31
46.9;1;30.96;0.35
46.9;1;30.93;0.31
46.9;1;30.90;0.32
46.9;1;30.87;0.34
46.9;1;30.84;0.25
46.9;1;30.81;0.29
46.9;1;30.78;0.26
46.9;1;30.75;0.3
46.9;1;30.72;0.26
46.9;1;30.69;0.34
46.9;1;30.66;0.29
46.9;1;30.63;0.27
46.9;1;30.60;0.26
46.9;1;30.57;0.33
46.9;1;30.54;0.27
46.9;1;30.51;0.3
46.9;1;30.48;0.35
46.9;1;30.45;0.33
46.9;1;30.42;0.25
46.9;1;30.39;0.33
46.9;1;30.36;0.26
46.9;1;30.33;0.26
46.9;1;30.30;0.31
46.9;1;30.27;0.25
46.9;1;30.24;0.3
46.9;1;30.21;0.3
46.9;1;30.18;0.33
46.9;1;30.15;0.33
46.9;1;30.12;0.35
46.9;1;30.09;0.27
46.9;1;30.06;0.28
46.9;1;30.03;0.28
46.9;1;30.00;0.31
46.9;1;29.97;0.32
46.9;1;29.94;0.3
46.9;1;29.91;0.33
46.9;1;29.88;0.26
46.9;1;29.85;0.3
46.9;1;29.82;0.28
46.9;1;29.79;0.27
46.9;1;29.73;0.49
46.9;1;29.70;0.41
46.9;1;29.64;0.33
46.9;1;29.61;0.35
46.9;1;29.58;0.26
46.9;1;29.55;0.28
46.9;1;29.52;0.28
46.9;1;29.49;0.32
46.9;1;29.46;0.29
46.9;1;29.43;0.26
46.9;1;29.40;0.33
46.9;1;29.37;0.27
46.9;1;29.34;0.31
46.9;1;29.31;0.31
46.9;1;29.28;0.32
46.9;1;29.25;0.35
46.9;1;29.22;0.32
46.9;1;29.19;0.27
46.9;1;29.16;0.31
46.9;1;29.13;0.31
46.9;1;29.10;0.34
46.9;1;29.07;0.29
46.9;1;29.04;0.34
46.9;1;29.01;0.29
46.9;1;28.95;0.25
46.9;1;28.92;0.34
46.9;1;28.89;0.32
46.9;1;28.86;0.26
46.9;1;28.83;0.28
46.9;1;28.80;0.3
46.9;1;28.77;0.28
46.9;1;28.74;0.31
46.9;1;28.68;0.28
46.9;1;28.65;0.27
46.9;1;28.62;0.26
46.9;1;28.59;0.26
46.9;1;28.56;0.25
46.9;1;28.53;0.33
46.9;1;28.38;0.27
46.9;1;28.35;0.26
46.9;1;28.32;0.3
46.9;1;28.29;0.32
46.9;1;28.26;0.26
46.9;1;28.20;0.33
46.9;1;28.17;0.3
46.9;1;28.14;0.33
46.9;1;28.11;0.3
46.9;1;28.08;0.35
46.9;1;28.05;0.3
46.9;1;28.02;0.31
46.9;1;27.99;0.33
46.9;1;27.96;0.34
46.9;1;27.93;0.32
46.9;1;27.90;0.33
46.9;1;27.87;0.31
46.9;1;27.84;0.32
46.9;1;27.81;0.31
46.9;1;27.78;0.31
46.9;1;27.75;0.35
46.9;1;27.72;0.32
46.9;1;27.69;0.31
46.9;1;27.66;0.3
46.9;1;27.60;0.31
46.9;1;27.57;0.33
46.9;1;27.54;0.34
46.9;1;27.51;0.35
46.9;1;27.48;0.31
46.9;1;27.45;0.33
46.9;1;27.42;0.31
46.9;1;27.39;0.31
46.9;1;27.36;0.3
46.9;1;27.33;0.32
46.9;1;27.30;0.35
46.9;1;27.27;0.31
46.9;1;27.24;0.32
46.9;1;27.18;0.45
46.9;1;27.15;0.46
46.9;1;27.12;0.41
46.9;1;27.09;0.49
46.9;1;27.06;0.41
46.9;1;27.03;0.42
46.9;1;27.00;0.5
46.9;1;26.97;0.44
46.9;1;26.94;0.42
46.9;1;26.91;0.45
46.9;1;26.88;0.44
46.9;1;26.85;0.11
46.9;1;26.82;0.11
46.9;1;26.79;0.14
46.9;1;26.76;0.12
46.9;1;26.73;0.13
46.9;1;26.70;0.11
46.9;1;26.67;0.11
46.9;1;26.64;0.11
46.9;1;26.61;0.14
46.9;1;26.58;0.14
46.9;1;26.55;0.1
46.9;1;26.52;0.13
46.9;1;26.49;0.14
46.9;1;26.46;0.11
46.9;1;26.43;0.15
46.9;1;26.40;0.12
46.9;1;26.37;0.12
46.9;1;26.34;0.12
46.9;1;26.31;0.11
46.9;1;26.28;0.11
46.9;1;26.25;0.11
46.9;1;26.22;0.14
46.9;1;26.19;0.1
46.9;1;26.16;0.11
46.9;1;26.13;0.11
46.9;1;26.10;0.14
46.9;1;26.07;0.12
46.9;1;26.04;0.1
46.9;1;26.01;0.13
46.9;1;25.98;0.14
46.9;1;25.95;0.11
46.9;1;25.92;0.11
46.9;1;25.89;0.12
46.9;1;25.86;0.13
46.9;1;25.83;0.12
46.9;1;25.80;0.13
46.9;1;25.77;0.11
46.9;1;25.74;0.11
46.9;1;25.71;0.12
46.9;1;25.68;0.11
46.9;1;25.65;0.13
46.9;1;25.62;0.11
46.9;1;25.59;0.11
46.9;1;25.56;0.11
46.9;1;25.53;0.1
46.9;1;25.50;0.1
46.9;1;25.47;0.12
46.9;1;25.44;0.14
46.9;1;25.41;0.14
46.9;1;25.38;0.12
46.9;1;25.35;0.12
46.9;1;25.32;0.14
46.9;1;25.29;0.13
46.9;1;25.26;0.12
46.9;1;25.23;0.14
46.9;1;25.20;0.12
46.9;1;25.17;0.15
46.9;1;25.14;0.1
46.9;1;25.11;0.1
46.9;1;25.08;0.14
46.9;1;25.05;0.13
46.9;1;25.02;0.14
46.9;1;24.99;0.14
46.9;1;24.96;0.11
46.9;1;24.93;0.14
46.9;1;24.90;0.12
46.9;1;24.87;0.14
46.9;1;24.84;0.15
46.9;1;24.81;0.11
50;1;39.80;0.77
50;1;39.60;0.59
50;1;39.50;0.73
50;1;39.19;0.48
50;1;39.16;0.42
50;1;39.13;0.5
50;1;39.10;0.42
50;1;39.07;0.44
50;1;39.04;0.47
50;1;39.01;0.49
50;1;38.98;0.41
50;1;38.95;0.42
50;1;38.89;0.41
50;1;38.86;0.41
50;1;38.83;0.41
50;1;38.80;0.49
50;1;38.77;0.41
50;1;38.74;0.47
50;1;38.71;0.48
50;1;38.68;0.42
50;1;38.65;0.47
50;1;38.62;0.43
50;1;38.59;0.46
50;1;38.56;0.41
50;1;38.53;0.44
50;1;38.50;0.49
50;1;38.47;0.44
50;1;38.44;0.42
50;1;38.41;0.42
50;1;38.38;0.4
50;1;38.35;0.5
50;1;38.32;0.42
50;1;38.29;0.46
50;1;38.26;0.41
50;1;38.23;0.49
50;1;38.20;0.49
50;1;38.14;0.42
50;1;38.11;0.46
50;1;38.08;0.49
50;1;38.05;0.45
50;1;38.02;0.41
50;1;37.99;0.41
50;1;37.96;0.48
50;1;37.93;0.41
50;1;37.90;0.43
50;1;37.87;0.47
50;1;37.84;0.48
50;1;37.81;0.42
50;1;37.78;0.41
50;1;37.72;0.47
50;1;37.69;0.43
50;1;37.66;0.47
50;1;37.63;0.48
50;1;37.60;0.46
50;1;37.57;0.45
50;1;37.54;0.41
50;1;37.51;0.42
50;1;37.48;0.47
50;1;37.42;0.32
50;1;37.39;0.3
50;1;37.36;0.3
50;1;37.33;0.26
50;1;37.30;0.27
50;1;37.27;0.25
50;1;37.24;0.3
50;1;37.21;0.33
50;1;37.18;0.25
50;1;37.15;0.29
50;1;37.12;0.31
50;1;37.09;0.33
50;1;37.06;0.29
50;1;37.03;0.26
50;1;37.00;0.32
50;1;36.97;0.28
50;1;36.91;0.26
50;1;36.88;0.34
50;1;36.85;0.29
50;1;36.82;0.34
50;1;36.79;0.28
50;1;36.76;0.32
50;1;36.73;0.32
50;1;36.70;0.31
50;1;36.67;0.33
50;1;36.64;0.32
50;1;36.61;0.29
50;1;36.58;0.26
50;1;36.55;0.32
50;1;36.52;0.26
50;1;36.49;0.26
50;1;36.46;0.27
50;1;36.43;0.3
50;1;36.40;0.25
50;1;36.37;0.33
50;1;36.31;0.4
50;1;36.28;0.4
50;1;36.25;0.47
50;1;36.22;0.44
50;1;36.19;0.41
50;1;36.16;0.42
50;1;36.13;0.44
50;1;36.10;0.4
50;1;36.07;0.48
50;1;36.04;0.42
50;1;36.01;0.4
50;1;35.98;0.41
50;1;35.95;0.41
50;1;35.92;0.47
50;1;35.89;0.44
50;1;35.86;0.46
50;1;35.83;0.48
50;1;35.80;0.5
50;1;35.77;0.49
50;1;35.74;0.47
50;1;35.68;0.32
50;1;35.65;0.29
50;1;35.62;0.26
50;1;35.59;0.3
50;1;35.56;0.28
50;1;35.53;0.29
50;1;35.50;0.28
50;1;35.47;0.31
50;1;35.44;0.34
50;1;35.41;0.27
50;1;35.35;0.48
50;1;35.32;0.45
50;1;35.29;0.41
50;1;35.26;0.48
50;1;35.23;0.44
50;1;35.20;0.42
50;1;35.17;0.48
50;1;35.14;0.46
50;1;35.11;0.44
50;1;35.08;0.45
50;1;35.05;0.45
50;1;35.02;0.48
50;1;34.99;0.47
50;1;34.96;0.43
50;1;34.90;0.34
50;1;34.87;0.34
50;1;34.84;0.3
50;1;34.81;0.28
50;1;34.78;0.33
50;1;34.75;0.25
50;1;34.72;0.3
50;1;34.69;0.29
50;1;34.66;0.31
50;1;34.63;0.27
50;1;34.60;0.26
50;1;34.57;0.25
50;1;34.54;0.31
50;1;34.51;0.25
50;1;34.48;0.29
50;1;34.45;0.31
50;1;34.42;0.27
50;1;34.39;0.31
50;1;34.36;0.32
50;1;34.33;0.32
50;1;34.30;0.28
50;1;34.27;0.28
50;1;34.24;0.27
50;1;34.21;0.29
50;1;34.18;0.34
50;1;34.15;0.32
50;1;34.12;0.33
50;1;34.09;0.33
50;1;34.06;0.26
50;1;34.03;0.32
50;1;34.00;0.28
50;1;33.97;0.34
50;1;33.94;0.27
50;1;33.91;0.29
50;1;33.88;0.29
50;1;33.85;0.35
50;1;33.82;0.26
50;1;33.79;0.27
50;1;33.76;0.31
50;1;33.73;0.29
50;1;33.70;0.27
50;1;33.67;0.25
50;1;33.64;0.35
50;1;33.61;0.32
50;1;33.58;0.35
50;1;33.55;0.33
50;1;33.49;0.5
50;1;33.46;0.49
50;1;33.43;0.49
50;1;33.40;0.45
50;1;33.37;0.4
50;1;33.34;0.5
50;1;33.31;0.45
50;1;33.28;0.44
50;1;33.25;0.4
50;1;33.22;0.4
50;1;33.19;0.41
50;1;33.16;0.45
50;1;33.13;0.5
50;1;33.10;0.43
50;1;33.07;0.47
50;1;33.04;0.47
50;1;33.01;0.5
50;1;32.98;0.48
50;1;32.95;0.4
50;1;32.92;0.47
50;1;32.89;0.45
50;1;32.86;0.48
50;1;32.83;0.45
50;1;32.80;0.44
50;1;32.77;0.44
50;1;32.74;0.46
50;1;32.68;0.47
50;1;32.65;0.49
50;1;32.62;0.47
50;1;32.59;0.44
50;1;32.56;0.5
50;1;32.53;0.42
50;1;32.50;0.44
50;1;32.47;0.41
50;1;32.44;0.44
50;1;32.41;0.43
50;1;32.38;0.41
50;1;32.35;0.44
50;1;32.32;0.43
50;1;32.29;0.44
50;1;32.26;0.48
50;1;32.23;0.44
50;1;32.20;0.47
50;1;32.17;0.47
50;1;32.14;0.46
50;1;32.11;0.46
50;1;32.08;0.49
50;1;32.05;0.42
50;1;32.02;0.46
50;1;31.99;0.45
50;1;31.96;0.47
50;1;31.93;0.41
50;1;31.90;0.46
50;1;31.87;0.46
50;1;31.84;0.43
50;1;31.81;0.48
50;1;31.78;0.47
50;1;31.75;0.43
50;1;31.72;0.49
50;1;31.69;0.47
50;1;31.66;0.45
50;1;31.60;0.45
50;1;31.57;0.47
50;1;31.54;0.49
50;1;31.51;0.42
50;1;31.48;0.49
50;1;31.45;0.46
50;1;31.42;0.45
50;1;31.39;0.48
50;1;31.36;0.4
50;1;31.33;0.46
50;1;31.30;0.4
50;1;31.27;0.47
50;1;31.24;0.44
50;1;31.21;0.48
50;1;31.18;0.46
50;1;31.15;0.43
50;1;31.12;0.45
50;1;31.06;0.26
50;1;31.03;0.32
50;1;31.00;0.26
50;1;30.97;0.28
50;1;30.94;0.28
50;1;30.91;0.32
50;1;30.88;0.27
50;1;30.85;0.29
50;1;30.82;0.29
50;1;30.79;0.27
50;1;30.76;0.27
50;1;30.73;0.28
50;1;30.70;0.26
50;1;30.67;0.26
50;1;30.64;0.31
50;1;30.61;0.26
50;1;30.58;0.32
50;1;30.55;0.31
50;1;30.52;0.27
50;1;30.49;0.34
50;1;30.46;0.3
50;1;30.43;0.3
50;1;30.40;0.31
50;1;30.37;0.26
50;1;30.34;0.31
50;1;30.31;0.29
50;1;30.28;0.3
50;1;30.25;0.3
50;1;30.22;0.26
50;1;30.19;0.34
50;1;30.16;0.3
50;1;30.13;0.27
50;1;30.10;0.3
50;1;30.04;0.48
50;1;30.01;0.49
50;1;29.98;0.4
50;1;29.95;0.42
50;1;29.92;0.45
50;1;29.89;0.46
50;1;29.86;0.4
50;1;29.83;0.43
50;1;29.77;0.33
50;1;29.74;0.34
50;1;29.71;0.26
50;1;29.68;0.34
50;1;29.65;0.27
50;1;29.62;0.27
50;1;29.59;0.35
50;1;29.56;0.27
50;1;29.53;0.26
50;1;29.50;0.25
50;1;29.47;0.28
50;1;29.44;0.3
50;1;29.41;0.34
50;1;29.38;0.29
50;1;29.35;0.29
50;1;29.32;0.32
50;1;29.29;0.32
50;1;29.26;0.32
50;1;29.23;0.3
50;1;29.20;0.34
50;1;29.17;0.29
50;1;29.14;0.33
50;1;29.11;0.26
50;1;29.08;0.32
50;1;29.05;0.3
50;1;29.02;0.34
50;1;28.99;0.31
50;1;28.96;0.29
50;1;28.93;0.32
50;1;28.90;0.31
50;1;28.84;0.33
50;1;28.81;0.27
50;1;28.78;0.35
50;1;28.75;0.31
50;1;28.72;0.33
50;1;28.69;0.28
50;1;28.66;0.34
50;1;28.63;0.31
50;1;28.60;0.34
50;1;28.57;0.26
50;1;28.54;0.33
50;1;28.51;0.3
50;1;28.48;0.28
50;1;28.42;0.3
50;1;28.39;0.35
50;1;28.36;0.3
50;1;28.33;0.35
50;1;28.30;0.31
50;1;28.27;0.33
50;1;28.24;0.32
50;1;28.21;0.34
50;1;28.18;0.34
50;1;28.15;0.33
50;1;28.12;0.34
50;1;28.09;0.31
50;1;28.06;0.34
50;1;28.03;0.32
50;1;28.00;0.35
50;1;27.97;0.34
50;1;27.91;0.33
50;1;27.88;0.3
50;1;27.85;0.31
50;1;27.82;0.31
50;1;27.79;0.34
50;1;27.76;0.31
50;1;27.73;0.3
50;1;27.70;0.34
50;1;27.67;0.34
50;1;27.64;0.33
50;1;27.61;0.32
50;1;27.58;0.31
50;1;27.55;0.32
50;1;27.52;0.32
50;1;27.49;0.32
50;1;27.43;0.47
50;1;27.40;0.46
50;1;27.37;0.41
50;1;27.34;0.49
50;1;27.31;0.46
50;1;27.28;0.47
50;1;27.25;0.46
50;1;27.22;0.42
50;1;27.19;0.49
50;1;27.16;0.44
50;1;27.13;0.4
50;1;27.10;0.49
50;1;27.07;0.48
50;1;27.04;0.42
50;1;27.01;0.43
50;1;26.98;0.1
50;1;26.95;0.1
50;1;26.92;0.14
50;1;26.89;0.11
50;1;26.86;0.11
50;1;26.83;0.12
50;1;26.80;0.13
50;1;26.77;0.12
50;1;26.74;0.14
50;1;26.71;0.11
50;1;26.68;0.15
50;1;26.65;0.15
50;1;26.62;0.11
50;1;26.59;0.15
50;1;26.56;0.13
50;1;26.53;0.11
50;1;26.50;0.14
50;1;26.47;0.12
50;1;26.44;0.12
50;1;26.41;0.13
50;1;26.38;0.15
50;1;26.35;0.14
50;1;26.32;0.15
50;1;26.29;0.13
50;1;26.26;0.14
50;1;26.23;0.11
50;1;26.20;0.12
50;1;26.17;0.13
50;1;26.14;0.1
50;1;26.11;0.1
50;1;26.08;0.12
50;1;26.05;0.14
50;1;26.02;0.14
50;1;25.99;0.11
50;1;25.96;0.13
50;1;25.93;0.11
50;1;25.90;0.11
50;1;25.87;0.11
50;1;25.84;0.1
50;1;25.81;0.11
50;1;25.78;0.11
50;1;25.75;0.1
50;1;25.72;0.15
50;1;25.69;0.14
50;1;25.66;0.1
50;1;25.63;0.1
50;1;25.60;0.15
50;1;25.57;0.13
50;1;25.54;0.12
50;1;25.51;0.11
50;1;25.48;0.12
50;1;25.45;0.11
50;1;25.42;0.13
50;1;25.39;0.12
50;1;25.36;0.13
50;1;25.33;0.11
50;1;25.30;0.15
50;1;25.27;0.13
50;1;25.24;0.11
50;1;25.21;0.14
50;1;25.18;0.13
50;1;25.15;0.11
50;1;25.12;0.13
50;1;25.09;0.15
50;1;25.06;0.11
50;1;25.03;0.11
50;1;25.00;0.1
62.9;1;36.66;0.56
62.9;1;36.56;0.3
62.9;1;36.46;0.35
62.9;1;36.36;0.59
62.9;1;36.26;0.47
62.9;1;36.16;0.48
62.9;1;36.06;0.37
62.9;1;35.96;0.56
62.9;1;35.41;0.44
62.9;1;35.38;0.46
62.9;1;35.35;0.48
62.9;1;35.32;0.44
62.9;1;35.29;0.5
62.9;1;35.26;0.49
62.9;1;35.23;0.42
62.9;1;35.17;0.49
62.9;1;35.14;0.44
62.9;1;35.11;0.45
62.9;1;35.08;0.42
62.9;1;35.05;0.43
62.9;1;35.02;0.44
62.9;1;34.99;0.42
62.9;1;34.96;0.43
62.9;1;34.93;0.41
62.9;1;34.90;0.49
62.9;1;34.87;0.49
62.9;1;34.84;0.4
62.9;1;34.81;0.45
62.9;1;34.78;0.43
62.9;1;34.72;0.49
62.9;1;34.69;0.49
62.9;1;34.66;0.45
62.9;1;34.63;0.48
62.9;1;34.60;0.46
62.9;1;34.57;0.45
62.9;1;34.54;0.43
62.9;1;34.51;0.47
62.9;1;34.48;0.5
62.9;1;34.45;0.43
62.9;1;34.39;0.25
62.9;1;34.36;0.34
62.9;1;34.33;0.33
62.9;1;34.30;0.27
62.9;1;34.27;0.29
62.9;1;34.24;0.29
62.9;1;34.21;0.28
62.9;1;34.18;0.27
62.9;1;34.15;0.32
62.9;1;34.12;0.27
62.9;1;34.09;0.33
62.9;1;34.06;0.31
62.9;1;34.03;0.26
62.9;1;34.00;0.28
62.9;1;33.97;0.31
62.9;1;33.94;0.35
62.9;1;33.91;0.31
62.9;1;33.88;0.35
62.9;1;33.85;0.28
62.9;1;33.79;0.42
62.9;1;33.76;0.5
62.9;1;33.73;0.49
62.9;1;33.70;0.45
62.9;1;33.67;0.45
62.9;1;33.64;0.43
62.9;1;33.61;0.49
62.9;1;33.58;0.49
62.9;1;33.55;0.5
62.9;1;33.52;0.5
62.9;1;33.49;0.47
62.9;1;33.46;0.42
62.9;1;33.43;0.43
62.9;1;33.40;0.44
62.9;1;33.37;0.43
62.9;1;33.34;0.4
62.9;1;33.31;0.46
62.9;1;33.28;0.42
62.9;1;33.25;0.46
62.9;1;33.22;0.48
62.9;1;33.19;0.44
62.9;1;33.16;0.46
62.9;1;33.13;0.46
62.9;1;33.10;0.48
62.9;1;33.07;0.46
62.9;1;33.04;0.45
62.9;1;33.01;0.47
62.9;1;32.98;0.41
62.9;1;32.95;0.47
62.9;1;32.92;0.44
62.9;1;32.89;0.45
62.9;1;32.86;0.45
62.9;1;32.83;0.47
62.9;1;32.80;0.42
62.9;1;32.77;0.42
62.9;1;32.74;0.49
62.9;1;32.71;0.44
62.9;1;32.68;0.42
62.9;1;32.65;0.4
62.9;1;32.62;0.43
62.9;1;32.59;0.48
62.9;1;32.56;0.46
62.9;1;32.50;0.27
62.9;1;32.47;0.35
62.9;1;32.44;0.31
62.9;1;32.41;0.31
62.9;1;32.38;0.25
62.9;1;32.35;0.33
62.9;1;32.32;0.32
62.9;1;32.29;0.28
62.9;1;32.26;0.33
62.9;1;32.23;0.35
62.9;1;32.20;0.32
62.9;1;32.17;0.32
62.9;1;32.14;0.31
62.9;1;32.11;0.29
62.9;1;32.08;0.33
62.9;1;32.05;0.33
62.9;1;32.02;0.3
62.9;1;31.99;0.31
62.9;1;31.93;0.41
62.9;1;31.90;0.42
62.9;1;31.87;0.44
62.9;1;31.84;0.45
62.9;1;31.81;0.43
62.9;1;31.75;0.25
62.9;1;31.72;0.35
62.9;1;31.69;0.26
62.9;1;31.66;0.34
62.9;1;31.63;0.32
62.9;1;31.60;0.33
62.9;1;31.57;0.31
62.9;1;31.54;0.32
62.9;1;31.51;0.27
62.9;1;31.48;0.29
62.9;1;31.45;0.3
62.9;1;31.42;0.27
62.9;1;31.39;0.29
62.9;1;31.36;0.29
62.9;1;31.33;0.29
62.9;1;31.30;0.27
62.9;1;31.27;0.33
62.9;1;31.24;0.32
62.9;1;31.21;0.35
62.9;1;31.18;0.27
62.9;1;31.15;0.26
62.9;1;31.12;0.25
62.9;1;31.09;0.27
62.9;1;31.06;0.34
62.9;1;31.03;0.3
62.9;1;31.00;0.34
62.9;1;30.97;0.27
62.9;1;30.94;0.31
62.9;1;30.91;0.3
62.9;1;30.88;0.32
62.9;1;30.85;0.33
62.9;1;30.82;0.3
62.9;1;30.79;0.34
62.9;1;30.76;0.31
62.9;1;30.73;0.32
62.9;1;30.70;0.29
62.9;1;30.67;0.32
62.9;1;30.64;0.32
62.9;1;30.61;0.29
62.9;1;30.58;0.32
62.9;1;30.55;0.25
62.9;1;30.52;0.32
62.9;1;30.49;0.34
62.9;1;30.46;0.35
62.9;1;30.43;0.32
62.9;1;30.40;0.34
62.9;1;30.37;0.28
62.9;1;30.34;0.34
62.9;1;30.31;0.3
62.9;1;30.28;0.3
62.9;1;30.25;0.34
62.9;1;30.22;0.35
62.9;1;30.19;0.32
62.9;1;30.16;0.32
62.9;1;30.01;0.29
62.9;1;29.98;0.32
62.9;1;29.95;0.3
62.9;1;29.92;0.27
62.9;1;29.89;0.33
62.9;1;29.86;0.3
62.9;1;29.83;0.33
62.9;1;29.80;0.32
62.9;1;29.77;0.29
62.9;1;29.74;0.29
62.9;1;29.71;0.25
62.9;1;29.65;0.49
62.9;1;29.62;0.47
62.9;1;29.59;0.47
62.9;1;29.56;0.4
62.9;1;29.53;0.49
62.9;1;29.47;0.45
62.9;1;29.44;0.47
62.9;1;29.41;0.48
62.9;1;29.38;0.46
62.9;1;29.32;0.32
62.9;1;29.29;0.27
62.9;1;29.26;0.33
62.9;1;29.23;0.31
62.9;1;29.20;0.31
62.9;1;29.17;0.26
62.9;1;29.14;0.26
62.9;1;29.11;0.32
62.9;1;29.08;0.32
62.9;1;29.05;0.3
62.9;1;29.02;0.34
62.9;1;28.99;0.32
62.9;1;28.96;0.28
62.9;1;28.93;0.29
62.9;1;28.87;0.46
62.9;1;28.84;0.44
62.9;1;28.81;0.41
62.9;1;28.78;0.49
62.9;1;28.75;0.46
62.9;1;28.72;0.44
62.9;1;28.69;0.44
62.9;1;28.66;0.48
62.9;1;28.63;0.42
62.9;1;28.60;0.44
62.9;1;28.57;0.42
62.9;1;28.54;0.43
62.9;1;28.51;0.46
62.9;1;28.48;0.44
62.9;1;28.45;0.5
62.9;1;28.42;0.48
62.9;1;28.39;0.42
62.9;1;28.36;0.41
62.9;1;28.33;0.47
62.9;1;28.30;0.47
62.9;1;28.27;0.46
62.9;1;28.24;0.41
62.9;1;28.21;0.48
62.9;1;28.18;0.5
62.9;1;28.15;0.47
62.9;1;28.12;0.49
62.9;1;28.09;0.5
62.9;1;28.06;0.49
62.9;1;28.03;0.42
62.9;1;28.00;0.43
62.9;1;27.97;0.42
62.9;1;27.94;0.42
62.9;1;27.91;0.4
62.9;1;27.88;0.49
62.9;1;27.85;0.43
62.9;1;27.82;0.49
62.9;1;27.79;0.46
62.9;1;27.76;0.46
62.9;1;27.70;0.33
62.9;1;27.67;0.34
62.9;1;27.64;0.32
62.9;1;27.61;0.33
62.9;1;27.58;0.28
62.9;1;27.55;0.29
62.9;1;27.49;0.43
62.9;1;27.46;0.48
62.9;1;27.43;0.48
62.9;1;27.40;0.48
62.9;1;27.37;0.41
62.9;1;27.34;0.43
62.9;1;27.31;0.47
62.9;1;27.28;0.46
62.9;1;27.25;0.44
62.9;1;27.22;0.46
62.9;1;27.19;0.44
62.9;1;27.16;0.46
62.9;1;27.13;0.44
62.9;1;27.07;0.27
62.9;1;27.04;0.25
62.9;1;27.01;0.27
62.9;1;26.98;0.3
62.9;1;26.95;0.25
62.9;1;26.92;0.28
62.9;1;26.89;0.26
62.9;1;26.86;0.34
62.9;1;26.83;0.29
62.9;1;26.80;0.31
62.9;1;26.74;0.43
62.9;1;26.71;0.45
62.9;1;26.68;0.47
62.9;1;26.65;0.45
62.9;1;26.62;0.49
62.9;1;26.56;0.33
62.9;1;26.53;0.29
62.9;1;26.47;0.28
62.9;1;26.44;0.33
62.9;1;26.41;0.34
62.9;1;26.38;0.26
62.9;1;26.35;0.29
62.9;1;26.32;0.31
62.9;1;26.29;0.27
62.9;1;26.26;0.26
62.9;1;26.23;0.29
62.9;1;26.17;0.25
62.9;1;26.14;0.34
62.9;1;26.11;0.29
62.9;1;26.08;0.32
62.9;1;26.05;0.26
62.9;1;26.02;0.28
62.9;1;25.99;0.25
62.9;1;25.96;0.29
62.9;1;25.90;0.31
62.9;1;25.87;0.34
62.9;1;25.84;0.34
62.9;1;25.81;0.33
62.9;1;25.78;0.31
62.9;1;25.75;0.33
62.9;1;25.72;0.32
62.9;1;25.69;0.31
62.9;1;25.66;0.31
62.9;1;25.63;0.31
62.9;1;25.60;0.33
62.9;1;25.57;0.32
62.9;1;25.54;0.32
62.9;1;25.51;0.34
62.9;1;25.48;0.3
62.9;1;25.42;0.3
62.9;1;25.39;0.31
62.9;1;25.36;0.3
62.9;1;25.33;0.33
62.9;1;25.30;0.3
62.9;1;25.27;0.32
62.9;1;25.24;0.35
62.9;1;25.21;0.33
62.9;1;25.18;0.31
62.9;1;25.15;0.31
62.9;1;25.12;0.35
62.9;1;25.09;0.3
62.9;1;25.06;0.33
62.9;1;25.03;0.33
62.9;1;25.00;0.32
62.9;1;24.97;0.33
62.9;1;24.94;0.3
62.9;1;24.91;0.32
62.9;1;24.88;0.33
62.9;1;24.85;0.32
62.9;1;24.82;0.32
62.9;1;24.79;0.32
62.9;1;24.76;0.31
62.9;1;24.73;0.32
62.9;1;24.70;0.31
62.9;1;24.67;0.32
62.9;1;24.64;0.34
62.9;1;24.61;0.33
62.9;1;24.58;0.3
62.9;1;24.55;0.35
62.9;1;24.52;0.32
62.9;1;24.49;0.34
62.9;1;24.46;0.34
62.9;1;24.43;0.34
62.9;1;24.40;0.34
62.9;1;24.37;0.32
62.9;1;24.34;0.32
62.9;1;24.31;0.3
62.9;1;24.28;0.32
62.9;1;24.25;0.32
62.9;1;24.19;0.48
62.9;1;24.16;0.46
62.9;1;24.13;0.5
62.9;1;24.10;0.41
62.9;1;24.07;0.43
62.9;1;24.04;0.41
62.9;1;24.01;0.46
62.9;1;23.98;0.43
62.9;1;23.95;0.42
62.9;1;23.92;0.45
62.9;1;23.89;0.44
62.9;1;23.86;0.49
62.9;1;23.83;0.48
62.9;1;23.80;0.49
62.9;1;23.77;0.42
62.9;1;23.74;0.46
62.9;1;23.71;0.48
62.9;1;23.68;0.11
62.9;1;23.65;0.11
62.9;1;23.62;0.13
62.9;1;23.59;0.11
62.9;1;23.56;0.12
62.9;1;23.53;0.13
62.9;1;23.50;0.14
62.9;1;23.47;0.13
62.9;1;23.44;0.12
62.9;1;23.41;0.13
62.9;1;23.38;0.13
62.9;1;23.35;0.11
62.9;1;23.32;0.13
62.9;1;23.29;0.11
62.9;1;23.26;0.11
62.9;1;23.23;0.12
62.9;1;23.20;0.11
62.9;1;23.17;0.11
62.9;1;23.14;0.14
62.9;1;23.11;0.12
62.9;1;23.08;0.13
62.9;1;23.05;0.11
62.9;1;23.02;0.14
62.9;1;22.99;0.15
62.9;1;22.96;0.12
62.9;1;22.93;0.14
62.9;1;22.90;0.1
62.9;1;22.87;0.12
62.9;1;22.84;0.1
62.9;1;22.81;0.15
62.9;1;22.78;0.15
62.9;1;22.75;0.12
62.9;1;22.72;0.14
62.9;1;22.69;0.15
62.9;1;22.66;0.14
62.9;1;22.63;0.13
62.9;1;22.60;0.14
62.9;1;22.57;0.13
62.9;1;22.54;0.11
62.9;1;22.51;0.15
62.9;1;22.48;0.11
62.9;1;22.45;0.15
62.9;1;22.42;0.15
62.9;1;22.39;0.14
62.9;1;22.36;0.12
62.9;1;22.33;0.12
62.9;1;22.30;0.11
62.9;1;22.27;0.11
62.9;1;22.24;0.14
62.9;1;22.21;0.1
62.9;1;22.18;0.13
62.9;1;22.15;0.14
62.9;1;22.12;0.14
62.9;1;22.09;0.14
62.9;1;22.06;0.1
62.9;1;22.03;0.12
62.9;1;22.00;0.15
62.9;1;21.97;0.1
62.9;1;21.94;0.14
62.9;1;21.91;0.13
62.9;1;21.88;0.14
62.9;1;21.85;0.14
62.9;1;21.82;0.12
62.9;1;21.79;0.13
62.9;1;21.76;0.14
72.9;1;29.99;0.47
72.9;1;29.84;0.54
72.9;1;29.69;0.51
72.9;1;29.54;0.7
72.9;1;29.39;0.55
72.9;1;29.24;0.73
72.9;1;29.09;0.34
72.9;1;28.94;0.65
72.9;1;28.79;0.43
72.9;1;28.64;0.7
72.9;1;27.96;0.32
72.9;1;27.93;0.32
72.9;1;27.90;0.25
72.9;1;27.87;0.34
72.9;1;27.84;0.33
72.9;1;27.81;0.31
72.9;1;27.78;0.34
72.9;1;27.75;0.27
72.9;1;27.72;0.25
72.9;1;27.69;0.29
72.9;1;27.66;0.35
72.9;1;27.63;0.25
72.9;1;27.60;0.31
72.9;1;27.57;0.27
72.9;1;27.54;0.34
72.9;1;27.51;0.31
72.9;1;27.48;0.31
72.9;1;27.45;0.31
72.9;1;27.42;0.28
72.9;1;27.39;0.3
72.9;1;27.36;0.29
72.9;1;27.33;0.26
72.9;1;27.30;0.34
72.9;1;27.27;0.34
72.9;1;27.24;0.31
72.9;1;27.21;0.34
72.9;1;27.15;0.48
72.9;1;27.12;0.43
72.9;1;27.09;0.48
72.9;1;27.06;0.42
72.9;1;27.03;0.49
72.9;1;27.00;0.47
72.9;1;26.97;0.45
72.9;1;26.94;0.41
72.9;1;26.91;0.49
72.9;1;26.85;0.49
72.9;1;26.82;0.43
72.9;1;26.79;0.47
72.9;1;26.76;0.42
72.9;1;26.73;0.46
72.9;1;26.70;0.5
72.9;1;26.67;0.43
72.9;1;26.64;0.48
72.9;1;26.61;0.41
72.9;1;26.58;0.41
72.9;1;26.55;0.48
72.9;1;26.52;0.44
72.9;1;26.49;0.46
72.9;1;26.46;0.43
72.9;1;26.43;0.43
72.9;1;26.40;0.48
72.9;1;26.37;0.43
72.9;1;26.34;0.41
72.9;1;26.25;0.26
72.9;1;26.22;0.34
72.9;1;26.19;0.31
72.9;1;26.16;0.29
72.9;1;26.13;0.27
72.9;1;26.10;0.32
72.9;1;26.07;0.32
72.9;1;26.04;0.28
72.9;1;26.01;0.3
72.9;1;25.98;0.26
72.9;1;25.95;0.3
72.9;1;25.92;0.28
72.9;1;25.89;0.29
72.9;1;25.86;0.35
72.9;1;25.83;0.28
72.9;1;25.80;0.26
72.9;1;25.77;0.27
72.9;1;25.74;0.29
72.9;1;25.71;0.33
72.9;1;25.68;0.3
72.9;1;25.65;0.31
72.9;1;25.62;0.26
72.9;1;25.59;0.32
72.9;1;25.56;0.29
72.9;1;25.53;0.35
72.9;1;25.50;0.31
72.9;1;25.47;0.26
72.9;1;25.44;0.32
72.9;1;25.41;0.29
72.9;1;25.38;0.27
72.9;1;25.35;0.29
72.9;1;25.32;0.31
72.9;1;25.29;0.29
72.9;1;25.26;0.32
72.9;1;25.23;0.33
72.9;1;25.20;0.34
72.9;1;25.17;0.34
72.9;1;25.14;0.35
72.9;1;25.11;0.32
72.9;1;25.08;0.27
72.9;1;25.05;0.28
72.9;1;25.02;0.33
72.9;1;24.99;0.3
72.9;1;24.96;0.26
72.9;1;24.93;0.26
72.9;1;24.90;0.27
72.9;1;24.87;0.27
72.9;1;24.84;0.32
72.9;1;24.81;0.32
72.9;1;24.78;0.27
72.9;1;24.75;0.25
72.9;1;24.72;0.3
72.9;1;24.69;0.33
72.9;1;24.66;0.33
72.9;1;24.63;0.34
72.9;1;24.60;0.29
72.9;1;24.57;0.34
72.9;1;24.54;0.34
72.9;1;24.51;0.35
72.9;1;24.48;0.34
72.9;1;24.45;0.27
72.9;1;24.42;0.32
72.9;1;24.39;0.32
72.9;1;24.36;0.26
72.9;1;24.33;0.35
72.9;1;24.30;0.27
72.9;1;24.27;0.3
72.9;1;24.24;0.3
72.9;1;24.21;0.32
72.9;1;24.18;0.34
72.9;1;24.15;0.28
72.9;1;24.12;0.28
72.9;1;24.09;0.26
72.9;1;24.06;0.26
72.9;1;24.03;0.32
72.9;1;24.00;0.34
72.9;1;23.97;0.26
72.9;1;23.94;0.27
72.9;1;23.91;0.3
72.9;1;23.88;0.26
72.9;1;23.85;0.32
72.9;1;23.82;0.32
72.9;1;23.76;0.49
72.9;1;23.73;0.47
72.9;1;23.70;0.49
72.9;1;23.67;0.4
72.9;1;23.64;0.41
72.9;1;23.61;0.46
72.9;1;23.58;0.45
72.9;1;23.55;0.47
72.9;1;23.52;0.49
72.9;1;23.49;0.43
72.9;1;23.46;0.47
72.9;1;23.43;0.43
72.9;1;23.40;0.41
72.9;1;23.37;0.47
72.9;1;23.34;0.45
72.9;1;23.31;0.44
72.9;1;23.28;0.42
72.9;1;23.25;0.5
72.9;1;23.22;0.41
72.9;1;23.19;0.47
72.9;1;23.13;0.31
72.9;1;23.10;0.33
72.9;1;23.07;0.28
72.9;1;23.04;0.31
72.9;1;23.01;0.34
72.9;1;22.98;0.26
72.9;1;22.95;0.34
72.9;1;22.92;0.32
72.9;1;22.89;0.29
72.9;1;22.86;0.29
72.9;1;22.83;0.25
72.9;1;22.80;0.26
72.9;1;22.77;0.25
72.9;1;22.74;0.3
72.9;1;22.71;0.28
72.9;1;22.68;0.31
72.9;1;22.65;0.26
72.9;1;22.62;0.28
72.9;1;22.59;0.34
72.9;1;22.56;0.28
72.9;1;22.53;0.27
72.9;1;22.50;0.33
72.9;1;22.47;0.31
72.9;1;22.44;0.34
72.9;1;22.41;0.25
72.9;1;22.38;0.29
72.9;1;22.35;0.31
72.9;1;22.32;0.34
72.9;1;22.29;0.32
72.9;1;22.26;0.34
72.9;1;22.23;0.26
72.9;1;22.20;0.28
72.9;1;22.17;0.29
72.9;1;22.14;0.32
72.9;1;22.11;0.32
72.9;1;22.08;0.3
72.9;1;22.05;0.31
72.9;1;22.02;0.27
72.9;1;21.99;0.34
72.9;1;21.96;0.35
72.9;1;21.93;0.32
72.9;1;21.90;0.34
72.9;1;21.87;0.28
72.9;1;21.84;0.28
72.9;1;21.81;0.28
72.9;1;21.78;0.27
72.9;1;21.75;0.3
72.9;1;21.72;0.29
72.9;1;21.66;0.44
72.9;1;21.63;0.48
72.9;1;21.60;0.48
72.9;1;21.57;0.44
72.9;1;21.54;0.47
72.9;1;21.51;0.4
72.9;1;21.48;0.48
72.9;1;21.45;0.5
72.9;1;21.42;0.49
72.9;1;21.39;0.45
72.9;1;21.36;0.49
72.9;1;21.33;0.45
72.9;1;21.30;0.45
72.9;1;21.27;0.45
72.9;1;21.24;0.42
72.9;1;21.21;0.4
72.9;1;21.18;0.46
72.9;1;21.15;0.49
72.9;1;21.12;0.4
72.9;1;21.09;0.5
72.9;1;21.06;0.45
72.9;1;21.03;0.48
72.9;1;21.00;0.45
72.9;1;20.97;0.45
72.9;1;20.94;0.48
72.9;1;20.91;0.45
72.9;1;20.88;0.5
72.9;1;20.82;0.46
72.9;1;20.79;0.43
72.9;1;20.76;0.49
72.9;1;20.73;0.5
72.9;1;20.70;0.47
72.9;1;20.67;0.41
72.9;1;20.64;0.48
72.9;1;20.61;0.47
72.9;1;20.58;0.48
72.9;1;20.55;0.48
72.9;1;20.52;0.48
72.9;1;20.49;0.41
72.9;1;20.46;0.46
72.9;1;20.43;0.48
72.9;1;20.40;0.45
72.9;1;20.37;0.43
72.9;1;20.34;0.43
72.9;1;20.31;0.41
72.9;1;20.28;0.44
72.9;1;20.25;0.41
72.9;1;20.22;0.43
72.9;1;20.19;0.43
72.9;1;20.16;0.49
72.9;1;20.10;0.33
72.9;1;20.07;0.34
72.9;1;20.01;0.27
72.9;1;19.98;0.32
72.9;1;19.95;0.28
72.9;1;19.92;0.27
72.9;1;19.89;0.27
72.9;1;19.86;0.3
72.9;1;19.83;0.34
72.9;1;19.77;0.3
72.9;1;19.74;0.33
72.9;1;19.71;0.31
72.9;1;19.68;0.31
72.9;1;19.65;0.25
72.9;1;19.62;0.27
72.9;1;19.59;0.33
72.9;1;19.56;0.26
72.9;1;19.53;0.28
72.9;1;19.50;0.33
72.9;1;19.47;0.27
72.9;1;19.44;0.26
72.9;1;19.38;0.31
72.9;1;19.35;0.32
72.9;1;19.32;0.34
72.9;1;19.29;0.32
72.9;1;19.26;0.32
72.9;1;19.23;0.31
72.9;1;19.20;0.34
72.9;1;19.17;0.35
72.9;1;19.14;0.34
72.9;1;19.11;0.34
72.9;1;19.08;0.34
72.9;1;19.05;0.3
72.9;1;19.02;0.32
72.9;1;18.99;0.34
72.9;1;18.96;0.33
72.9;1;18.93;0.34
72.9;1;18.90;0.34
72.9;1;18.87;0.34
72.9;1;18.84;0.34
72.9;1;18.81;0.35
72.9;1;18.78;0.35
72.9;1;18.75;0.33
72.9;1;18.72;0.31
72.9;1;18.69;0.3
72.9;1;18.66;0.33
72.9;1;18.63;0.33
72.9;1;18.60;0.33
72.9;1;18.57;0.33
72.9;1;18.54;0.31
72.9;1;18.51;0.33
72.9;1;18.48;0.34
72.9;1;18.45;0.3
72.9;1;18.42;0.35
72.9;1;18.39;0.32
72.9;1;18.36;0.34
72.9;1;18.33;0.3
72.9;1;18.30;0.35
72.9;1;18.27;0.31
72.9;1;18.24;0.33
72.9;1;18.21;0.31
72.9;1;18.18;0.34
72.9;1;18.15;0.32
72.9;1;18.12;0.33
72.9;1;18.09;0.34
72.9;1;18.06;0.31
72.9;1;18.03;0.33
72.9;1;18.00;0.33
72.9;1;17.97;0.31
72.9;1;17.94;0.34
72.9;1;17.91;0.33
72.9;1;17.88;0.33
72.9;1;17.85;0.34
72.9;1;17.82;0.32
72.9;1;17.79;0.3
72.9;1;17.76;0.33
72.9;1;17.73;0.33
72.9;1;17.70;0.34
72.9;1;17.67;0.3
72.9;1;17.64;0.32
72.9;1;17.61;0.31
72.9;1;17.55;0.47
72.9;1;17.52;0.46
72.9;1;17.49;0.43
72.9;1;17.46;0.44
72.9;1;17.43;0.4
72.9;1;17.40;0.49
72.9;1;17.37;0.45
72.9;1;17.34;0.49
72.9;1;17.31;0.46
72.9;1;17.28;0.45
72.9;1;17.25;0.49
72.9;1;17.22;0.48
72.9;1;17.19;0.44
72.9;1;17.16;0.4
72.9;1;17.13;0.42
72.9;1;17.10;0.48
72.9;1;17.07;0.44
72.9;1;17.04;0.46
72.9;1;17.01;0.42
72.9;1;16.98;0.41
72.9;1;16.95;0.14
72.9;1;16.92;0.14
72.9;1;16.89;0.12
72.9;1;16.86;0.12
72.9;1;16.83;0.12
72.9;1;16.80;0.14
72.9;1;16.77;0.13
72.9;1;16.74;0.1
72.9;1;16.71;0.12
72.9;1;16.68;0.1
72.9;1;16.65;0.12
72.9;1;16.62;0.11
72.9;1;16.59;0.12
72.9;1;16.56;0.11
72.9;1;16.53;0.14
72.9;1;16.50;0.13
72.9;1;16.47;0.15
72.9;1;16.44;0.12
72.9;1;16.41;0.13
72.9;1;16.38;0.11
72.9;1;16.35;0.15
72.9;1;16.32;0.1
72.9;1;16.29;0.11
72.9;1;16.26;0.13
72.9;1;16.23;0.11
72.9;1;16.20;0.12
72.9;1;16.17;0.12
72.9;1;16.14;0.11
72.9;1;16.11;0.14
72.9;1;16.08;0.14
72.9;1;16.05;0.14
72.9;1;16.02;0.12
72.9;1;15.99;0.12
72.9;1;15.96;0.13
72.9;1;15.93;0.11
72.9;1;15.90;0.13
72.9;1;15.87;0.12
72.9;1;15.84;0.14
72.9;1;15.81;0.12
72.9;1;15.78;0.13
72.9;1;15.75;0.11
72.9;1;15.72;0.11
72.9;1;15.69;0.12
72.9;1;15.66;0.13
72.9;1;15.63;0.14
72.9;1;15.60;0.14
72.9;1;15.57;0.14
72.9;1;15.54;0.12
72.9;1;15.51;0.14
72.9;1;15.48;0.11
72.9;1;15.45;0.12
72.9;1;15.42;0.1
72.9;1;15.39;0.12
72.9;1;15.36;0.13
72.9;1;15.33;0.15
72.9;1;15.30;0.13
72.9;1;15.27;0.12
72.9;1;15.24;0.13
72.9;1;15.21;0.12
72.9;1;15.18;0.13
72.9;1;15.15;0.15
72.9;1;15.12;0.13
72.9;1;15.09;0.1
84;1;19.18;0.44
84;1;19.03;0.73
84;1;18.88;0.32
84;1;18.73;0.75
84;1;18.58;0.66
84;1;18.43;0.34
84;1;18.28;0.51
84;1;18.13;0.49
84;1;17.98;0.75
84;1;17.83;0.75
84;1;17.68;0.62
84;1;17.53;0.76
84;1;16.70;0.46
84;1;16.67;0.43
84;1;16.64;0.46
84;1;16.61;0.49
84;1;16.58;0.41
84;1;16.55;0.44
84;1;16.52;0.44
84;1;16.49;0.5
84;1;16.46;0.44
84;1;16.43;0.48
84;1;16.40;0.41
84;1;16.37;0.41
84;1;16.34;0.46
84;1;16.31;0.49
84;1;16.28;0.46
84;1;16.25;0.43
84;1;16.19;0.33
84;1;16.16;0.31
84;1;16.13;0.27
84;1;16.10;0.28
84;1;16.07;0.3
84;1;16.04;0.28
84;1;16.01;0.35
84;1;15.98;0.29
84;1;15.95;0.29
84;1;15.92;0.27
84;1;15.89;0.31
84;1;15.86;0.32
84;1;15.83;0.32
84;1;15.80;0.32
84;1;15.77;0.35
84;1;15.74;0.28
84;1;15.71;0.28
84;1;15.68;0.27
84;1;15.65;0.29
84;1;15.62;0.27
84;1;15.59;0.33
84;1;15.56;0.31
84;1;15.38;0.46
84;1;15.35;0.42
84;1;15.32;0.49
84;1;15.29;0.46
84;1;15.26;0.4
84;1;15.23;0.44
84;1;15.20;0.44
84;1;15.17;0.41
84;1;15.14;0.43
84;1;15.08;0.41
84;1;15.05;0.48
84;1;15.02;0.44
84;1;14.99;0.44
84;1;14.96;0.45
84;1;14.93;0.43
84;1;14.90;0.4
84;1;14.87;0.5
84;1;14.84;0.47
84;1;14.81;0.43
84;1;14.78;0.48
84;1;14.75;0.48
84;1;14.69;0.27
84;1;14.66;0.33
84;1;14.63;0.34
84;1;14.60;0.28
84;1;14.57;0.27
84;1;14.54;0.29
84;1;14.51;0.34
84;1;14.48;0.28
84;1;14.45;0.33
84;1;14.42;0.26
84;1;14.39;0.25
84;1;14.36;0.26
84;1;14.33;0.25
84;1;14.30;0.34
84;1;14.27;0.27
84;1;14.24;0.29
84;1;14.21;0.33
84;1;14.18;0.26
84;1;14.15;0.3
84;1;14.12;0.26
84;1;14.09;0.35
84;1;14.06;0.31
84;1;14.03;0.26
84;1;14.00;0.28
84;1;13.97;0.28
84;1;13.94;0.25
84;1;13.91;0.31
84;1;13.88;0.3
84;1;13.85;0.33
84;1;13.82;0.28
84;1;13.79;0.26
84;1;13.76;0.31
84;1;13.73;0.29
84;1;13.70;0.31
84;1;13.67;0.26
84;1;13.61;0.4
84;1;13.58;0.44
84;1;13.55;0.43
84;1;13.52;0.46
84;1;13.49;0.45
84;1;13.46;0.47
84;1;13.43;0.48
84;1;13.40;0.45
84;1;13.37;0.45
84;1;13.34;0.42
84;1;13.28;0.28
84;1;13.25;0.31
84;1;13.22;0.3
84;1;13.19;0.32
84;1;13.16;0.26
84;1;13.13;0.3
84;1;13.10;0.25
84;1;13.07;0.27
84;1;13.04;0.34
84;1;13.01;0.31
84;1;12.98;0.33
84;1;12.95;0.26
84;1;12.92;0.28
84;1;12.89;0.26
84;1;12.86;0.26
84;1;12.83;0.31
84;1;12.80;0.31
84;1;12.77;0.32
84;1;12.74;0.26
84;1;12.71;0.31
84;1;12.68;0.26
84;1;12.62;0.26
84;1;12.59;0.25
84;1;12.56;0.28
84;1;12.53;0.25
84;1;12.50;0.27
84;1;12.47;0.29
84;1;12.41;0.43
84;1;12.38;0.46
84;1;12.35;0.5
84;1;12.32;0.43
84;1;12.29;0.47
84;1;12.26;0.49
84;1;12.23;0.5
84;1;12.20;0.42
84;1;12.17;0.45
84;1;12.14;0.47
84;1;12.11;0.47
84;1;12.08;0.44
84;1;12.05;0.41
84;1;12.02;0.47
84;1;11.99;0.48
84;1;11.93;0.32
84;1;11.90;0.31
84;1;11.87;0.32
84;1;11.84;0.33
84;1;11.81;0.27
84;1;11.78;0.31
84;1;11.75;0.26
84;1;11.72;0.25
84;1;11.69;0.29
84;1;11.66;0.27
84;1;11.63;0.31
84;1;11.60;0.32
84;1;11.39;0.31
84;1;11.36;0.3
84;1;11.33;0.27
84;1;11.30;0.27
84;1;11.27;0.28
84;1;11.24;0.29
84;1;11.21;0.34
84;1;11.18;0.27
84;1;11.15;0.28
84;1;11.12;0.3
84;1;11.09;0.28
84;1;11.06;0.27
84;1;11.03;0.32
84;1;11.00;0.28
84;1;10.97;0.32
84;1;10.94;0.34
84;1;10.91;0.29
84;1;10.88;0.3
84;1;10.85;0.29
84;1;10.82;0.3
84;1;10.79;0.28
84;1;10.76;0.3
84;1;10.73;0.34
84;1;10.70;0.31
84;1;10.67;0.29
84;1;10.61;0.47
84;1;10.58;0.48
84;1;10.55;0.42
84;1;10.52;0.44
84;1;10.49;0.48
84;1;10.46;0.4
84;1;10.43;0.48
84;1;10.40;0.4
84;1;10.37;0.41
84;1;10.34;0.42
84;1;10.31;0.47
84;1;10.28;0.46
84;1;10.25;0.46
84;1;10.22;0.4
84;1;10.19;0.49
84;1;10.16;0.5
84;1;10.13;0.42
84;1;10.10;0.45
84;1;10.07;0.49
84;1;10.04;0.43
84;1;9.98;0.45
84;1;9.95;0.46
84;1;9.92;0.47
84;1;9.89;0.49
84;1;9.86;0.44
84;1;9.83;0.48
84;1;9.80;0.48
84;1;9.77;0.41
84;1;9.74;0.49
84;1;9.71;0.44
84;1;9.68;0.46
84;1;9.65;0.41
84;1;9.62;0.45
84;1;9.59;0.4
84;1;9.56;0.46
84;1;9.53;0.47
84;1;9.50;0.49
84;1;9.47;0.41
84;1;9.41;0.28
84;1;9.38;0.35
84;1;9.35;0.27
84;1;9.29;0.3
84;1;9.26;0.25
84;1;9.23;0.31
84;1;9.20;0.34
84;1;9.17;0.26
84;1;9.14;0.29
84;1;9.11;0.31
84;1;9.08;0.34
84;1;9.05;0.26
84;1;9.02;0.25
84;1;8.96;0.27
84;1;8.93;0.27
84;1;8.90;0.26
84;1;8.87;0.29
84;1;8.84;0.33
84;1;8.81;0.26
84;1;8.78;0.33
84;1;8.75;0.27
84;1;8.72;0.29
84;1;8.66;0.32
84;1;8.63;0.31
84;1;8.60;0.32
84;1;8.57;0.31
84;1;8.54;0.31
84;1;8.51;0.32
84;1;8.48;0.33
84;1;8.45;0.31
84;1;8.42;0.31
84;1;8.39;0.35
84;1;8.36;0.33
84;1;8.33;0.31
84;1;8.30;0.34
84;1;8.27;0.35
84;1;8.24;0.31
84;1;8.21;0.35
84;1;8.18;0.3
84;1;8.15;0.31
84;1;8.09;0.3
84;1;8.06;0.32
84;1;8.03;0.33
84;1;8.00;0.32
84;1;7.97;0.32
84;1;7.94;0.35
84;1;7.91;0.33
84;1;7.88;0.33
84;1;7.85;0.31
84;1;7.82;0.33
84;1;7.79;0.31
84;1;7.76;0.34
84;1;7.73;0.31
84;1;7.70;0.31
84;1;7.67;0.3
84;1;7.64;0.33
84;1;7.61;0.33
84;1;7.58;0.31
84;1;7.55;0.33
84;1;7.52;0.34
84;1;7.49;0.31
84;1;7.46;0.33
84;1;7.43;0.35
84;1;7.37;0.43
84;1;7.34;0.46
84;1;7.31;0.43
84;1;7.28;0.42
84;1;7.25;0.43
84;1;7.19;0.48
84;1;7.16;0.43
84;1;7.13;0.47
84;1;7.10;0.48
84;1;7.07;0.43
84;1;7.04;0.43
84;1;7.01;0.5
84;1;6.98;0.42
84;1;6.95;0.48
84;1;6.92;0.48
84;1;6.89;0.48
84;1;6.86;0.45
84;1;6.83;0.46
84;1;6.80;0.4
84;1;6.77;0.46
84;1;6.74;0.46
84;1;6.71;0.49
84;1;6.68;0.46
84;1;6.65;0.13
84;1;6.62;0.15
84;1;6.59;0.12
84;1;6.56;0.13
84;1;6.53;0.1
84;1;6.50;0.15
84;1;6.47;0.12
84;1;6.44;0.12
84;1;6.41;0.13
84;1;6.38;0.12
84;1;6.35;0.13
84;1;6.32;0.14
84;1;6.29;0.14
84;1;6.26;0.12
84;1;6.23;0.15
84;1;6.20;0.11
84;1;6.17;0.11
84;1;6.14;0.1
84;1;6.11;0.1
84;1;6.08;0.12
84;1;6.05;0.13
84;1;6.02;0.14
84;1;5.99;0.14
84;1;5.96;0.11
84;1;5.93;0.1
84;1;5.90;0.13
84;1;5.87;0.11
84;1;5.84;0.15
84;1;5.81;0.11
84;1;5.78;0.15
84;1;5.75;0.11
84;1;5.72;0.11
84;1;5.69;0.13
84;1;5.66;0.15
84;1;5.63;0.13
84;1;5.60;0.15
84;1;5.57;0.11
84;1;5.54;0.11
84;1;5.51;0.13
84;1;5.48;0.13
84;1;5.45;0.14
84;1;5.42;0.12
84;1;5.39;0.1
84;1;5.36;0.13
84;1;5.33;0.13
84;1;5.30;0.11
84;1;5.27;0.15
84;1;5.24;0.12
84;1;5.21;0.13
84;1;5.18;0.14
84;1;5.15;0.12
84;1;5.12;0.13
84;1;5.09;0.11
84;1;5.06;0.14
84;1;5.03;0.11
84;1;5.00;0.15
84;1;4.97;0.1
84;1;4.94;0.15
84;1;4.91;0.1
84;1;4.88;0.12
84;1;4.85;0.13
84;1;4.82;0.1
84;1;4.79;0.11
84;1;4.76;0.14
84;1;4.73;0.12
84;1;4.70;0.13
84;1;4.67;0.15
84;1;4.64;0.12
84;1;4.61;0.11
84;1;4.58;0.11
84;1;4.55;0.11
84;1;4.52;0.14
84;1;4.49;0.14
84;1;4.46;0.14
84;1;4.43;0.13
84;1;4.40;0.13
84;1;4.37;0.13
84;1;4.34;0.14
84;1;4.31;0.14
84;1;4.28;0.11
91.9;1;9.93;0.55
91.9;1;9.78;0.61
91.9;1;9.63;0.4
91.9;1;9.48;0.37
91.9;1;9.33;0.32
91.9;1;9.18;0.75
91.9;1;9.03;0.76
91.9;1;8.88;0.48
91.9;1;8.73;0.75
91.9;1;7.59;0.42
91.9;1;7.56;0.44
91.9;1;7.53;0.43
91.9;1;7.50;0.42
91.9;1;7.47;0.44
91.9;1;7.44;0.45
91.9;1;7.41;0.42
91.9;1;7.38;0.45
91.9;1;7.35;0.48
91.9;1;7.32;0.46
91.9;1;7.26;0.49
91.9;1;7.23;0.49
91.9;1;7.20;0.49
91.9;1;7.17;0.41
91.9;1;7.14;0.43
91.9;1;7.11;0.46
91.9;1;7.08;0.44
91.9;1;7.05;0.49
91.9;1;7.02;0.45
91.9;1;6.99;0.42
91.9;1;6.96;0.46
91.9;1;6.93;0.42
91.9;1;6.90;0.41
91.9;1;6.87;0.48
91.9;1;6.84;0.41
91.9;1;6.81;0.48
91.9;1;6.78;0.49
91.9;1;6.75;0.43
91.9;1;6.69;0.42
91.9;1;6.66;0.49
91.9;1;6.63;0.48
91.9;1;6.60;0.43
91.9;1;6.57;0.47
91.9;1;6.54;0.41
91.9;1;6.51;0.43
91.9;1;6.48;0.46
91.9;1;6.45;0.4
91.9;1;6.42;0.49
91.9;1;6.39;0.49
91.9;1;6.36;0.42
91.9;1;6.33;0.48
91.9;1;6.30;0.5
91.9;1;6.27;0.45
91.9;1;6.24;0.43
91.9;1;6.21;0.46
91.9;1;6.18;0.44
91.9;1;6.15;0.48
91.9;1;6.09;0.28
91.9;1;6.06;0.35
91.9;1;6.03;0.31
91.9;1;6.00;0.3
91.9;1;5.97;0.26
91.9;1;5.94;0.3
91.9;1;5.91;0.31
91.9;1;5.88;0.32
91.9;1;5.85;0.26
91.9;1;5.82;0.28
91.9;1;5.79;0.32
91.9;1;5.76;0.31
91.9;1;5.73;0.26
91.9;1;5.70;0.34
91.9;1;5.67;0.25
91.9;1;5.64;0.34
91.9;1;5.61;0.25
91.9;1;5.58;0.34
91.9;1;5.55;0.31
91.9;1;5.52;0.35
91.9;1;5.49;0.33
91.9;1;5.46;0.27
91.9;1;5.43;0.26
91.9;1;5.40;0.27
91.9;1;5.37;0.32
91.9;1;5.34;0.34
91.9;1;5.31;0.27
91.9;1;5.28;0.31
91.9;1;5.25;0.31
91.9;1;5.22;0.35
91.9;1;5.19;0.28
91.9;1;5.13;0.47
91.9;1;5.10;0.44
91.9;1;5.07;0.49
91.9;1;5.04;0.4
91.9;1;5.01;0.47
91.9;1;4.98;0.47
91.9;1;4.95;0.43
91.9;1;4.92;0.41
91.9;1;4.89;0.49
91.9;1;4.86;0.4
91.9;1;4.80;0.26
91.9;1;4.77;0.27
91.9;1;4.74;0.3
91.9;1;4.71;0.33
91.9;1;4.68;0.27
91.9;1;4.65;0.34
91.9;1;4.62;0.31
91.9;1;4.59;0.33
91.9;1;4.56;0.32
91.9;1;4.53;0.28
91.9;1;4.50;0.3
91.9;1;4.47;0.25
91.9;1;4.44;0.3
91.9;1;4.41;0.32
91.9;1;4.38;0.32
91.9;1;4.35;0.29
91.9;1;4.32;0.33
91.9;1;4.29;0.32
91.9;1;4.26;0.33
91.9;1;4.23;0.32
91.9;1;4.20;0.27
91.9;1;4.17;0.33
91.9;1;4.14;0.28
91.9;1;4.11;0.27
91.9;1;4.08;0.3
91.9;1;4.05;0.34
91.9;1;3.99;0.5
91.9;1;3.96;0.5
91.9;1;3.93;0.45
91.9;1;3.90;0.43
91.9;1;3.87;0.41
91.9;1;3.84;0.5
91.9;1;3.81;0.47
91.9;1;3.75;0.29
91.9;1;3.72;0.28
91.9;1;3.69;0.33
91.9;1;3.66;0.27
91.9;1;3.63;0.33
91.9;1;3.60;0.32
91.9;1;3.57;0.31
91.9;1;3.54;0.26
91.9;1;3.51;0.28
91.9;1;3.48;0.28
91.9;1;3.45;0.27
91.9;1;3.42;0.27
91.9;1;3.39;0.3
91.9;1;3.36;0.33
91.9;1;3.33;0.33
91.9;1;3.30;0.31
91.9;1;3.27;0.26
91.9;1;3.24;0.33
91.9;1;3.21;0.3
91.9;1;3.18;0.33
91.9;1;3.15;0.27
91.9;1;3.12;0.34
91.9;1;3.06;0.3
91.9;1;3.03;0.3
91.9;1;3.00;0.31
91.9;1;2.97;0.26
91.9;1;2.94;0.26
91.9;1;2.91;0.35
91.9;1;2.88;0.25
91.9;1;2.85;0.29
91.9;1;2.82;0.29
91.9;1;2.79;0.28
91.9;1;2.76;0.32
91.9;1;2.73;0.33
91.9;1;2.70;0.31
91.9;1;2.67;0.31
91.9;1;2.61;0.46
91.9;1;2.58;0.42
91.9;1;2.55;0.46
91.9;1;2.52;0.42
91.9;1;2.49;0.42
91.9;1;2.46;0.42
91.9;1;2.31;0.28
91.9;1;2.28;0.28
91.9;1;2.25;0.33
91.9;1;2.22;0.33
91.9;1;2.19;0.33
91.9;1;2.16;0.31
91.9;1;2.13;0.33
91.9;1;2.10;0.33
91.9;1;2.07;0.35
91.9;1;2.04;0.29
91.9;1;2.01;0.33
91.9;1;1.98;0.33
91.9;1;1.95;0.28
91.9;1;1.92;0.3
91.9;1;1.89;0.32
91.9;1;1.86;0.3
91.9;1;1.83;0.35
91.9;1;1.80;0.28
91.9;1;1.77;0.32
91.9;1;1.71;0.47
91.9;1;1.68;0.49
91.9;1;1.65;0.43
91.9;1;1.62;0.48
91.9;1;1.59;0.49
91.9;1;1.56;0.48
91.9;1;1.53;0.5
91.9;1;1.50;0.44
91.9;1;1.47;0.41
91.9;1;1.44;0.45
91.9;1;1.41;0.47
91.9;1;1.38;0.44
91.9;1;1.35;0.47
91.9;1;1.32;0.44
91.9;1;1.29;0.41
91.9;1;1.26;0.42
91.9;1;1.23;0.48
91.9;1;1.20;0.46
91.9;1;1.14;0.41
91.9;1;1.11;0.49
91.9;1;1.08;0.48
91.9;1;1.05;0.4
91.9;1;1.02;0.49
91.9;1;0.99;0.43
91.9;1;0.96;0.47
91.9;1;0.93;0.48
91.9;1;0.90;0.43
91.9;1;0.87;0.46
91.9;1;0.84;0.48
91.9;1;0.81;0.42
91.9;1;0.78;0.45
91.9;1;0.75;0.4
91.9;1;0.72;0.42
91.9;1;0.69;0.46
91.9;1;0.66;0.42
91.9;1;0.63;0.43
91.9;1;0.60;0.47
91.9;1;0.57;0.4
91.9;1;0.51;0.27
91.9;1;0.48;0.33
91.9;1;0.45;0.27
91.9;1;0.42;0.3
91.9;1;0.39;0.33
91.9;1;0.33;0.31
91.9;1;0.30;0.32
91.9;1;0.27;0.26
91.9;1;0.24;0.32
91.9;1;0.21;0.35
91.9;1;0.18;0.26
91.9;1;0.15;0.32
91.9;1;0.12;0.31
91.9;1;0.09;0.28
91.9;1;0.06;0.3
91.9;1;0.03;0.35
91.9;1;0.00;0.29
91.9;1;-0.03;0.34
91.9;1;-0.06;0.34
91.9;1;-0.09;0.28
91.9;1;-0.15;0.3
91.9;1;-0.18;0.34
91.9;1;-0.21;0.28
91.9;1;-0.24;0.29
91.9;1;-0.27;0.33
91.9;1;-0.30;0.32
91.9;1;-0.33;0.28
91.9;1;-0.36;0.34
91.9;1;-0.39;0.31
91.9;1;-0.42;0.32
91.9;1;-0.48;0.31
91.9;1;-0.51;0.34
91.9;1;-0.54;0.33
91.9;1;-0.57;0.32
91.9;1;-0.60;0.33
91.9;1;-0.63;0.34
91.9;1;-0.66;0.34
91.9;1;-0.69;0.33
91.9;1;-0.72;0.32
91.9;1;-0.75;0.3
91.9;1;-0.78;0.35
91.9;1;-0.81;0.32
91.9;1;-0.84;0.32
91.9;1;-0.90;0.3
91.9;1;-0.93;0.35
91.9;1;-0.96;0.35
91.9;1;-0.99;0.33
91.9;1;-1.02;0.33
91.9;1;-1.05;0.31
91.9;1;-1.08;0.33
91.9;1;-1.11;0.33
91.9;1;-1.14;0.35
91.9;1;-1.17;0.33
91.9;1;-1.20;0.33
91.9;1;-1.23;0.32
91.9;1;-1.26;0.3
91.9;1;-1.29;0.32
91.9;1;-1.32;0.3
91.9;1;-1.35;0.32
91.9;1;-1.38;0.35
91.9;1;-1.41;0.32
91.9;1;-1.44;0.31
91.9;1;-1.47;0.34
91.9;1;-1.50;0.3
91.9;1;-1.53;0.34
91.9;1;-1.56;0.31
91.9;1;-1.62;0.33
91.9;1;-1.65;0.3
91.9;1;-1.68;0.32
91.9;1;-1.71;0.34
91.9;1;-1.74;0.33
91.9;1;-1.77;0.31
91.9;1;-1.80;0.33
91.9;1;-1.83;0.35
91.9;1;-1.86;0.31
91.9;1;-1.89;0.32
91.9;1;-1.95;0.41
91.9;1;-1.98;0.44
91.9;1;-2.01;0.45
91.9;1;-2.04;0.42
91.9;1;-2.07;0.42
91.9;1;-2.10;0.49
91.9;1;-2.16;0.42
91.9;1;-2.19;0.46
91.9;1;-2.22;0.49
91.9;1;-2.25;0.5
91.9;1;-2.28;0.42
91.9;1;-2.31;0.4
91.9;1;-2.34;0.44
91.9;1;-2.37;0.44
91.9;1;-2.40;0.48
91.9;1;-2.43;0.5
91.9;1;-2.46;0.49
91.9;1;-2.49;0.46
91.9;1;-2.52;0.43
91.9;1;-2.55;0.42
91.9;1;-2.58;0.11
91.9;1;-2.61;0.14
91.9;1;-2.64;0.13
91.9;1;-2.67;0.12
91.9;1;-2.70;0.1
91.9;1;-2.73;0.1
91.9;1;-2.76;0.12
91.9;1;-2.79;0.14
91.9;1;-2.82;0.14
91.9;1;-2.85;0.1
91.9;1;-2.88;0.13
91.9;1;-2.91;0.15
91.9;1;-2.94;0.11
91.9;1;-2.97;0.12
91.9;1;-3.00;0.13
91.9;1;-3.03;0.12
91.9;1;-3.06;0.14
91.9;1;-3.09;0.12
91.9;1;-3.12;0.12
91.9;1;-3.15;0.11
91.9;1;-3.18;0.13
91.9;1;-3.21;0.1
91.9;1;-3.24;0.12
91.9;1;-3.27;0.11
91.9;1;-3.30;0.11
91.9;1;-3.33;0.13
91.9;1;-3.36;0.11
91.9;1;-3.39;0.11
91.9;1;-3.42;0.12
91.9;1;-3.45;0.11
91.9;1;-3.48;0.11
91.9;1;-3.51;0.15
91.9;1;-3.54;0.11
91.9;1;-3.57;0.1
91.9;1;-3.60;0.11
91.9;1;-3.63;0.13
91.9;1;-3.66;0.12
91.9;1;-3.69;0.14
91.9;1;-3.72;0.11
91.9;1;-3.75;0.1
91.9;1;-3.78;0.1
91.9;1;-3.81;0.12
91.9;1;-3.84;0.12
91.9;1;-3.87;0.1
91.9;1;-3.90;0.14
91.9;1;-3.93;0.15
91.9;1;-3.96;0.14
91.9;1;-3.99;0.12
91.9;1;-4.02;0.13
91.9;1;-4.05;0.12
91.9;1;-4.08;0.14
91.9;1;-4.11;0.11
91.9;1;-4.14;0.13
91.9;1;-4.17;0.13
91.9;1;-4.20;0.12
91.9;1;-4.23;0.15
91.9;1;-4.26;0.14
91.9;1;-4.29;0.12
91.9;1;-4.32;0.14
91.9;1;-4.35;0.1
91.9;1;-4.38;0.14
91.9;1;-4.41;0.12
91.9;1;-4.44;0.14
91.9;1;-4.47;0.15
91.9;1;-4.50;0.13
91.9;1;-4.53;0.12
91.9;1;-4.56;0.13
91.9;1;-4.59;0.14
91.9;1;-4.62;0.12
91.9;1;-4.65;0.11
91.9;1;-4.68;0.11
91.9;1;-4.71;0.14
91.9;1;-4.74;0.15
91.9;1;-4.77;0.15
91.9;1;-4.80;0.1
91.9;1;-4.83;0.12
91.9;1;-4.86;0.14
91.9;1;-4.89;0.13
91.9;1;-4.92;0.14