1547014;4896226;2070.00000000
1567248;4879009;95.00000000
1574213;4879725;98.00000000
1574702;4878906;110.00000000
1564071;4880673;122.00000000
1565237;4881878;130.00000000
1571543;4882075;183.00000000
1559979;4883586;174.00000000
1561381;4883062;167.00000000
1562783;4882371;133.00000000
1569443;4883379;91.00000000
1571663;4882655;109.00000000
1556083;4887068;193.00000000
1556658;4886274;156.00000000
1558970;4884859;147.00000000
1567644;4887246;64.00000000
1569368;4886020;146.00000000
1556259;4887442;158.00000000
1549126;4890657;338.00000000
1551007;4890995;191.00000000
1552195;4891199;176.00000000
1546009;4894326;179.00000000
1546988;4893730;1320.00000000
1549959;4893134;164.00000000
1550654;4892762;157.00000000
1541703;4896365;519.00000000
1544495;4894690;284.00000000
1541967;4897130;85.00000000
1542823;4897568;545.00000000
1544788;4897421;824.00000000
1537690;4900078;361.00000000
1540771;4899524;130.00000000
1544292;4899960;1250.00000000
1577850;4879087;150.00000000
1579154;4877933;300.00000000
1581324;4879572;150.00000000
1575877;4882292;80.00000000
1577184;4881459;150.00000000
1579808;4880842;70.00000000
1581170;4881874;100.00000000
1583117;4881356;90.00000000
1585228;4882015;150.00000000
1573243;4884188;120.00000000
1575244;4883557;130.00000000
1577741;4882973;140.00000000
1579008;4883094;120.00000000
1581065;4883837;110.00000000
1582948;4884021;80.00000000
1584726;4883501;170.00000000
1570290;4886946;130.00000000
1573212;4886917;150.00000000
1575383;4886845;210.00000000
1577620;4886472;130.00000000
1579028;4885568;130.00000000
1557316;4889461;170.00000000
1559489;4888194;120.00000000
1560783;4888763;110.00000000
1563144;4888288;70.00000000
1571305;4888605;160.00000000
1573158;4888030;130.00000000
1575402;4887924;590.00000000
1576407;4889398;150.00000000
1554831;4890458;190.00000000
1557321;4891554;170.00000000
1559672;4891078;260.00000000
1560621;4890052;110.00000000
1562392;4890384;80.00000000
1565744;4890889;60.00000000
1567455;4891834;70.00000000
1569430;4890971;220.00000000
1571616;4890322;140.00000000
1573103;4891012;110.00000000
1553593;4892535;170.00000000
1555750;4893804;160.00000000
1556757;4893208;160.00000000
1559283;4893628;220.00000000
1561288;4892834;90.00000000
1562870;4892566;80.00000000
1564810;4894083;160.00000000
1567565;4894144;220.00000000
1568563;4893435;160.00000000
1570469;4894090;120.00000000
1549661;4895537;180.00000000
1550401;4896844;200.00000000
1553548;4896468;160.00000000
1555344;4895678;190.00000000
1556843;4895711;180.00000000
1559126;4895106;180.00000000
1560979;4895321;80.00000000
1563084;4895342;380.00000000
1565742;4895545;200.00000000
1566494;4896093;150.00000000
1546600;4898562;960.00000000
1548545;4899093;870.00000000
1551072;4898231;490.00000000
1553119;4897306;190.00000000
1554710;4897449;50.00000000
1556646;4898519;140.00000000
1558587;4898306;490.00000000
1561636;4897686;900.00000000
1563593;4898520;110.00000000
1565536;4897748;120.00000000
1566978;4898945;130.00000000
1550976;4901107;60.00000000
1553005;4901292;150.00000000
1555289;4900621;70.00000000
1556498;4901217;240.00000000
1559345;4900386;520.00000000
1560638;4899879;220.00000000
1562872;4901042;390.00000000
1565368;4900409;170.00000000
1566699;4900653;160.00000000
1552744;4903067;120.00000000
1559693;4903835;340.00000000
1560801;4902906;490.00000000
1563451;4903823;130.00000000
1564681;4903239;170.00000000
1543757;4905667;150.00000000
1545054;4905305;140.00000000
1550909;4905978;120.00000000
1553194;4906297;80.00000000
1559418;4905111;320.00000000
1560546;4904968;310.00000000
1540826;4908853;160.00000000
1543239;4907418;260.00000000
1545228;4908425;120.00000000
1548984;4908026;130.00000000
1550854;4907487;80.00000000
1552959;4907264;50.00000000
1541887;4910810;680.00000000
1544356;4910558;210.00000000
1540363;4913494;150.00000000
1572932;4882249;131.00000000
1561127;4885489;64.00000000
1562616;4885501;70.00000000
1564730;4887180;97.00000000
1554017;4889477;154.00000000
1555297;4889136;166.00000000
1564703;4887590;87.00000000
1566691;4889045;73.00000000
1568695;4889373;95.00000000
1546935;4899631;1390.00000000
1549641;4901778;382.00000000
1545831;4902852;159.00000000
1546984;4903583;1500.00000000
1548715;4903011;217.00000000
1551786;4902124;385.00000000
1554714;4904404;61.00000000
1556143;4904163;105.00000000
1546513;4905455;148.00000000
1548262;4905890;164.00000000
1554315;4905045;124.00000000
1556213;4905271;219.00000000
1545887;4908087;148.00000000
1546303;4908255;130.00000000
1555814;4907351;127.00000000
1557627;4907317;141.00000000
1558178;4908410;125.00000000
1543081;4911225;72.00000000
1546312;4911572;119.00000000
1549235;4911110;113.00000000
1550734;4909916;111.00000000
1552150;4909787;117.00000000
1555579;4909449;137.00000000
1556187;4910593;144.00000000
1543136;4912690;123.00000000
1545668;4912851;119.00000000
1547638;4913854;93.00000000
1549190;4914008;111.00000000
1550774;4912713;155.00000000
1553104;4913889;124.00000000
1539090;4914721;97.00000000
1541510;4914997;123.00000000
1542139;4914297;87.00000000
1544282;4915618;115.00000000
1547917;4916128;79.00000000
1548108;4915067;103.00000000
1550357;4915784;124.00000000
1552256;4914838;99.00000000
1538536;4917446;120.00000000
1541054;4917701;110.00000000
1542408;4917184;170.00000000
1544220;4917113;140.00000000
1546288;4918012;120.00000000
1549361;4918285;170.00000000
1550060;4917627;210.00000000
1529238;4906533;88.00000000
1530346;4907304;88.00000000
1540239;4903155;210.00000000
1541567;4905055;250.00000000
1533820;4900884;112.00000000
1535764;4900960;91.00000000
1538473;4901761;287.00000000
1542823;4901784;153.00000000
1531468;4904278;98.00000000
1534045;4903887;609.00000000
1535735;4904159;155.00000000
1537867;4902171;158.00000000
1540031;4902569;645.00000000
1543669;4902531;110.00000000
1531491;4906166;54.00000000
1532510;4904429;59.00000000
1534506;4905823;641.00000000
1537981;4905084;1720.00000000
1538128;4904631;241.00000000
1516503;4906525;383.00000000
1515762;4909014;80.00000000
1516692;4907940;103.00000000
1522021;4908940;121.00000000
1522638;4909104;126.00000000
1525780;4908828;179.00000000
1518683;4911053;96.00000000
1521615;4909920;65.00000000
1525099;4910203;132.00000000
1518756;4912298;63.00000000
1520330;4912380;46.00000000
1503885;4915979;50.00000000
1512669;4910060;70.00000000
1515079;4910691;70.00000000
1517056;4910924;70.00000000
1508558;4913902;70.00000000
1511947;4913258;80.00000000
1512965;4914062;70.00000000
1515423;4911831;70.00000000
1516863;4913376;80.00000000
1505588;4915090;100.00000000
1506586;4915397;60.00000000
1509284;4915408;60.00000000
1511430;4915757;70.00000000
1513391;4915822;100.00000000
1515725;4914570;60.00000000
1517401;4914432;70.00000000
1507388;4913938;69.00000000
1503261;4915247;80.00000000
1505788;4917098;84.00000000
1526705;4906675;190.00000000
1527421;4907251;152.00000000
1528743;4908154;95.00000000
1527129;4910480;187.00000000
1528661;4910344;129.00000000
1509467;4918534;118.00000000
1511029;4917642;132.00000000
1514064;4918940;132.00000000
1515796;4917086;78.00000000
1517270;4917709;124.00000000
1519277;4916760;158.00000000
1509316;4920045;184.00000000
1511212;4920978;158.00000000
1512319;4921147;166.00000000
1514520;4919873;151.00000000
1517275;4920623;129.00000000
1518685;4920092;80.00000000
1509012;4922911;99.00000000
1511794;4922156;133.00000000
1513409;4922731;138.00000000
1515362;4922209;126.00000000
1516687;4923762;135.00000000
1519854;4921989;132.00000000
1520418;4923049;139.00000000
1522192;4923734;122.00000000
1510317;4924276;113.00000000
1512910;4924130;130.00000000
1515590;4924181;150.00000000
1535227;4908425;1720.00000000
1538736;4910397;500.00000000
1526259;4915906;100.00000000
1528167;4916166;80.00000000
1527318;4917898;80.00000000
1528198;4918032;90.00000000
1530930;4917767;280.00000000
1527622;4920893;80.00000000
1528301;4920786;80.00000000
1531558;4920128;180.00000000
1533012;4920608;410.00000000
1534713;4921167;140.00000000
1527869;4923794;140.00000000
1528568;4923810;110.00000000
1531657;4923339;700.00000000
1530015;4921795;130.00000000
1533879;4922286;210.00000000
1534576;4921916;630.00000000
1536152;4923231;1700.00000000
1529304;4924376;210.00000000
1531069;4924114;290.00000000
1532046;4924133;550.00000000
1534289;4924265;570.00000000
1531756;4909161;62.00000000
1533631;4908954;131.00000000
1536998;4909178;1500.00000000
1538207;4909026;176.00000000
1523359;4911176;106.00000000
1530804;4910743;117.00000000
1533031;4911044;196.00000000
1534377;4911313;200.00000000
1536677;4910415;1650.00000000
1521603;4913778;73.00000000
1522901;4913333;108.00000000
1524736;4912322;101.00000000
1528565;4912645;88.00000000
1531273;4911932;92.00000000
1533984;4912212;716.00000000
1534174;4913103;560.00000000
1536123;4913028;160.00000000
1538815;4911766;143.00000000
1519105;4916358;76.00000000
1522050;4915180;130.00000000
1523778;4914935;100.00000000
1524786;4915801;65.00000000
1531380;4915071;134.00000000
1533094;4915258;144.00000000
1535526;4914440;109.00000000
1521979;4917228;100.00000000
1522659;4918421;77.00000000
1525503;4918456;113.00000000
1533981;4916876;100.00000000
1534883;4918107;280.00000000
1520459;4920201;100.00000000
1522589;4920237;100.00000000
1524569;4921126;89.00000000
1536160;4926096;910.00000000
1538683;4926078;749.00000000
1531411;4928121;864.00000000
1532950;4928173;925.00000000
1535796;4928472;887.00000000
1536437;4928907;247.00000000
1538675;4927107;227.00000000
1526325;4929362;110.00000000
1529596;4929549;304.00000000
1531561;4930653;412.00000000
1532659;4931153;211.00000000
1535528;4930255;62.00000000
1537516;4929728;313.00000000
1538985;4929399;89.00000000
1529389;4933636;249.00000000
1530689;4933073;184.00000000
1532691;4932237;296.00000000
1534972;4932692;474.00000000
1537402;4933580;381.00000000
1538193;4931828;136.00000000
1529725;4935068;485.00000000
1531049;4934382;120.00000000
1533289;4934978;109.00000000
1535398;4935359;361.00000000
1536913;4934172;194.00000000
1528778;4937312;494.00000000
1530969;4936595;88.00000000
1532198;4936443;150.00000000
1524948;4923569;122.00000000
1519713;4924279;138.00000000
1521603;4925146;162.00000000
1523225;4925589;113.00000000
1525436;4924556;114.00000000
1526688;4925662;122.00000000
1522759;4926802;104.00000000
1524476;4926578;103.00000000
1527587;4926985;124.00000000
1528117;4928033;197.00000000
1501590.18;4926525.17;76.00000000
1502386.93;4927354.24;66.00000000
1505003.13;4928324.82;52.00000000
1506991.74;4927971.28;138.00000000
1509158.26;4926817.25;140.00000000
1510371.25;4927101.59;96.00000000
1513111.8;4928014.97;182.00000000
1515171.16;4927961.57;250.00000000
1516933.33;4927886.4;187.00000000
1519708.35;4927496.68;226.00000000
1521244.96;4927651.6;173.00000000
1501174.88;4929745.18;104.00000000
1502999.87;4930207.96;28.00000000
1505205.47;4929711.15;102.00000000
1506893.59;4930153.47;66.00000000
1508876.67;4930066.73;84.00000000
1510285.66;4929676.32;88.00000000
1513498.14;4928972.82;88.00000000
1515396.61;4930620.35;182.00000000
1517071.6;4930490.1;158.00000000
1518983.06;4929938.08;192.00000000
1521273.71;4929626.5;158.00000000
1523334.84;4929971.42;169.00000000
1524555.6;4929777.86;155.00000000
1497684.37;4932392.87;92.00000000
1499010.7;4931555.75;87.00000000
1501770.83;4931683.07;63.00000000
1503305.88;4931979.49;70.00000000
1504655.26;4932905.51;58.00000000
1507051.09;4932664.21;58.00000000
1509515.83;4933202.07;80.00000000
1511033.61;4932871.28;84.00000000
1513713.43;4931792.23;81.00000000
1514265.63;4932435.88;74.00000000
1516712.2;4931856.19;176.00000000
1519154.96;4932532.46;119.00000000
1521015.02;4932102.53;119.00000000
1522645.91;4932934.23;270.00000000
1525012.69;4932748.31;679.00000000
1493178.8;4935464.76;160.00000000
1495161.51;4933935.96;138.00000000
1499463.12;4933904.21;97.00000000
1501757.02;4934189.45;68.00000000
1504782.69;4933594.52;43.00000000
1506963.34;4935071.3;61.00000000
1508564.08;4933623.53;49.00000000
1509880.79;4934588.21;67.00000000
1512305.74;4934313.48;81.00000000
1514636.76;4934880.31;77.00000000
1517780.25;4935630.24;73.00000000
1518817.57;4934707.22;105.00000000
1521380.12;4935311.56;178.00000000
1522355.6;4934292.02;170.00000000
1524243.27;4935510.85;397.00000000
1493359.95;4937452.76;189.00000000
1494617.37;4936537.29;133.00000000
1496911.35;4936463.56;118.00000000
1499355.5;4936549.99;78.00000000
1500886.56;4935964.71;85.00000000
1503644.52;4936905.37;58.00000000
1504480.47;4936243.72;59.00000000
1506753.82;4937345.69;81.00000000
1521586.17;4937789.51;50.00000000
1522182.18;4936658.81;778.00000000
1492539.75;4938741.14;349.00000000
1495250.34;4939765.4;221.00000000
1497747.78;4938986.77;92.00000000
1499416.5;4940464.96;57.00000000
1500949.26;4939903.6;52.00000000
1503821.88;4939364.51;89.00000000
1505182.78;4938453.59;100.00000000
1507101.83;4939057.67;110.00000000
1490728.48;4941891.04;1990.00000000
1493096.37;4941438.68;1210.00000000
1495358.63;4941663.89;951.00000000
1497807.03;4941767.29;138.00000000
1499146.27;4941410.18;51.00000000
1500888.32;4940686.73;40.00000000
1493486.59;4944035.76;842.00000000
1495652.53;4944221.21;100.00000000
1497069.75;4943707.2;90.00000000
1499318.99;4944412.14;75.00000000
1500637.09;4943266.58;97.00000000
1527922;4933552;252.00000000
1527633;4934863;196.00000000
1516545;4937653;82.00000000
1519081;4937380;58.00000000
1519489;4939359;78.00000000
1522942;4939521;191.00000000
1503407;4941394;65.00000000
1494858;4946099;358.00000000
1500666.72;4924388.9;23.00000000
1500666.72;4924388.9;23.40000000
1517724.65;4925630.84;51.60000000
1506991.74;4927971.28;37.70000000
1510371.25;4927101.59;24.40000000
1513883.85;4927802.28;74.40000000
1502999.87;4930207.96;6.40000000
1513551.26;4928908.26;40.20000000
1515396.61;4930620.35;69.60000000
1521273.71;4929626.5;49.50000000
1503305.88;4931979.49;17.80000000
1509515.83;4933202.07;18.80000000
1514265.63;4932435.88;20.50000000
1497597.84;4933865.23;25.10000000
1501757.02;4934189.45;11.70000000
1502992.23;4933898.93;15.00000000
1512305.74;4934313.48;27.00000000
1493359.95;4937452.76;63.10000000
1492539.75;4938741.14;132.80000000
1503821.88;4939364.51;18.40000000
1500637.09;4943266.58;24.30000000
1507769.06;4917840.7;75.00000000
1506831.06;4917795.71;50.00000000
1508844.1;4924750.71;100.00000000
1506769.06;4920165.72;73.00000000
1507382.11;4924245.72;81.00000000
1506407.09;4923368.72;79.00000000
1505281.1;4923707.74;70.00000000
1504281.11;4924365.74;57.00000000
1503719.11;4923790.74;44.00000000
1502132.1;4924130.77;109.00000000
1501731.1;4924340.78;61.00000000
1499794.1;4924935.79;37.00000000
1497669.09;4923315.81;126.00000000
1501044.08;4923140.78;49.00000000
1503294.1;4923127.76;46.00000000
1498406.1;4922952.79;115.00000000
1496069.04;4917115.83;86.00000000
1495931.04;4918327.82;80.00000000
1497019.07;4920215.8;75.00000000
1504294.06;4920065.74;60.00000000
1498981.06;4919172.78;66.00000000
1500582.07;4920740.77;120.00000000
1495919.07;4920715.83;50.00000000
1496406.09;4922627.81;69.00000000
1499829;4918000;84.00000000
1500607;4918646;96.00000000
1499725;4917882;66.00000000
1501113;4918571;87.00000000
1503112;4918143;86.00000000
1503054;4919213;100.00000000
1507856.11;4923940.71;34.00000000
1507956.11;4924755.7;32.00000000
1507494.08;4921040.71;36.00000000
1506557.09;4922205.74;30.00000000
1506821.06;4921170.71;32.00000000
1507056.08;4922070.71;28.00000000
1498556.11;4924077.78;13.00000000
1499594.09;4923190.78;30.00000000
1500769.09;4922440.78;28.00000000
1501956.08;4922490.76;40.00000000
1503731.09;4922265.74;23.00000000
1499532.1;4924040.8;15.00000000
1496031.06;4919340.8;26.00000000
1501494.07;4921758.78;25.00000000
1500219.09;4921565.79;37.00000000
1499411.09;4921940.77;33.00000000
1498231.09;4922190.79;25.00000000
1497526.08;4921415.81;23.00000000
1502681.07;4921965.77;23.00000000
1504794.06;4919077.73;16.00000000
1504894.08;4921098.75;28.00000000
1506319.07;4920740.72;31.00000000
1503757.07;4921640.74;25.00000000
1498319.06;4919552.81;18.00000000
1498114.07;4920452.8;39.00000000
1496794.07;4921515.82;429.00000000
1501931.08;4920665.77;34.00000000
1497644.11;4925440.79;113.00000000
1498369.11;4925345.78;123.00000000
1498561.14;4927327.79;143.00000000
1497574.14;4928065.79;87.00000000
1495694.16;4930315.82;137.00000000
1495896.17;4931877.81;123.00000000
1492244.17;4933140.85;166.00000000
1492444.16;4930885.83;471.00000000
1490869.17;4931922.86;526.00000000
1491542.14;4930367.85;206.00000000
1486724.15;4929190.89;1490.00000000
1488454.12;4927180.89;760.00000000
1487869.15;4928890.89;191.00000000
1490069.15;4929550.87;421.00000000
1490569.13;4928820.87;553.00000000
1493819.12;4926045.83;115.00000000
1495429.12;4926015.83;119.00000000
1492269.14;4927105.84;227.00000000
1493619.09;4922390.85;117.00000000
1494619.1;4923100.83;114.00000000
1490674.12;4925455.85;79.00000000
1488669.1;4924685.88;298.00000000
1489844.1;4923415.86;158.00000000
1490889.1;4922910.87;625.00000000
1493029.07;4921315.83;174.00000000
1491269.06;4919895.85;309.00000000
1489869.17;4932540.85;1050.00000000
1499279.11;4925865.79;32.00000000
1497861.11;4926065.8;33.00000000
1497506.13;4927557.8;46.00000000
1498444.13;4928040.81;34.00000000
1498706.15;4929040.79;48.00000000
1499426.14;4928390.8;33.00000000
1499981.12;4926495.79;16.00000000
1497044.17;4930977.79;16.00000000
1497281.16;4930215.79;24.00000000
1497169.14;4929152.82;31.00000000
1496344.14;4929140.8;22.00000000
1496309.12;4927660.81;32.00000000
1494394.16;4930777.83;44.00000000
1495396.16;4932740.82;44.00000000
1496244.17;4932352.81;37.00000000
1493794.18;4933360.82;40.00000000
1494216.17;4932457.83;33.00000000
1494816.17;4931787.84;61.00000000
1495056.18;4931865.84;54.00000000
1493219.17;4932117.83;46.00000000
1492389.16;4932040.84;34.00000000
1492869.18;4933645.83;37.00000000
1490671.17;4933145.85;42.00000000
1491869.17;4932062.86;43.00000000
1490281.16;4931417.86;90.00000000
1489869.17;4932540.85;721.00000000
1488796.19;4933065.88;1408.00000000
1489531.18;4933615.87;448.00000000
1488786.16;4932090.87;920.00000000
1488294.16;4931302.87;937.00000000
1488444.15;4930290.89;499.00000000
1489394.15;4930540.87;359.00000000
1485706.14;4928960.92;1392.00000000
1487294.15;4930365.89;625.00000000
1487519.13;4928015.89;435.00000000
1488964.13;4928035.89;53.00000000
1488474.14;4928715.88;489.00000000
1489824.14;4928840.88;206.00000000
1493374.16;4930815.85;47.00000000
1493169.14;4930065.83;41.00000000
1492719.15;4929570.84;54.00000000
1493019.14;4928230.83;90.00000000
1491594.14;4929170.85;52.00000000
1491569.13;4927960.87;188.00000000
1489444.14;4927315.87;41.00000000
1490494.13;4927115.88;54.00000000
1490314.13;4926590.85;38.00000000
1489769.11;4925890.86;50.00000000
1495269.15;4929365.81;44.00000000
1495444.14;4928285.82;32.00000000
1494529.14;4928015.83;41.00000000
1493919.12;4927260.84;46.00000000
1494719.13;4926930.81;31.00000000
1493569.11;4925065.84;38.00000000
1495569.11;4924640.83;64.00000000
1494384.1;4924750.82;36.00000000
1495424.11;4925265.82;44.00000000
1496494.12;4925510.8;42.00000000
1493619.15;4929590.84;75.00000000
1492019.11;4926130.85;142.00000000
1492089.11;4925005.86;121.00000000
1491994.09;4923565.84;63.00000000
1491869.08;4922585.86;117.00000000
1492789.1;4924240.84;51.00000000
1494144.11;4924065.82;34.00000000
1488594.12;4925420.87;54.00000000
1489844.1;4924785.85;86.00000000
1490374.09;4921955.86;52.00000000
1491444.1;4924570.86;65.00000000
1490844.09;4924110.85;70.00000000
1492919.08;4922885.85;46.00000000
1492264.08;4920955.84;44.00000000
1494434.09;4921515.84;22.00000000
1491249.06;4920870.85;121.00000000
1485569.17;4931615.9;2100.66451700
1488786.16;4932090.87;1224.81742200
1488796.19;4933065.88;1977.49852000
1489531.18;4933615.87;574.77465620
1482569.08;4923190.94;2430.00000000
1481431.1;4922515.94;1340.00000000
1481369.11;4925077.93;1070.00000000
1478969.1;4924240.97;516.00000000
1479331.09;4922540.97;503.00000000
1479794.06;4920315.95;567.00000000
1486794.08;4921015.88;440.00000000
1486244.11;4925640.89;1150.00000000
1485206.12;4925065.91;1460.00000000
1486319.1;4923390.9;918.00000000
1482206.07;4919540.94;1220.00000000
1485231.07;4921790.91;1480.00000000
1485219.08;4921327.92;895.00000000
1483769.08;4920827.93;1040.00000000
1477044.08;4922602.97;1560.00000000
1476144.09;4922740.99;1600.00000000
1474594.1;4924341.01;2430.00000000
1476644.1;4924465.97;997.00000000
1474169.08;4921828;2230.00000000
1472756.07;4919891.03;2920.00000000
1471269.05;4917333.03;1680.00000000
1472637.03;4916591.02;1320.00000000
1475381.06;4918840.98;644.00000000
1470107.07;4919903.04;2000.00000000
1470682.07;4919553.02;1330.00000000
1474844.04;4916416;979.00000000
1473561.06;4918228;3160.00000000
1467107.04;4916048.07;1130.00000000
1469869.03;4914641.03;1320.00000000
1465381.04;4917541.07;763.00000000
1477144.06;4918865.97;1120.00000000
1476432.07;4919440.97;759.00000000
1468556.04;4917641.06;1460.00000000
1456344.02;4914228.15;73.00000000
1455894;4913106.17;58.00000000
1459668.97;4910491.13;372.00000000
1460581.96;4909266.12;342.00000000
1461969;4912279.11;601.00000000
1461882.04;4917866.1;752.00000000
1459419.02;4915279.14;603.00000000
1467269;4912766.06;535.00000000
1458794.06;4918241.13;650.00000000
1463131.99;4910441.11;122.00000000
1457644.03;4915578.13;216.00000000
1461969.07;4919541.1;1280.00000000
1457668.98;4912029.13;451.00000000
1465018.99;4912441.09;506.00000000
1458139.03;4916891.13;317.00000000
1462269.01;4914741.12;734.00000000
1463194.05;4919341.09;861.00000000
1458544;4911891.15;362.00000000
1459793.97;4907716.14;71.00000000
1484294.13;4927990.92;2180.00000000
1483944.16;4930115.91;3010.00000000
1484894.15;4930940.91;3130.00000000
1462705;4913393;1060.00000000
1468696;4912996;1490.00000000
1462815;4915055;415.00000000
1466080;4914370;946.00000000
1463466;4916897;517.00000000
1482369.1;4923965.93;864.10000000
1481694.09;4923165.95;732.60000000
1482819.12;4925565.94;938.90000000
1482119.1;4925490.93;1153.30000000
1480844.12;4925527.95;933.30000000
1481781.1;4924040.93;750.70000000
1477869.12;4925465.96;278.50000000
1479056.12;4925140.97;135.80000000
1478519.11;4924877.98;347.20000000
1478581.08;4923490.95;489.80000000
1479969.11;4925240.94;45.70000000
1479244.1;4923440.98;256.80000000
1480269.09;4924165.96;123.90000000
1480631.1;4923352.96;116.80000000
1480181.07;4922215.94;146.50000000
1480844.08;4922240.96;752.80000000
1480269.07;4921452.95;313.80000000
1479781.09;4921490.95;230.40000000
1483044.08;4922240.93;1564.30000000
1482719.08;4922165.94;1328.10000000
1483444.08;4922915.92;1695.10000000
1482369.08;4921365.93;1069.40000000
1486894.08;4921990.91;247.90000000
1487069.13;4927290.88;94.60000000
1487244.11;4926352.88;648.90000000
1487619.13;4926315.9;172.70000000
1485969.13;4926452.89;785.30000000
1485769.13;4926290.9;1523.40000000
1487031.1;4925565.89;760.00000000
1487344.1;4924765.89;378.40000000
1486519.1;4924165.89;638.80000000
1486119.1;4924715.91;704.40000000
1485869.08;4922265.91;396.60000000
1487419.09;4923565.89;1121.70000000
1487581.09;4922590.87;620.80000000
1488081.07;4921727.89;587.70000000
1487019.08;4920365.89;163.20000000
1482294.06;4920390.93;980.10000000
1485644.07;4920240.91;573.20000000
1485881.06;4919215.89;634.50000000
1484631.09;4923752.91;1076.00000000
1484969.09;4922815.92;914.20000000
1484781.08;4920502.92;1242.10000000
1478244.09;4921952.97;289.50000000
1478444.07;4921265.98;932.10000000
1479069.06;4920365.97;818.30000000
1477469.08;4921590.98;838.40000000
1475119.08;4921490.99;1202.40000000
1475231.09;4922602.98;1836.40000000
1476056.09;4921765.98;1065.00000000
1477144.1;4923765.98;577.60000000
1475194.1;4924128;1156.70000000
1474544.09;4923740.99;1070.70000000
1475494.1;4924565.98;1121.50000000
1476419.09;4923591;1080.90000000
1474119.08;4922716.02;868.90000000
1470331.03;4916709.03;537.50000000
1470612.05;4917191.03;1238.00000000
1471144.03;4916566.04;681.00000000
1471994.03;4916491.03;771.90000000
1472982.06;4919161.02;1244.70000000
1473344.07;4919916.02;1261.50000000
1472281.07;4919834.03;1246.10000000
1472744.07;4919341.01;1416.40000000
1472332.06;4918141.02;1048.50000000
1472106.05;4917291.01;926.20000000
1473044.04;4917466;655.20000000
1475619.06;4919590.99;991.40000000
1474819.05;4917866.01;490.90000000
1475119.04;4916998;444.20000000
1470411.05;4918933.02;836.10000000
1468552.06;4918934.05;1053.20000000
1469126.05;4918416.03;1117.00000000
1469956.06;4917691.05;882.70000000
1469637.04;4916941.03;1216.00000000
1470181.03;4915891.05;616.90000000
1470994.03;4915203.03;822.80000000
1473306.02;4915591.01;2464.20000000
1474269.06;4919004;1458.40000000
1468061.03;4915779.05;588.00000000
1469001.02;4915366.04;638.60000000
1470701.01;4914279.03;714.80000000
1466132.04;4916986.06;804.90000000
1465794.04;4916034.06;358.70000000
1466119.05;4918878.08;923.00000000
1465144.06;4918408.07;579.10000000
1476561.04;4918316;657.90000000
1477694.05;4919765.98;400.50000000
1468632.03;4916766.05;633.50000000
1467177.04;4917491.08;877.30000000
1467706.04;4918716.05;1093.30000000
1478944.07;4919415.95;526.30000000
1455894;4913106.17;27.30000000
1470206.01;4913604.05;640.50000000
1460581.96;4909266.12;143.20000000
1461969;4912279.11;308.80000000
1464281.01;4914666.08;495.80000000
1468094.03;4914954.04;566.00000000
1458794.06;4918241.13;356.60000000
1465332.04;4917316.08;195.00000000
1462656.99;4911741.12;453.30000000
1457644.03;4915578.13;123.70000000
1465444.01;4913691.09;482.80000000
1463194.05;4919341.09;374.90000000
1462356.05;4916816.11;280.90000000
1462656.99;4911741.12;711.62576490
1470206.01;4913604.05;1327.45575400
1465444.01;4913691.09;759.52365290
1464281.01;4914666.08;773.20876370
1462269.01;4914741.12;773.20876370
1468094.03;4914954.04;910.05987240
1459419.02;4915279.14;526.87676820
1462356.05;4916816.11;581.61721170
1461882.04;4917866.1;677.41298770
1458794.06;4918241.13;581.61721170
1463194.05;4919341.09;875.84709520
1461969.07;4919541.1;1279.55786600
1486819.17;4932440.9;1813.27718900
1458806.07;4920641.15;951.00000000
1465119.07;4920403.09;803.00000000
1456944.06;4919753.16;935.00000000
1468094.09;4922716.04;1210.00000000
1472256.1;4922616.04;1190.00000000
1458781.08;4921491.14;839.00000000
1469494.1;4923266.04;1500.00000000
1457894.08;4922841.16;1040.00000000
1465281.11;4925541.08;1240.00000000
1461444.09;4923391.12;573.00000000
1463106.12;4927129.1;1130.00000000
1471219.12;4925272.02;1300.00000000
1467357.1;4925691.06;1580.00000000
1465732.09;4922466.08;1700.00000000
1467119.07;4920453.08;1080.00000000
1461519.13;4926866.11;424.00000000
1463599.09;4923203.1;826.00000000
1473294.1;4924716.02;1530.00000000
1479444.13;4926690.96;798.00000000
1474194.12;4926766;2420.00000000
1475419.12;4927016;2110.00000000
1481394.12;4927416.49;2670.00000000
1477894.14;4927540.99;732.00000000
1480019.15;4929040.97;2480.00000000
1480894.14;4929240.94;3760.00000000
1476119.14;4929540.99;1020.00000000
1477519.16;4930015.96;1280.00000000
1470644.14;4930041.03;1660.00000000
1468869.16;4930441.05;1920.00000000
1473069.17;4931066;2020.00000000
1466719.17;4931141.06;1190.00000000
1476744.17;4931765.97;797.00000000
1479569.17;4932365.97;2810.00000000
1475494.17;4932440.99;1700.00000000
1481494.17;4933215.93;2620.00000000
1469744.18;4933341.03;2170.00000000
1471569.17;4933441.02;1950.00000000
1473994.18;4933541;1310.00000000
1480944.17;4933865.94;2010.00000000
1475144.19;4934115.98;568.00000000
1472294.19;4934316.03;1350.00000000
1476819.19;4934490.98;528.00000000
1464969.19;4934516.09;1760.00000000
1473594.2;4935016;1040.00000000
1482994.23;4938215.94;2380.00000000
1463251;4925923;274.00000000
1452290;4915117;232.00000000
1452762;4915997;357.00000000
1450061;4918187;503.00000000
1451979;4917286;550.00000000
1453347;4917758;318.00000000
1454680;4918369;508.00000000
1449550;4921296;935.00000000
1450743;4919981;808.00000000
1454194;4919853;635.00000000
1454942;4920309;603.00000000
1448312;4923615;810.00000000
1448795;4923022;884.00000000
1451504;4922722;513.00000000
1454047;4922867;904.00000000
1454905;4923222;1100.00000000
1448672;4924527;960.00000000
1452174;4926075;523.00000000
1454119;4924361;574.00000000
1455283;4925341;856.00000000
1457456;4926279;838.00000000
1458880;4924277;910.00000000
1460513;4925801;764.00000000
1454266;4927579;543.00000000
1454584;4927908;530.00000000
1458031;4927102;1570.00000000
1468257;4927792;1720.00000000
1467376;4928110;447.00000000
1471043;4928114;1560.00000000
1470451;4927649;1180.00000000
1468555;4934768;1720.00000000
1467119.07;4920453.08;385.70000000
1458269.1;4925766.14;395.40000000
1468687.13;4927041.06;577.90000000
1468687.13;4927041.06;560.00000000
1459182.1;4924816.12;451.00000000
1461519.13;4926866.11;273.80000000
1461519.13;4926866.11;251.80000000
1460019.12;4927228.14;988.20000000
1461119.1;4924416.11;268.30000000
1463984.11;4925616.08;206.80000000
1463599.09;4923203.1;413.50000000
1456944.06;4919753.16;957.95776040
1465119.07;4920403.09;766.36620830
1467119.07;4920453.08;937.43009410
1458806.07;4920641.15;800.57898550
1458781.08;4921491.14;800.57898550
1465732.09;4922466.08;1320.61319800
1472256.1;4922616.04;1163.23442300
1468094.09;4922716.04;1224.81742200
1457894.08;4922841.16;855.31942890
1463599.09;4923203.1;677.41298770
1469494.1;4923266.04;1217.97486700
1461444.09;4923391.12;492.66399110
1469944.09;4923616.05;1245.34508800
1461119.1;4924416.11;547.40443450
1473294.1;4924716.02;1354.82597500
1459182.1;4924816.12;786.89387460
1471219.12;4925272.02;1053.75353600
1465281.11;4925541.08;1060.59609200
1467357.1;4925691.06;1300.08553200
1458269.1;4925766.14;738.99598660
1457219.12;4926453.15;1197.44720000
1465819.12;4926728.09;923.74498320
1468687.13;4927041.06;1046.91098100
1460019.12;4927228.14;1696.95374700
1483644.13;4927365.93;1772.22185700
1468194.13;4927441.04;978.48542670
1471294.13;4927816.02;1553.26008300
1458519.14;4929491.13;3996.05237200
1470644.14;4930041.03;1389.03875300
1466144.15;4930191.08;923.74498320
1463769.16;4930366.08;2080.13685100
1461744.15;4930766.1;2107.50707300
1466719.17;4931141.06;971.64287120
1457544.16;4931141.14;492.66399110
1457544.16;4931141.14;492.66399110
1456069.17;4931191.16;800.57898550
1459119.17;4931441.15;1826.96230000
1476744.17;4931765.97;650.04276600
1476744.17;4931765.97;650.04276600
1463469.16;4931891.08;2271.72840300
1463469.16;4931891.08;2675.43917400
1483444.17;4932190.92;3085.99250000
1465919.18;4932216.07;1717.48141300
1479569.17;4932365.97;2483.84762200
1475494.17;4932440.99;1122.17909100
1456619.17;4932691.15;567.93210080
1455894.18;4932941.17;444.76610300
1460794.19;4933166.13;1532.73241700
1467744.18;4933366.06;1498.51963900
1467744.18;4933366.06;1361.66853100
1472294.19;4934316.03;1327.45575400
1463769.2;4934416.1;1135.86420200
1455094.18;4934466.18;561.08954540
1476819.19;4934490.98;478.97888020
1456944.19;4934566.14;212.11921840
1467694.2;4934591.06;1313.77064300
1485094.2;4934940.91;2244.35818100
1485094.2;4934940.91;2210.14540400
1461344.19;4934941.1;1217.97486700
1473594.2;4935016;992.17053750
1480019.19;4935440.95;1970.65596400
1483269.19;4935515.93;1902.23041000
1454069.19;4935716.19;629.51509970
1454069.19;4935716.19;677.41298770
1468894.2;4935891.06;1614.84308200
1484719.2;4936215.91;2435.94973400
1479519.2;4936490.96;1710.63885800
1479519.2;4936490.96;1724.32396900
1468694.22;4936816.06;1279.55786600
1468694.22;4936816.06;1259.03019900
1471544.21;4936916.04;1826.96230000
1468219.21;4936991.05;656.88532140
1468219.21;4936991.05;650.04276600
1474944.21;4937591;971.64287120
1474944.21;4937591;971.64287120
1474944.21;4937591;1012.69820400
1470594.23;4938191.04;1040.06842600
1480919.23;4938265.94;1662.74097000
1476794.23;4938390.99;1389.03875300
1478069.23;4938915.98;1813.27718900
1482169.23;4938990.94;2182.77518300
1479394.24;4939715.94;2066.45174000
1473844.25;4940066;916.90242780
1430768.85;4896066.36;41.00000000
1426793.86;4896128.41;111.00000000
1429218.85;4895991.4;52.00000000
1429355.87;4898791.37;62.00000000
1430830.87;4898416.37;27.00000000
1437168.88;4899016.33;11.00000000
1435830.87;4898346.32;26.00000000
1433918.88;4899016.34;15.00000000
1428143.87;4897866.39;127.00000000
1433695;4901555;100.00000000
1433251;4902737;90.00000000
1437032;4906970;62.00000000
1429220;4907189;114.00000000
1434507;4907632;82.00000000
1442325;4908225;38.00000000
1432090;4910410;103.00000000
1433888;4911808;113.00000000
1435363;4911136;250.00000000
1436520;4909623;85.00000000
1439216;4910402;326.00000000
1440459;4910954;300.00000000
1442774;4910341;55.00000000
1446072;4909922;89.00000000
1447530;4911183;713.00000000
1432385;4912709;382.00000000
1434170;4912177;260.00000000
1435537;4912233;153.00000000
1437529;4912036;314.00000000
1439931;4913543;288.00000000
1441907;4913354;405.00000000
1443588;4912339;232.00000000
1443438;4913358;205.00000000
1445513;4913530;222.00000000
1447129;4913311;339.00000000
1449742;4914175;568.00000000
1434339;4915821;314.00000000
1435440;4915220;234.00000000
1437832;4915376;328.00000000
1440047;4916691;443.00000000
1441582;4914474;308.00000000
1443820;4916471;385.00000000
1445250;4916694;87.00000000
1447946;4914608;202.00000000
1448530;4914550;328.00000000
1437129;4917404;345.00000000
1439910;4919138;287.00000000
1442207;4917490;262.00000000
1443085;4918756;344.00000000
1444926;4918798;729.00000000
1448120;4919116;522.00000000
1437676;4921583;578.00000000
1439423;4919569;282.00000000
1442188;4920949;343.00000000
1443236;4920554;489.00000000
1445393;4920715;494.00000000
1448043;4921392;1090.00000000
1437477;4923889;789.00000000
1440062;4923601;610.00000000
1441823;4922683;465.00000000
1443514;4922925;456.00000000
1444626;4923415;417.00000000
1441793;4924449;519.00000000
1443555;4925509;300.00000000
1445174;4925657;291.00000000
1448345;4925218;907.00000000
1439759;4928015;600.00000000
1441784;4927833;565.00000000
1443163;4926990;368.00000000
1444736;4927053;358.00000000
1428021;4900574;62.00000000
1435902;4902866;49.00000000
1429671;4890254;47.00000000
1430266;4890876;75.00000000
1430003;4893794;52.00000000
1430375;4892567;75.00000000
1433157;4895577;44.00000000
1426022;4900053;67.00000000
1428634;4901853;49.00000000
1430285;4900903;58.00000000
1436120;4901514;43.00000000
1437771;4900656;27.00000000
1438559;4901607;25.00000000
1440906;4900185;28.00000000
1427895;4903462;46.00000000
1430225;4903523;21.00000000
1430369;4903267;60.00000000
1436582;4903811;52.00000000
1439003;4902969;43.00000000
1440919;4904115;37.00000000
1443938;4903626;29.00000000
1444566;4902099;18.00000000
1426097;4905429;110.00000000
1426727;4905719;58.00000000
1430119;4905598;46.00000000
1431162;4906925;54.00000000
1432674;4906320;44.00000000
1436034;4905322;87.00000000
1439712;4904543;99.00000000
1441614;4906240;36.00000000
1444057;4904640;55.00000000
1445279;4906558;96.00000000
1431132;4907288;58.00000000
1433860;4907304;74.00000000
1436721;4908815;70.00000000
1438671;4909007;256.00000000
1445712;4907374;64.00000000
1442825;4908277;45.00000000
1447099;4908644;110.00000000
1430768.85;4896066.36;10.00000000
1437168.88;4899016.33;6.20000000
1452468.97;4910541.17;143.00000000
1453318.99;4912191.19;404.00000000
1455603.99;4910371.16;116.00000000
1453843.97;4909616.17;108.00000000
1449918.98;4909941.2;59.00000000
1452169;4912329.2;285.00000000
1457471.96;4909672.15;140.00000000
1465819.12;4926728.09;1180.00000000
1469944.09;4923616.05;1450.00000000
1418743.67;4874616.48;106.00000000
1428993.68;4875946.38;86.00000000
1434593.69;4876416.35;79.00000000
1420318.65;4872716.46;88.00000000
1421080.68;4875829.45;81.00000000
1435068.71;4878216.34;85.00000000
1422893.71;4878704.43;73.00000000
1427468.69;4875816.41;76.00000000
1433493.71;4878116.34;91.00000000
1431618.74;4881791.37;44.00000000
1425718.77;4884491.41;64.00000000
1426993.71;4878116.41;90.00000000
1424918.72;4881629.41;71.00000000
1422593.68;4875916.43;70.00000000
1433118.72;4880229.34;45.00000000
1431793.7;4877466.38;75.00000000
1430128.69;4877603.39;73.00000000
1435218.75;4883441.33;41.00000000
1422133.67;4873286.43;83.00000000
1431831.67;4873341.37;99.00000000
1435243.71;4880016.33;80.00000000
1421131.76;4884491.44;69.00000000
1436855.7;4877541.32;65.00000000
1424993.7;4878416.43;84.00000000
1424407.69;4875396.42;85.00000000
1429455.72;4880741.37;66.00000000
1427631.72;4881166.39;37.00000000
1429905.76;4883941.38;42.00000000
1429493.69;4878291.37;76.00000000
1423443.75;4884596.42;50.00000000
1430218.73;4882601.38;36.00000000
1423518.72;4880454.45;80.00000000
1433743.74;4883679.34;35.00000000
1437293.73;4881866.3;77.00000000
1438656.84;4895303.3;68.00000000
1445593.83;4891786.26;83.00000000
1435218.77;4885656.32;70.00000000
1426193.75;4884979.42;35.00000000
1440693.83;4893628.28;43.00000000
1452693.84;4894954.18;32.00000000
1446818.81;4891091.23;50.00000000
1430443.77;4886441.38;18.00000000
1438258.84;4893906.31;31.00000000
1439226.79;4888216.3;31.00000000
1435805.86;4894804.32;38.00000000
1437131.78;4885979.3;30.00000000
1448481.85;4895641.24;47.00000000
1448031.83;4892666.23;59.00000000
1451123.82;4892291.21;35.00000000
1420068.78;4887466.46;65.00000000
1429368.76;4884916.38;50.00000000
1441493.8;4888591.27;38.00000000
1437743.84;4895041.31;48.00000000
1442943.85;4895691.27;43.00000000
1421618.78;4887116.46;50.00000000
1434055.82;4890529.35;32.00000000
1441180.87;4896566.28;41.00000000
1441443.82;4891603.28;34.00000000
1437868.83;4891954.3;27.00000000
1437768.8;4890046.31;37.00000000
1421531.76;4884991.44;56.00000000
1444706.82;4892753.27;38.00000000
1439318.83;4891216.29;41.00000000
1445973.84;4895316.24;64.00000000
1437368.79;4887316.32;32.00000000
1432743.79;4887616.35;16.00000000
1434093.82;4892491.33;25.00000000
1451518.86;4896546.19;27.00000000
1442530.81;4889891.27;29.00000000
1428918.79;4887741.38;70.00000000
1443468.81;4891791.27;44.00000000
1430468.81;4889128.37;49.00000000
1448533.83;4892866.21;39.00000000
1426530.81;4889654.42;34.00000000
1427768.78;4888091.39;47.00000000
1432718.78;4886291.35;51.00000000
1438593.77;4885203.32;28.00000000
1422668.77;4886716.45;48.00000000
1424868.76;4884691.41;37.00000000
1432568.81;4889926.36;86.00000000
1422518.75;4884903.45;64.00000000
1447668.85;4895291.22;75.00000000
1434668.78;4887566.34;15.00000000
1448178.93;4903741.22;64.00000000
1448493.87;4898503.22;33.00000000
1458168.94;4906241.13;127.00000000
1455480.93;4905691.15;111.00000000
1449418.93;4905554.23;97.00000000
1453255.91;4903678.17;100.00000000
1452368.88;4897803.18;39.00000000
1450555.93;4905078.22;91.00000000
1440906.87;4897691.29;47.00000000
1439718.87;4897196.29;19.00000000
1445368.88;4900441.25;111.00000000
1445368.88;4900441.25;102.00000000
1447618.88;4899441.25;47.00000000
1449855.96;4908403.2;170.00000000
1453168.97;4908404.18;189.00000000
1455718.97;4908366.16;142.00000000
1447830.88;4898429.22;62.00000000
1452843.9;4900916.19;217.00000000
1454625.9;4901678.16;262.00000000
1449543.92;4902653.21;55.00000000
1445843.88;4897116.24;68.00000000
1457618.95;4907566.15;108.00000000
1449856.9;4900016.22;44.00000000
1450780.93;4903279.19;97.00000000
1450880.95;4907779.21;123.00000000
1453055.94;4905666.2;127.00000000
1450668.86;4897786.22;28.00000000
1451293.9;4900079.19;55.00000000
1442631.89;4898316.29;86.00000000
1454656.93;4903866.17;113.00000000
1405130;4876573;88.00000000
1401714;4879199;99.00000000
1403389;4879925;85.00000000
1405038;4879765;95.00000000
1407373;4879914;86.00000000
1409046;4879219;83.00000000
1410887;4878653;76.00000000
1403771;4881923;119.00000000
1404490;4881974;123.00000000
1406594;4881435;115.00000000
1409434;4881065;99.00000000
1410270;4880953;195.00000000
1411062;4883728;118.00000000
1437650;4883499;39.00000000
1420554;4888683;33.00000000
1426118;4893981;75.00000000
1426492;4893440;43.00000000
1436034;4894325;28.00000000
1443147;4892264;28.00000000
1425716;4899150;90.00000000
1407263;4872372;83.00000000
1406976;4873040;64.00000000
1409314;4874620;99.00000000
1412869;4875119;84.00000000
1414834;4874399;97.00000000
1432441;4873781;87.00000000
1407030;4876025;94.00000000
1409759;4875380;80.00000000
1411131;4875732;81.00000000
1413844;4876457;91.00000000
1414517;4877294;64.00000000
1416745;4877409;72.00000000
1418539;4877468;107.00000000
1413198;4878605;105.00000000
1415115;4878803;93.00000000
1416515;4879151;84.00000000
1418361;4878580;28.00000000
1421667;4878567;94.00000000
1412919;4881178;109.00000000
1414208;4881536;98.00000000
1416648;4880643;78.00000000
1419573;4882094;83.00000000
1420653;4882025;87.00000000
1413115;4882642;87.00000000
1417441;4883475;70.00000000
1419296;4882816;77.00000000
1438193;4883382;48.00000000
1420108;4887442;60.00000000
1424945;4891784;32.00000000
1426562;4890035;55.00000000
1436019;4891185;65.00000000
1436850;4894470;25.00000000
1425824;4895840;106.00000000
1442942;4899803;25.00000000
1448283;4904933;100.00000000
1457219.12;4926453.15;511.40000000
1434593.69;4876416.35;18.70000000
1426768.76;4883766.41;14.40000000
1426993.71;4878116.41;22.50000000
1433118.72;4880229.34;12.60000000
1433118.72;4880229.34;11.00000000
1430128.69;4877603.39;25.10000000
1433668.7;4877116.33;22.30000000
1424993.7;4878416.43;24.50000000
1429493.69;4878291.37;22.10000000
1446818.81;4891091.23;13.30000000
1439226.79;4888216.3;9.30000000
1435805.86;4894804.32;10.80000000
1437131.78;4885979.3;7.10000000
1448031.83;4892666.23;17.50000000
1420068.78;4887466.46;18.30000000
1461119.1;4924416.11;305.30000000
1444706.82;4892753.27;10.30000000
1432743.79;4887616.35;3.10000000
1451518.86;4896546.19;5.90000000
1430468.81;4889128.37;14.50000000
1438593.77;4885203.32;8.80000000
1440906.87;4897691.29;7.00000000
1445368.88;4900441.25;32.40000000
1451293.9;4900079.19;14.50000000
1451293.9;4900079.19;17.30000000
1433668.7;4877116.33;71.00000000
1388647;4849862;61.00000000
1391018;4849718;80.00000000
1392245;4850030;57.00000000
1394832;4850041;79.00000000
1398567;4850612;69.00000000
1388565;4851351;45.00000000
1390130;4852959;42.00000000
1392910;4851881;77.00000000
1394457;4852339;82.00000000
1396086;4851768;48.00000000
1397768;4852860;109.00000000
1399912;4852404;102.00000000
1403175;4852641;119.00000000
1406490;4852631;71.00000000
1381516;4854030;38.00000000
1388042;4855498;123.00000000
1390140;4854764;89.00000000
1392426;4855279;98.00000000
1395091;4855262;100.00000000
1396858;4854892;69.00000000
1397944;4854114;59.00000000
1400565;4854228;85.00000000
1402890;4854356;103.00000000
1405155;4854231;62.00000000
1406554;4853618;69.00000000
1408326;4854985;95.00000000
1410612;4855434;96.00000000
1413147;4855421;72.00000000
1383107;4857726;28.00000000
1389457;4857033;43.00000000
1389959;4856393;75.00000000
1393173;4856876;59.00000000
1394872;4856644;42.00000000
1397107;4856076;57.00000000
1397962;4857228;68.00000000
1401324;4856258;64.00000000
1401755;4856880;66.00000000
1404515;4855765;51.00000000
1406456;4856945;49.00000000
1408285;4856238;65.00000000
1410652;4857096;72.00000000
1413318;4855977;77.00000000
1414568;4856653;81.00000000
1416177;4857043;71.00000000
1387748;4860046;64.00000000
1390488;4859147;48.00000000
1392606;4860114;78.00000000
1394826;4859501;74.00000000
1396753;4858839;73.00000000
1398694;4859252;55.00000000
1400956;4860187;78.00000000
1402444;4859241;43.00000000
1405323;4858630;54.00000000
1407319;4859125;39.00000000
1408825;4859361;69.00000000
1411095;4860246;74.00000000
1412772;4859915;82.00000000
1415303;4858681;99.00000000
1416472;4858155;69.00000000
1384907;4862685;70.00000000
1391570;4861548;88.00000000
1391569;4861550;74.00000000
1395561;4861074;73.00000000
1397468;4861759;61.00000000
1398419;4861602;86.00000000
1400750;4860829;60.00000000
1403180;4862962;94.00000000
1388966;4863442;71.00000000
1390263;4864646;106.00000000
1392598;4865079;112.00000000
1394765;4863764;89.00000000
1397248;4863761;82.00000000
1398214;4863224;76.00000000
1401027;4863826;82.00000000
1402749;4863831;97.00000000
1405066;4863850;66.00000000
1422486;4863394;103.00000000
1386888;4866611;107.00000000
1388117;4867050;110.00000000
1390586;4866069;79.00000000
1393294;4866072;79.00000000
1394566;4867573;44.00000000
1396587;4866394;86.00000000
1397916;4866092;81.00000000
1400710;4865971;68.00000000
1403416;4867636;95.00000000
1404465;4867461;68.00000000
1389262;4868276;72.00000000
1390555;4868968;57.00000000
1393599;4868283;78.00000000
1394436;4868298;80.00000000
1397393;4868981;87.00000000
1399165;4868939;86.00000000
1401854;4868478;92.00000000
1407261;4867997;75.00000000
1393473;4872094;65.00000000
1394476;4871755;101.00000000
1396371;4871563;95.00000000
1399398;4871426;97.00000000
1405126;4870795;71.00000000
1393430;4874760;66.00000000
1394761;4874969;76.00000000
1397169;4873559;80.00000000
1398693;4873163;82.00000000
1401046;4873237;82.00000000
1402338;4873845;90.00000000
1405055;4872952;78.00000000
1428351;4872556;65.00000000
1393454;4875634;85.00000000
1395146;4875943;81.00000000
1397569;4877581;77.00000000
1398172;4876394;106.00000000
1400385;4875566;99.00000000
1396532;4878651;76.00000000
1399357;4879815;92.00000000
1397750;4880588;102.00000000
1399309;4881358;76.00000000
1401345;4881575;87.00000000
1401643;4883227;103.00000000
1406869;4883436;124.00000000
1409797;4883810;88.00000000
1397929;4887022;78.00000000
1399109;4886818;83.00000000
1400758;4886405;72.00000000
1403684;4887407;26.00000000
1405073;4886440;51.00000000
1407548;4885820;43.00000000
1409385;4885635;37.00000000
1411439;4885937;43.00000000
1399465;4887984;40.00000000
1402858;4888760;38.00000000
1401357;4888674;20.00000000
1424464;4889170;52.00000000
1383442;4855426;42.00000000
1382751;4849883;87.00000000
1384329;4850440;75.00000000
1387538;4850158;49.00000000
1382122;4852967;88.00000000
1383334;4851907;42.00000000
1384376;4850875;64.00000000
1385744;4853094;32.00000000
1383964;4853534;44.00000000
1385826;4854636;48.00000000
1381051;4857942;45.00000000
1384743;4857920;46.00000000
1385902;4856196;59.00000000
1381262;4858468;43.00000000
1381941;4859589;94.00000000
1383974;4858625;43.00000000
1387392;4859897;88.00000000
1419257;4859499;48.00000000
1420595;4858314;66.00000000
1422571;4860183;79.00000000
1382373;4860660;50.00000000
1387304;4860790;39.00000000
1387729;4860840;74.00000000
1405372;4862374;77.00000000
1406766;4861428;57.00000000
1407814;4861435;54.00000000
1413020;4860926;99.00000000
1411446;4860588;90.00000000
1414779;4861712;30.00000000
1417502;4860275;71.00000000
1418125;4861670;80.00000000
1421833;4861576;61.00000000
1421970;4861810;72.00000000
1425678;4862316;64.00000000
1425906;4862092;45.00000000
1385099;4863392;52.00000000
1385547;4865294;41.00000000
1407309;4863274;85.00000000
1407860;4864406;18.00000000
1411607;4865256;78.00000000
1413172;4864799;88.00000000
1415069;4864025;63.00000000
1417308;4863730;92.00000000
1418811;4863244;57.00000000
1421232;4864122;74.00000000
1425185;4864352;62.00000000
1426145;4862709;53.00000000
1428287;4863717;52.00000000
1406301;4866320;73.00000000
1409005;4867384;80.00000000
1410874;4867550;101.00000000
1412269;4865920;50.00000000
1414600;4866805;67.00000000
1416494;4865428;62.00000000
1418602;4867473;66.00000000
1421052;4865403;56.00000000
1423604;4867242;97.00000000
1423989;4866073;53.00000000
1427780;4866642;39.00000000
1427992;4865523;58.00000000
1431248;4866823;67.00000000
1403081;4869350;87.00000000
1405358;4869575;80.00000000
1408449;4869168;86.00000000
1410550;4868142;73.00000000
1413104;4868668;103.00000000
1414748;4869318;103.00000000
1417392;4869803;103.00000000
1418172;4869149;66.00000000
1421136;4867775;103.00000000
1422652;4867836;36.00000000
1425570;4869496;108.00000000
1426444;4868446;67.00000000
1429199;4869628;95.00000000
1430906;4869625;94.00000000
1432633;4867256;45.00000000
1400992;4870799;90.00000000
1403336;4871886;87.00000000
1409292;4871230;75.00000000
1410087;4872140;86.00000000
1413553;4871933;83.00000000
1414108;4871538;92.00000000
1416204;4871885;10.00000000
1419254;4870499;66.00000000
1421260;4872070;92.00000000
1422710;4871906;81.00000000
1426486;4871692;84.00000000
1430017;4870476;65.00000000
1432310;4870502;74.00000000
1411214;4872763;105.00000000
1417206;4874279;70.00000000
1403863;4875446;97.00000000
1397654;4885035;85.00000000
1399783;4883549;112.00000000
1403998;4884796;55.00000000
1404601;4885086;102.00000000
1414199;4884939;124.00000000
1416670;4884978;73.00000000
1425286;4889509;68.00000000
1428743.65;4872416.38;20.10000000
1425755.65;4872516.41;23.00000000
1427018.66;4872754.42;19.30000000
