cat;easting;northing;symbol;na;mg;k;ca;al;fe;ti;p;mn;ba;sr;s;li;be;b;bi;sc;v;cr;co;ni;cu;zn;ga;ge;arsenico;rb;y;zr;nb;mo;ag;indium;sn;sb;te;cs;cd;se;w;au;tl;pb;u;hg;hf;ta;th;la;ce;pr;nd;sm;eu;gd;tb;dy;ho;er;tm;yb;lu
-;m;m;-;;;;;;;;;;;;;;;;;;;;;;;;;;;;;;;;;;;;;;;;;;;;;;;;;;;;;;;;;;;;;; 
V;m;m;V;R;R;R;R;R;R;R;R;R;R;R;R;R;R;R;R;R;R;R;R;R;R;R;R;R;R;R;R;R;R;R;R;R;R;R;R;R;R;R;R;R;R;R;R;R;R;R;R;R;R;R;R;R;R;R;R;R;R;R;R;R;R
;;;;;;;;;;;;;;;;;;;;;;;;;;;;;;;;;;;;;;;;;;;;;;;;;;;;;;;;;;;;;;;;; 
;;;;;;;;;;;;;;;;;;;;;;;;;;;;;;;;;;;;;;;;;;;;;;;;;;;;;;;;;;;;;;;;; 
;;;;;;;;;;;;;;;;;;;;;;;;;;;;;;;;;;;;;;;;;;;;;;;;;;;;;;;;;;;;;;;;; 
1;352161.75;4231322.52;S1;410;5200;8500;7900;51500;48100;540;990;859;133;29.3;5000;59.4;3.3;29;0.92;9.3;100;82;15.7;42.9;46.8;99.9;15.2;0.05;20.1;75.8;25.7;12.7;4.6;1.66;0.2;0.12;4.11;0.62;0.28;6.33;1.74;0.05;0.4;7.5;1.73;40.7;2;140;0.3;0.025;9.1;39.3;79.3;9.8;38.5;7;1.5;6.7;0.9;5.1;0.9;2.5;0.3;2.1;0.3
2;441931.18;4203256.71;S2;420;10800;2400;83700;10500;17000;170;700;422;105;139;5000;9.5;0.5;16;0.15;2.2;26;19;6.1;14.8;32.8;97.7;3.1;0.05;4.9;14.3;6.63;1.2;1;1.47;0.055;0.03;2.23;1.13;0.04;0.9;0.18;0.4;0.4;3.8;0.21;41.3;0.5;80;0.05;0.025;1.6;9;19.6;2.3;9.17;2;0.4;1.6;0.2;1.3;0.2;0.6;0.05;0.5;0.05
3;533816.55;4207848.9;S3;340;8800;2400;34200;17400;42200;110;910;904;73.9;92.5;5000;32.7;0.7;10;0.37;3;28;28;19.8;45.9;48.1;158;5.44;0.05;53.1;12.8;11.6;1.2;1;1.16;0.164;0.03;0.85;7.75;0.09;1.49;0.15;0.4;1;9.5;0.17;31.3;1;220;0.05;0.025;8.9;33.1;70.9;8.3;31.3;6.2;1.1;4.9;0.6;2.8;0.5;1.2;0.2;1.1;0.2
4;438022.98;4153279.42;S4;320;6600;3200;104000;18100;22400;190;740;529;74.1;403;5000;14.7;0.9;30;0.14;4;46;36;6.1;17.7;14.9;51.9;5.99;0.05;8.4;27.5;10.4;2;0.7;1;0.049;0.03;0.9;0.24;0.05;1.79;0.16;0.3;0.3;3.6;0.22;11.5;0.8;60;0.05;0.025;2.5;12.7;28.7;3.5;14.5;3;0.6;2.8;0.4;2.2;0.4;1;0.1;0.7;0.05
5;427235.39;4149505.65;S5;250;6100;2700;97900;13600;22000;90;480;300;53.7;281;5000;12;0.7;27;0.09;3.7;45;29;4.8;12.9;8.3;42;4.72;0.05;14.7;17.9;7.91;1;0.3;0.63;0.028;0.01;0.76;0.18;0.01;1.33;0.07;0.4;0.3;1.9;0.11;8.1;0.9;40;0.05;0.025;3.1;9.8;22.7;2.9;12.1;2.6;0.5;2.4;0.3;1.8;0.3;0.8;0.1;0.5;0.05
6;322905.44;4162212.13;S7;160;3400;5400;6800;22400;27600;210;510;458;59;20.8;5000;15.5;1.1;21;0.2;4.5;54;38;9.4;21.5;39.7;59.8;7.03;0.05;15;33.8;12.3;2.2;1.2;1.07;0.076;0.03;1.24;0.4;0.11;2.02;0.25;0.2;0.3;3.3;0.28;17;0.5;90;0.05;0.025;3.7;20.1;42.1;5.1;20.9;4;0.8;3.3;0.5;2.4;0.4;1.2;0.1;0.9;0.1
7;318677.65;4168430.53;S8;290;4600;5100;134000;14800;21700;140;1650;376;78.4;237;5000;11;0.8;29;0.12;2.3;45;27;5.9;14.7;25.2;99.9;4.45;0.05;25.2;22.9;9.61;3;1.3;1.41;0.063;0.03;1.84;0.51;0.05;1.5;0.29;0.4;0.4;2;0.19;21.8;0.6;90;0.1;0.025;1.1;11.6;24.5;3.3;13;2.8;0.6;2.4;0.3;1.9;0.3;0.9;0.1;0.7;0.1
8;411241.81;4136733.55;S9;200;4900;6400;31200;25200;34300;220;2180;1300;174;174;5000;15.6;1.3;26;0.18;5.7;62;46;14;30.5;40.9;106;7.49;0.05;18.1;36.8;16.1;3.5;0.9;1.29;0.121;0.04;1.5;0.38;0.06;2.21;0.31;0.3;0.3;2.5;0.29;25.7;0.8;100;0.2;0.025;4.1;20.8;49.3;5.7;23.2;5.2;1.1;4.5;0.6;3.5;0.6;1.6;0.2;1.2;0.2
9;296621.51;4220778.18;S10;430;8600;9700;30400;36700;38500;410;2010;905;147;70;5000;35.8;2.1;35;0.4;6.6;64;58;13.9;32.2;28.4;117;11.1;0.05;15.8;54.4;22;4.4;3.1;1.15;0.149;0.06;2.9;0.52;0.09;3.55;0.94;0.1;0.9;3.9;0.74;111;0.6;110;0.2;0.025;4.3;28.6;63.1;7.3;28.9;6.1;1.2;5.5;0.7;4;0.8;2.2;0.3;1.7;0.2
10;509585.21;4172546.57;S12;7800;12300;4700;23300;38400;52600;4650;1860;930;267;417;5000;9.8;1.3;10;0.19;7;149;14;21.9;12.7;130;95.9;9.85;0.05;2.5;17.5;16.4;19.6;6.8;2.1;0.174;0.06;1.66;0.32;0.11;0.84;0.24;0.3;0.3;4.1;0.28;24.8;2.2;60;0.2;0.025;7.6;48.4;96.6;10.5;38.7;6.6;1.6;5.5;0.7;3.4;0.6;1.7;0.2;1.4;0.2
11;508513.74;4179604.08;S13;4480;8900;3000;16200;23900;43500;2830;2130;836;119;224;5000;8.3;1.6;10;0.22;3.2;102;10;17.9;10.6;126;116;7.56;0.05;3.1;15.7;12.4;12.3;7.8;1.42;0.263;0.04;2.59;0.31;0.08;0.99;0.36;0.6;0.4;3.4;0.31;35.3;1.9;60;0.2;0.025;6.4;46.8;88.8;9.4;33.5;4.7;1.2;4.4;0.5;2.6;0.4;1.2;0.2;1;0.1
12;484442.16;4167572.72;S14;2360;15100;2900;54000;16800;32800;1450;3330;650;170;441;5000;13.8;0.7;28;0.44;3.1;57;26;12.7;22.9;101;219;4.82;0.05;3.6;24.9;9.53;3.6;4.3;1.29;0.39;0.02;11.4;1.12;0.03;1.24;0.53;0.4;0.3;19.1;0.12;79.6;0.9;370;0.05;0.025;3.2;25.6;50.9;5.6;20.7;3.5;0.8;2.9;0.4;2;0.3;0.9;0.1;0.8;0.05
13;488827.39;4187021.94;S15;1000;4400;3300;8000;23900;33500;930;850;714;181;97.1;5000;14;1.1;15;0.15;5.1;70;28;18.5;17.6;31.6;60.9;7.12;0.05;4.4;20.6;9.92;7.7;3.5;1.36;0.107;0.04;1.16;0.22;0.1;1.17;0.21;0.4;0.2;3.8;0.25;14.9;0.7;110;0.1;0.025;4.3;20;51.2;5;20.3;3.9;1;3.6;0.5;2.3;0.4;1;0.1;0.8;0.1
14;383630.69;4150096.63;S16;190;2300;900;163000;3100;4900;50;280;142;39.9;2120;80000;4.4;0.2;14;0.03;0.7;10;7;1.8;4.5;15.2;29;1.06;0.05;2.5;4.6;2.76;1.3;0.3;3.75;0.028;0.01;2.19;0.28;0.04;0.41;0.13;0.4;0.3;1.7;0.06;14.9;0.7;140;0.05;0.025;0.5;2.4;4.66;0.6;2.45;0.4;0.1;0.6;0.05;0.5;0.05;0.2;0.05;0.2;0.05
15;304716.41;4223687.01;S17;380;4300;7200;13400;35300;38300;340;670;1120;99.9;101;5000;39.2;2.2;25;0.44;7.7;61;59;17.4;41;44.1;97;11.1;0.05;9.8;54.7;28.7;7.9;2.9;1.17;0.111;0.07;1.99;0.48;0.19;3.33;1.41;0.05;0.2;3.1;0.74;29.6;0.5;90;0.2;0.025;5.8;36.8;65.2;9.3;37.5;6.9;1.5;6.9;0.9;5.4;1;2.6;0.4;2.1;0.3
16;423996.12;4205478.66;S18;220;3800;3500;14000;20100;26500;80;600;437;208;47.8;5000;13.7;1;16;0.23;4.3;35;27;9.7;17;25.7;67.2;5.67;0.05;7.4;24.9;9.1;2.7;0.7;1.24;0.079;0.04;3.43;0.36;0.07;1.46;0.14;0.3;0.2;3.7;0.46;32.1;0.5;100;0.05;0.025;3.7;12.7;29.2;3.4;13.7;3.1;0.7;2.9;0.4;2.1;0.3;0.9;0.1;0.7;0.05
17;423138.6;4207997.04;S19;270;11200;3200;32100;14800;23900;40;500;435;224;56.3;5000;10.6;0.9;12;0.19;4.1;28;27;9.8;20.5;36.8;188;4.22;0.05;4.8;18.4;7.2;1.8;0.6;1.74;0.091;0.04;1.75;0.92;0.04;0.8;0.28;0.6;0.2;2.6;0.24;36.1;0.6;100;0.05;0.025;2.8;7.2;16.8;2.1;9.21;2.3;0.6;2.7;0.4;1.8;0.3;0.7;0.05;0.5;0.05
18;505944.79;4219601.25;S20;270;6800;5100;11800;15500;26200;700;990;502;86.6;42.8;5000;23.5;0.9;16;0.21;5;42;30;9;20.9;33.8;111;6.64;0.05;3.7;30.6;12.8;1.8;2.4;0.87;0.08;0.03;1.89;0.36;0.05;1.85;0.15;0.05;0.2;2.7;0.3;23.7;1.1;70;0.05;0.025;7.8;24.4;53.9;6.1;24.4;4.6;0.7;4.4;0.5;3;0.5;1.4;0.2;1;0.1
19;470720.7;4167218.82;S21;480;5600;4700;19900;23800;37700;60;730;303;112;120;5000;15.2;1.3;29;0.18;6.7;55;43;11.3;24.3;23.1;81.7;8.54;0.05;6.4;23.2;10.2;3;0.4;1.18;0.157;0.05;1.49;0.18;0.07;1.25;0.19;0.4;0.2;2.5;0.18;14.6;0.8;120;0.05;0.025;6.1;20.1;48.7;5.7;22.7;5.1;1;3.9;0.5;2.6;0.4;1.1;0.1;0.8;0.1
20;431421.61;4207368.68;S22;170;2000;2000;3100;13100;20300;110;280;268;57.2;32.4;5000;6.7;0.6;10;0.21;3.1;32;23;4.7;9.9;14.6;30.1;4.7;0.05;4.5;17;4.82;1.8;0.9;0.88;0.167;0.03;1.33;0.18;0.06;0.95;0.04;0.5;0.2;3.4;0.3;17.4;0.8;100;0.05;0.025;4.4;14.4;31.3;3.6;13.5;2.4;0.5;2.2;0.2;1.3;0.2;0.5;0.05;0.3;0.05
21;366649.27;4198646.84;S23;220;5200;6700;48800;21100;26300;110;580;1840;107;74;5000;10.6;1.2;22;0.22;5.4;34;30;16.6;46.5;62.9;86;6.89;0.05;3.9;31.3;16.7;1.1;0.6;0.6;0.066;0.05;1.2;0.21;0.13;1.41;0.29;0.1;0.2;7.3;0.29;18.8;0.2;120;0.05;0.025;2.6;16.6;33.3;5.1;21.3;4.6;1.1;4.2;0.6;3.3;0.5;1.4;0.2;1;0.1
22;390339.61;4159183.56;S24;410;4200;1500;224000;5100;5800;50;300;207;71.6;4050;10000;7.9;0.3;18;0.05;1.1;12;9;2.7;6.7;10.2;36.2;1.53;0.05;2.6;7;2.26;1.9;0.2;4.64;0.029;0.01;0.4;0.34;0.04;0.63;0.08;0.5;0.2;1.9;0.12;13.7;0.9;40;0.05;0.025;0.8;4.5;9.87;1.1;4.08;0.8;0.2;0.7;0.05;0.5;0.05;0.2;0.05;0.2;0.05
23;356977.74;4203029.41;S25;230;7000;7100;31000;30100;32400;60;310;1440;187;269;5000;12.3;1.6;24;0.27;7.6;46;44;20.1;54;69.4;75.5;9.4;0.05;2.2;38.5;13.1;2.2;0.3;0.99;0.049;0.05;1.41;0.17;0.11;1.68;0.23;0.05;0.1;8;0.36;15.3;0.2;90;0.1;0.025;4.3;10.2;24;3.4;15.9;4.3;1;4.2;0.6;2.7;0.5;1.1;0.1;0.7;0.1
24;473666.73;4207706.72;S26;280;5100;5900;31800;22200;30700;100;470;1120;156;53.7;5000;18.9;1;19;0.27;5.3;38;30;11.8;32.4;38.1;68.4;6.21;0.05;6.2;29.8;11;1.7;0.9;0.82;0.054;0.04;1.26;0.5;0.09;1.29;0.14;0.4;0.2;5;0.46;22;0.3;90;0.05;0.025;2.9;10;21.9;2.9;12.7;3.1;0.7;3.1;0.4;2.3;0.4;1;0.1;0.7;0.05
25;435362.79;4115644.83;S27;500;10300;5900;50600;20500;33500;90;490;1090;89.5;1330;5000;21;1.2;43;0.19;6.3;49;41;14.5;31.4;33.8;69.8;7.13;0.05;6.2;24.7;8.41;3.7;0.2;4.23;0.102;0.04;1.1;0.87;0.05;1.35;0.29;1.6;0.2;3.2;0.23;14.8;2;90;0.1;0.025;6.1;15.2;36.6;4;15.8;3.2;0.7;2.8;0.4;1.9;0.3;1;0.1;0.7;0.1
26;533651.89;4205161.01;S28;240;9300;1400;6900;18800;45600;90;880;499;87.1;46.4;5000;58.8;0.8;6;0.29;3.4;25;29;19.4;42.4;32.8;103;6.12;0.05;10.5;9.2;6.45;1;0.4;0.55;0.027;0.02;0.77;0.98;0.05;1.39;0.2;0.2;0.1;3.1;0.08;28.3;0.6;50;0.05;0.025;10.1;26.7;57.6;6.7;26.2;5.2;1;4;0.4;1.8;0.3;0.7;0.05;0.4;0.05
27;463221.14;4211634.86;S29;250;16700;3200;83400;12800;18800;140;510;545;112;70.6;5000;14;0.7;20;0.16;3.3;31;25;7.7;23.1;24.7;90.4;4.21;0.05;3.5;17.8;5.72;1.3;0.8;1.02;0.052;0.01;1.06;0.39;0.06;1;0.25;0.4;0.2;3.7;0.18;26.1;0.4;90;0.05;0.025;2.4;7.4;17.3;2.1;9.04;2.1;0.4;1.9;0.3;1.4;0.2;0.6;0.05;0.4;0.05
28;341968.3;4211807.22;S30;230;6600;6300;27800;35500;41100;30;520;645;90.2;221;5000;27.2;1.8;25;0.24;8.4;46;50;17.1;36.1;28.9;68.8;12;0.05;4.1;37.7;15.2;2.5;0.4;0.4;0.043;0.05;1.62;0.15;0.1;1.77;0.28;0.1;0.2;2.5;0.34;17.2;0.4;80;0.1;0.025;5.8;14.7;37.1;5;22.8;4.4;1.1;4.6;0.7;3.5;0.6;1.5;0.2;1.1;0.1
29;462274.89;4178349.41;S31;2100;6900;5000;14000;25600;37000;670;880;469;137;167;5000;18;1.2;38;0.16;5.8;64;36;14.4;22.5;63.3;82.1;7.79;0.05;4.3;24;8.65;4.6;1.1;1.04;0.114;0.04;1.49;0.18;0.06;1.29;0.21;0.4;0.1;1.9;0.57;15.7;0.8;70;0.1;0.025;5.9;23.2;54.3;5.9;23.5;4.2;0.9;3.5;0.4;2.1;0.4;0.9;0.1;0.7;0.05
30;414612.89;4209430.24;S32;250;10400;3300;23900;19400;25900;480;370;642;166;37.4;5000;17.8;1.1;15;0.22;5.6;50;40;11.4;35.6;26.4;66;6.4;0.05;4.2;25;9.74;3;0.9;0.66;0.064;0.04;1.39;0.52;0.05;1.48;0.25;0.3;0.2;2.7;0.3;38.6;0.7;70;0.05;0.025;4;14.2;31.8;3.8;15.2;2.9;0.7;2.8;0.4;2.3;0.4;1;0.1;0.8;0.1
31;402848.15;4206127.18;S33;230;5800;4000;29200;20800;33600;20;450;756;186;119;5000;21.3;1.2;19;0.2;5.8;43;41;14.7;31.4;26.6;76.5;6.41;0.05;4.5;20.9;7.7;1.1;0.1;0.97;0.079;0.04;1.47;0.23;0.02;1.11;0.18;0.2;0.2;4.2;0.19;14.6;0.3;60;0.05;0.025;3.2;5.9;15.9;2.1;9.98;2.9;0.7;3;0.4;2.1;0.3;0.7;0.05;0.5;0.05
32;494737.74;4098386.94;S34;3050;7400;2400;15200;21200;39500;2670;2080;844;113;189;5000;11.3;2.2;10;0.18;3.4;86;8;15;8.1;76.8;97.2;6.49;0.05;3.4;15.2;14.1;21.3;14.3;1.26;0.277;0.05;1.47;0.44;0.07;1.34;0.23;0.5;0.3;1.1;0.24;19.8;2.4;70;0.3;0.025;7.2;51.9;105;10.4;38.2;6.6;1.3;4.9;0.6;3.2;0.5;1.5;0.2;1.2;0.2
33;500351.95;4140275.16;S35;320;7000;3200;107000;15600;23900;210;690;497;116;377;5000;14.2;0.8;26;0.12;4.3;39;33;9.5;25.6;21.7;56.5;4.96;0.05;4.9;17.6;7.93;2.1;0.8;1.17;0.066;0.03;0.85;0.25;0.04;1.04;0.15;0.4;0.1;1;0.13;9.4;0.9;40;0.05;0.025;3.4;12.3;28.2;3.3;13.9;3;0.6;2.6;0.3;1.8;0.3;0.7;0.05;0.5;0.05
34;498349.87;4133034.68;S36;1630;12800;2500;39300;23000;49100;1780;1200;518;68.8;151;5000;7.5;0.5;17;0.09;10.2;69;94;26.4;111;75.4;83.6;6.93;0.05;2.1;7;13.6;7.9;0.6;0.8;0.154;0.04;2.17;0.17;0.02;0.4;0.25;0.05;0.1;2.2;0.08;10.1;0.8;50;0.1;0.025;1.9;13;28.6;3.3;13.9;2.9;0.8;3.4;0.5;2.9;0.5;1.5;0.2;1.1;0.2
35;503943.99;4221489.37;S37;470;10800;5200;11600;27200;47000;1780;1290;806;124;71.4;5000;21.9;1.1;12;0.35;9.4;89;75;19.9;46.9;55.5;251;11.5;0.05;4.6;27.9;19.7;7.1;3.7;2.52;0.117;0.06;3.02;0.56;0.13;1.5;0.21;0.1;0.2;5.4;0.55;21.5;2.3;120;0.2;0.025;10.2;30.2;61;7.2;28.9;5.1;1.1;4.9;0.7;4.2;0.7;2.1;0.3;1.8;0.3
36;388051.01;4202935.66;S38;280;8400;5200;67700;23800;30100;150;1010;790;168;245;5000;21.6;1.2;28;0.24;5.8;54;45;12.4;34.3;39.4;88;7.82;0.05;6.2;30.3;12.5;1.4;0.7;1.2;0.104;0.03;1.91;0.48;0.09;1.86;0.34;0.3;0.2;5.5;0.34;21.1;0.6;90;0.05;0.025;3.7;13.1;30.9;3.8;16.9;3.5;0.8;3.4;0.5;2.5;0.5;1.2;0.1;0.8;0.1
37;357618.51;4139182.03;S39;580;6900;5200;79500;18800;27500;110;1290;340;100;745;5000;18.8;1;57;0.15;4.4;45;38;9.7;35.5;23.1;85.9;6.41;0.05;4.4;27.9;9.52;2.7;0.7;1.07;0.063;0.03;1.34;0.33;0.05;1.65;0.18;0.6;0.2;2.6;0.16;13.2;1.4;80;0.05;0.025;3.3;13.3;32.3;3.8;15.4;2.9;0.7;2.7;0.4;2.1;0.4;1;0.1;0.7;0.1
38;441760.51;4159341.6;S40;890;6700;4100;31800;27100;37600;1710;1040;806;211;162;5000;13.3;1.1;19;0.15;7.4;69;39;15.6;31.5;43.6;82.1;7.74;0.05;6;22.2;12.1;9.2;2.3;0.97;0.099;0.04;1.65;0.37;0.05;1.18;0.16;0.3;0.2;3.6;0.2;15.6;0.6;60;0.1;0.025;5.7;24.7;54.2;6;23.8;4.7;1;4.1;0.5;2.6;0.5;1.2;0.2;0.9;0.1
39;453674.24;4158804.19;S41;220;1800;1500;9600;8200;14800;180;360;169;75.6;67.1;5000;4.9;0.5;14;0.08;2.5;23;16;5.2;9.7;8.5;28.8;2.87;0.05;2.9;9.1;6.13;3.2;0.3;0.46;0.036;0.01;1.03;0.11;0.01;0.66;0.06;0.1;0.1;2;0.08;7.3;0.6;30;0.05;0.025;4.9;13.9;33.2;3.7;14.9;2.5;0.5;2.1;0.3;1.4;0.3;0.7;0.05;0.5;0.05
40;414412.65;4128379.38;S42;230;6500;4400;107000;18400;25000;100;710;593;121;2020;10000;16.9;0.9;40;0.14;4.5;41;35;9.7;26.8;27.5;72.9;5.94;0.05;4.5;22.4;7.91;1.9;0.4;2;0.337;0.03;1.78;0.41;0.04;1.27;0.12;0.6;0.1;3.3;0.18;18;1;60;0.05;0.025;3.3;9.4;24.1;2.9;12.5;2.3;0.6;2.4;0.3;1.8;0.3;0.8;0.1;0.6;0.05
41;451022.23;4207466.4;S43;170;2900;2900;6200;14700;23400;190;490;1420;129;66.9;5000;18.7;0.9;11;0.35;3;30;20;9.9;23;25.7;67.9;4.51;0.05;7.7;24.9;7.17;1.1;1.3;0.99;0.104;0.04;1.08;0.37;0.09;1.54;0.3;0.5;0.2;2.4;0.56;24.5;0.9;120;0.05;0.025;3.3;19.4;41.8;4.7;18.5;3;0.6;2.9;0.4;1.7;0.3;0.7;0.05;0.5;0.05
42;471665.12;4191969.22;S44;280;5700;4800;4000;25400;32700;70;640;2290;111;34.7;5000;26.4;1.3;15;0.39;5.3;45;41;16.9;39.9;49.1;89.1;7.75;0.05;3.7;33.2;7.63;1.5;1.2;0.99;0.134;0.04;2.61;0.24;0.08;1.5;0.19;0.5;0.2;2.8;0.54;27.5;0.6;140;0.05;0.025;2.7;8;21.1;2.4;10.6;2.9;0.7;2.7;0.4;1.9;0.3;0.7;0.05;0.5;0.05
43;447949.96;4202663.17;S45;210;2900;2600;2100;17500;24400;290;440;1470;82.7;22;5000;19;0.8;11;0.25;2.5;40;27;13;25.7;29.1;65.2;5.68;0.05;3.4;25.3;3.09;0.4;1.7;1.3;0.088;0.04;4.44;0.42;0.07;1.27;0.11;0.6;0.2;3.1;0.52;41.1;0.5;110;0.05;0.025;1.6;7.1;18.6;1.6;6.8;1.1;0.3;1.2;0.2;0.8;0.1;0.3;0.05;0.2;0.05
44;446556.92;4196670.92;S46;230;7700;4100;2200;29200;39600;1410;550;939;144;28.3;5000;40.8;1.4;8;0.55;5.9;67;38;13.5;25.1;38.5;95.3;10.7;0.05;8.4;48.1;8.54;2.8;3.9;1.2;0.179;0.08;3.2;0.23;0.1;3.18;0.1;0.3;0.3;1.8;0.77;26.9;1.7;80;0.05;0.025;7.6;31.1;68.3;7.1;26.7;4.7;0.8;3.8;0.5;2.3;0.4;0.9;0.1;0.6;0.1
45;287173.61;4213297.03;S47;180;4400;3600;7400;21300;33100;30;350;821;191;48.9;5000;12.2;1.3;22;0.19;5.9;50;41;13.7;24.1;19.7;76.9;7.42;0.05;6.2;21.2;6.99;2.8;0.4;0.94;0.166;0.06;6.21;0.22;0.01;0.87;0.15;0.9;0.1;5.7;0.23;20.8;0.7;100;0.05;0.025;5.2;13.8;37.6;4.3;18.3;3.9;0.8;3.1;0.4;1.8;0.3;0.8;0.05;0.6;0.05
46;483933.39;4106764.84;S48;380;4500;2800;25000;26800;29100;890;1110;578;104;148;5000;24.4;1.2;33;0.25;4.6;63;58;10.5;38.1;31.9;58.4;8.4;0.05;7.2;33.1;22.4;5;5.2;1.34;0.174;0.04;10;0.54;0.06;1.8;0.62;0.5;0.2;3.4;0.44;33.1;0.9;150;0.1;0.025;1.7;27.8;54;6.7;27.3;5.1;1.2;5.1;0.7;3.6;0.7;1.9;0.3;1.4;0.2
47;358609.14;4212656.6;S49;160;2000;1600;3500;10600;15200;160;580;1180;95.7;23;5000;9.8;0.5;8;0.19;1.5;23;17;5.9;9.8;9.7;31.4;4.24;0.05;2.3;30.4;3.89;0.1;0.9;0.77;0.064;0.01;3.09;0.21;0.04;1.23;0.11;0.3;0.2;1.6;0.28;25.1;0.6;80;0.05;0.025;1.1;14.3;31.2;3.3;12.6;2.4;0.3;1.6;0.2;0.9;0.1;0.4;0.05;0.2;0.05
48;529875.76;4211469.85;S50;420;1900;1800;6800;10800;26300;1440;430;989;104;29;5000;9;1.8;13;0.11;2.5;14;7;2.9;4.7;4.9;199;6.53;0.05;2.7;16.4;16.9;25.2;29.9;2.36;0.517;0.06;3.45;0.25;0.02;0.64;1.01;0.1;0.3;1.4;0.13;34.9;1.4;140;0.3;0.025;6.6;34.3;104;7.7;27.7;5.3;0.8;4.7;0.7;4.1;0.7;2.1;0.3;1.8;0.2
49;361662.18;4196407.14;S51;140;1800;1600;5400;9500;13100;130;660;677;88.1;27.2;5000;7.4;0.6;11;0.12;1.2;20;15;4.4;7.7;9.8;38;3.64;0.05;2.6;17.4;3.29;0.9;1.9;0.59;0.061;0.01;2.96;0.12;0.02;0.83;0.1;0.5;0.1;0.25;0.2;14.7;0.5;80;0.05;0.025;0.7;11.6;26.3;2.7;10;1.8;0.3;1.5;0.2;0.8;0.1;0.3;0.05;0.2;0.05
50;445490.51;4111076.84;S52;210;2500;3300;2600;18100;24500;430;220;649;70.3;21.7;5000;12.1;1;15;0.15;5.1;44;26;9.3;19.6;13.2;39.5;5.73;0.05;11.4;24.3;11.5;7.9;1.6;1.56;0.845;0.03;2.9;0.27;0.08;1.42;0.06;0.3;0.2;1.2;0.23;15.8;0.5;130;0.2;0.025;5.7;20;44.4;4.9;19.4;3.9;0.7;3.4;0.5;2.4;0.4;1.1;0.1;0.8;0.1
51;326833.57;4181116.85;S53;610;7300;5800;73400;21000;30700;100;1090;407;105;659;5000;20.3;1.1;51;0.16;4.7;48;42;10.7;32.8;20.5;83.3;7.22;0.05;5.2;31.3;10.1;2.6;0.8;1.11;0.075;0.04;1.04;0.28;0.05;1.7;0.25;0.7;0.1;1.5;0.18;14;1.4;90;0.05;0.025;3.5;14.6;34.1;3.9;16.7;3;0.7;2.9;0.4;2;0.4;0.9;0.1;0.8;0.1
52;348600.46;4219778.39;S54;110;1000;1000;2100;5200;9100;100;330;358;31.5;17.1;5000;4.6;0.2;7;0.09;0.8;14;10;2;4.4;5.6;20.8;2.48;0.05;1.9;12.9;1.84;0.3;0.4;0.48;0.052;0.01;1.1;0.12;0.03;0.5;0.1;0.3;0.1;2;0.11;11.5;0.4;130;0.05;0.025;1.5;10;21.5;2.4;8.51;1.4;0.2;1.1;0.1;0.5;0.05;0.2;0.05;0.05;0.05
53;471601.02;4197811.95;NE1;3561;3840;8049;4800;53259;27370;4980;786;2014;379;114;940;;2;;0.67;8.5;74;62;20;34;18;79;;;8;90;24;216;;0.67;0.167;;;0.7;;4.7;0.167;1;1;1.67;;33;2.3;0.33;6.2;0.33;8.2;28.8;57;;36;4.4;1.1;;1.5;;;;;2.3;0.28
54;484035.03;4107744.99;IB2;3265;2100;6970;8040;20753;22050;1356;524;775;177;82;1030;;0.33;;0.67;2.9;32;28;5;18;15;26;;;9;50;9;204;;0.67;0.167;;;0.4;;0.9;0.167;1;1;1.67;;20;1.1;0.33;4.7;0.33;3.4;12.1;23;;6;1.5;0.5;;0.167;;;;;1.1;0.1
55;359012.96;4214441.99;MP1;2819;1560;6223;3880;19853;22330;1704;437;542;197;45;520;;0.33;;0.67;2.5;27;30;4;12;19;43;;;6;6.67;8;141;;0.67;0.167;;;0.4;;1.7;0.167;1;1;1.67;;16;0.167;0.33;3.6;0.33;3;11.9;24;;8;1.3;0.2;;0.167;;;;;0.8;0.13
56;529100.98;4211187.99;PE1;9497;16320;29789;4200;91006;49700;5850;568;620;576;140;210;;3;;0.67;14.8;133;92;20;51;45;124;;;15;180;31;233;;0.67;0.167;;;1;;8.1;0.167;1;1;25;;30;2;0.33;5.3;0.33;16;51.6;104;;51;7;1.7;;0.167;;;;;2.8;0.33
57;413503.04;4193178.95;MA1;2745;840;3900;960;12918;23240;2136;87;232;95;30;170;;0.33;;0.67;1.8;22;28;3;10;15;15;;;6;6.67;9;373;;0.67;0.167;;;0.3;;0.167;0.167;1;1;1.67;;9;1.2;0.33;8.9;0.33;3.1;11.1;23;;14;1.3;0.3;;0.167;;;;;1.1;0.16
58;497420.04;4176588.97;ET3;24632;21060;13526;32440;86029;70630;8940;2489;1239;720;1086;580;;2;;2;16.1;238;33;34;20;99;94;;;6;6.67;23;156;;0.67;3.3;;;0.7;;0.167;0.167;1;1;1.67;;13;2.7;0.33;3.9;0.33;9.1;59.9;111;;58;6.5;1.9;;0.167;;;;;1.9;0.17
59;309649.03;4210070.97;MT2;4600;1440;6306;2240;25624;24990;2142;349;775;112;40;310;;0.33;;0.67;3.3;32;34;7;15;16;36;;;3;40;12;280;;0.67;0.167;;;0.4;;0.167;0.167;1;1;1.67;;18;1.8;0.33;6.5;0.33;4.3;13.1;26;;20;1.7;0.6;;0.167;;;;;1.3;0.17
60;442090.01;4140728.01;ME1;4748;720;11617;640;22765;17990;540;87;155;322;50;100;;0.33;;0.67;1.3;15;17;2;8;10;17;;;6;6.67;4;54;;0.67;0.167;;;0.2;;1.7;0.167;1;1;9;;12;0.167;0.33;2;0.33;1.7;6.3;11;;1.67;0.8;0.033;;0.167;;;;;0.4;0.06
61;450946.01;4207945.97;CA2;3116;3900;10289;3160;64429;37380;5304;786;1007;161;116;460;;2;;0.67;8.9;94;75;8;21;21;74;;;13;120;20;301;;0.67;0.167;;;1.6;;2.5;0.167;1;1;23;;47;2.8;0.33;7.8;0.33;9;31.9;64;;30;3.7;1.1;;0.167;;;;;2.5;0.35
62;349716.61;4230391.08;N1;100;132000;330;182000;210.41;400;801.02;20;17;4.18;54.69;1800;11.7;1.62;;;0.05;8;5.08;1.43;4;11.25;0.5;;;0.167;5.66;0.5;;;12.48;;;0.0025;1.14;;;1.15;;;;1.1;2.49;1.71;;;;0.0667;0.167;1;;1.67;0.033;0.0667;;0.167;;;;;0.0667;0.0167
63;349036.97;4229132.02;N2;200;122000;330;185000;125.94;50;920.28;40;15;4.19;68.43;1000;8.4;1.46;;;0.05;1;3.64;1.01;4;9.17;0.5;;;0.167;4.32;0.5;;;7.37;;;0.0025;0.53;;;0.89;;;;0.68;1.83;1.06;;;;0.0667;0.167;1;;1.67;0.033;0.0667;;0.167;;;;;0.0667;0.0167
64;340616.01;4221777;N4;100;2400;330;319000;68;300;309.5;200;22;5.06;75.56;1000;5.3;1.86;;;0.05;1;3.65;0.61;15.46;7.4;0.5;;;0.5;2.67;3;;;3.96;;;0.0025;0.76;;;1.25;;;;0.51;1.99;0.18;;;;0.0667;2.4;1;;1.67;0.2;0.0667;;0.167;;;;;0.0667;0.0167
65;300485.7;4228392.41;N5;600;4000;800;293000;3301.18;3800;1663.78;360;512;49.76;575;800;8;2.01;;;1.7;12;10.73;4.3;23.05;44.94;0.5;;;0.8;4.12;11;;;3.15;;;0.0025;0.51;;;1.12;;;;0.52;5.07;0.93;;;;0.8;10.8;11;;8;1.6;0.4;;0.167;;;;;1.1;0.17
66;337114.75;4217717.27;N8;200;52300;1700;239000;5503.95;4200;1567.19;220;79;38.93;51.13;700;5.9;1.59;;;1.3;8;10.26;1.65;14.54;13.47;0.5;;;1.9;8.84;3;;;3.56;;;0.0025;1.05;;;1.13;;;;0.54;7.61;0.5;;;;1.2;4.7;8;;7;0.7;0.0667;;0.167;;;;;0.3;0.06
67;338294.99;4216249.04;N9;100;1900;800;3300;3448;63500;789;410;812;77.26;11.13;100;9.8;1.92;;;2.8;16;13.1;6.37;18.92;11.05;34;;;5.3;4.44;9;;;2.64;;;0.0025;0.64;;;0.75;;;;0.33;7.08;0.32;;;;3.2;11.3;28;;16;2.5;0.5;;0.167;;;;;1.2;0.17
68;338428.21;4211325.96;N10;200;119000;100;182000;182.3;300;928.25;50;26;5.54;77.48;1000;2.8;1.79;;;0.4;8;5.02;0.46;6.64;3.91;0.5;;;1;1.99;4;;;1.69;;;0.0025;0.68;;;0.75;;;;0.39;3.81;2.24;;;;0.0667;1.3;1;;1.67;0.2;0.0667;;0.167;;;;;0.3;0.0167
69;339113.31;4210866.72;N11;100;13800;1800;282000;5016.06;4700;1573.09;100;81;28.37;33.78;700;5.3;1.9;;;1.6;9;8.22;1.82;11.47;8.95;0.5;;;1.5;8.39;5;;;1.69;;;0.0025;0.7;;;0.77;;;;0.45;2.88;0.22;;;;1;4.7;8;;1.67;0.8;0.0667;;0.167;;;;;0.4;0.08
70;339762.66;4199595.94;N12;500;2900;1600;249000;4273.58;5900;1423.58;160;495;237.36;231.32;700;6.1;1.7;;;1.7;8;8;1.52;11.02;13.12;0.5;;;1;5.94;16;;;1.16;;;0.0025;0.39;;;0.47;;;;0.34;3.55;0.21;;;;1;14.8;11;;14;2;0.4;;0.167;;;;;1.5;0.21
71;361021.97;4201749.86;N16;200;600;3300;2600;6299.61;6200;557.59;100;12;123.6;14.15;100;7.9;1.11;;;1.1;14;8.85;0.92;11.07;6.37;8;;;1.7;8.76;3;;;1.14;;;0.0025;0.47;;;4.3;;;;0.32;42.33;0.16;;;;1.9;9.8;20;;11;1.1;0.0667;;0.167;;;;;0.7;0.1
72;359547.44;4202049.75;N17;100;3500;100;312000;189.04;500;1507.8;130;68;10.18;154.36;1100;2.2;1.18;;;0.2;1;3.91;0.63;8.17;4.84;0.5;;;0.167;1.93;3;;;1.29;;;0.0025;0.69;;;1.09;;;;0.47;2.52;0.09;;;;0.0667;1.3;1;;1.67;0.1;0.0667;;0.167;;;;;0.0667;0.0167
73;344384.89;4184703.61;N20;100;700;4600;3400;11033.86;5500;972.31;80;7;45.58;18.38;0.0033;16.4;1.41;;;1.2;10;10.17;0.89;18.37;8.05;12;;;113;11.82;4;;;1.42;;;0.0025;0.72;;;0.34;;;;0.51;4.01;0.37;;;;2.9;11;24;;11;1.4;0.4;;0.167;;;;;0.8;0.1
74;365303.8;4191724.44;N24;7000;11300;16600;155000;22342.52;28900;2464.57;460;1720;130.75;163.13;300;18.8;2.51;;;10.4;38;26.08;10.39;47.8;54.47;48;;;3.9;60.16;29;;;1.55;;;0.0025;0.63;;;0.54;;;;0.61;16.51;0.31;;;;7.1;37;59;;41;6.1;1.5;;0.167;;;;;2.5;0.41
75;409921.04;4202588.89;N34;50;1900;600;302000;352.36;2800;1206.89;110;337;4.65;284.25;800;4.2;1.31;;;1;4;4.85;0.81;8.03;4.35;0.5;;;1.4;3.45;11;;;1.86;;;0.0025;0.64;;;2.5;;;;0.6;2.07;0.61;;;;0.4;12.2;5;;6;1.3;0.4;;0.167;;;;;1.1;0.12
76;412554.16;4199773.02;N35;3400;5900;24900;39800;44188.38;18500;2226.45;270;651;800.6;555.71;0.167;17;3.16;;;7.9;7;4.61;1.57;18.15;7.03;56;;;0.167;85.55;47;;;1.18;;;0.0025;0.85;;;0.86;;;;0.72;16.25;2.8;;;;16.4;45.3;86;;46;6.8;1.4;;1;;;;;5.7;0.8
77;418797.7;4196881.43;N42;50;200;200;189000;142.76;300;607.5;20;22;4.05;442.01;152000;1.4;0.88;;;0.05;1;4.38;0.57;5.35;4.65;0.5;;;0.167;1.5;0.5;;;0.98;;;0.0025;0.48;;;0.57;;;;0.34;1.55;0.04;;;;0.0667;0.167;1;;1.67;0.033;0.0667;;0.167;;;;;0.0667;0.0167
78;404929.04;4191620.04;N45;2300;3200;11400;1500;20500;79500;3652.78;560;355;220.24;80.02;2000;26.3;2.44;;;15;118;48.29;19.39;23.92;15.64;121;;;11.9;51.77;15;;;2.14;;;0.0025;0.75;;;0.5;;;;0.57;17.78;1.27;;;;14.2;51.4;102;;56;9.8;2.3;;0.8;;;;;4.9;0.7
79;531475.86;4222558.5;PE3;350;9600;6700;5000;21200;30000;1020;970;378;131;25.1;830;30.6;0.9;7;0.2;5.9;53;40;10.7;27.7;33.5;97.7;8.82;0.033;2.8;46.3;11.7;1.6;1.9;0.52;0.082;0.03;1.34;0.19;0.0066;1.94;0.09;0.4;3.8;0.0038;0.4;14.6;20;0.02;0.033;0.0167;8.6;29.4;60.7;6.1;23.1;4.8;0.7;4;0.6;2.8;0.4;1.2;0.1;0.9;0.1
80;531280.32;4221388.48;PE4;820;6900;3200;19400;12400;18400;650;780;447;91.1;74.1;830;14.1;0.6;13;0.24;3.1;35;23;7;16.6;26.9;103;4.78;0.033;2.8;24.5;6.32;1.8;2.5;0.77;0.116;0.0066;1.58;0.39;0.0066;1.06;0.3;0.6;2;0.002;0.21;15.2;40;0.04;0.033;0.0167;2.9;14.5;29;2.9;11.1;1.9;0.4;1.9;0.3;1.4;0.2;0.6;0.033;0.5;0.033
81;530005.71;4217422.53;PE5;320;5300;3000;5800;18300;21500;350;730;351;77.3;56.6;830;18.4;1;9;0.19;3.6;35;26;7.9;16;26.7;60.6;6.35;0.033;3.6;22.9;12.3;0.8;1.2;0.82;0.1;0.02;1.18;0.11;0.0066;1.1;0.09;0.5;3.7;0.0037;0.26;13.8;10;0.01;0.033;0.0167;5.1;24.3;49.5;5.2;20.1;4.5;0.9;3.6;0.5;2.6;0.4;1.1;0.1;0.9;0.1
82;529824.63;4218745.68;PE6;520;8900;5400;6200;31300;40800;1380;930;839;193;54.5;830;32.6;1.2;7;0.62;6.3;85;54;18.3;38.5;70.2;92.2;11.1;0.033;7.9;48.4;14.2;5.2;4.6;1.27;0.183;0.07;2.76;0.13;0.11;3.15;0.28;0.6;1.6;0.0016;0.9;22;40;0.04;0.1;0.0167;7.5;36.5;71.9;6.7;23.9;5.5;0.9;3.8;0.6;3;0.5;1.4;0.2;1.2;0.2
83;530198.3;4217336.37;PE8;540;13700;6100;9000;21900;37400;1280;1320;591;112;69.8;830;37.2;0.8;5;0.24;6.3;64;54;17.6;43.8;38.6;74.2;9.14;0.033;4.8;45.3;13.5;1;2.5;0.59;0.109;0.03;1.84;0.07;0.05;3.37;0.17;0.7;1.4;0.0014;0.42;11.3;30;0.03;0.033;0.0167;9.2;26;52.3;5.2;19.3;5.1;0.7;3.7;0.5;2.8;0.4;1.4;0.2;1.2;0.2
